image_id,split,cell_type,label,severity,cell_area_fraction,nucleus_area_fraction,nucleus_cytoplasm_ratio,nucleus_mean_intensity,nucleus_intensity_std,nucleus_mean_saturation,cytoplasm_mean_intensity,cell_eccentricity,cell_solidity,texture_contrast,texture_homogeneity,texture_energy,texture_correlation,edge_density
0,train,carcinoma_in_situ,Abnormal,carcinoma_in_situ,0.7062111801242236,0.5793022574025213,1.3770034843205574,0.3422987429546717,0.022306829324034518,0.38437170856037894,0.4305293226754116,0.3640838423335017,0.9824308755760369,272.9031512605043,0.550207097874737,0.28296818130656837,0.9320046580693082,0.05452946350043975
1,train,carcinoma_in_situ,Abnormal,carcinoma_in_situ,0.5038759689922481,0.5317851959361394,1.1357718536887786,0.4970316718040928,0.016416460718859514,0.21795341649661634,0.5408292534918493,0.8954150739882115,0.9604126010593811,641.6010733452595,0.6574106996407802,0.4731560002643996,0.9261415624672256,0.09608127721335269
2,train,carcinoma_in_situ,Abnormal,carcinoma_in_situ,0.5135493372606774,0.5718382563808432,1.33556597454789,0.5274741180403957,0.015408787691582162,0.18487770660302807,0.570641178309234,0.7128029673569466,0.9592847317744154,457.372619047619,0.6930398618383395,0.47355629534000576,0.952610427196869,0.08689417837682822
3,train,carcinoma_in_situ,Abnormal,carcinoma_in_situ,0.4230769230769231,0.6477764659582841,1.8391061452513966,0.3938516808424463,0.029625423741259132,0.33055128668895173,0.477356265089276,0.8323752534810512,0.8866015352407537,397.5031202563671,0.6981330140082092,0.5607562528447869,0.9313260168020102,0.09563164108618655
4,train,carcinoma_in_situ,Abnormal,carcinoma_in_situ,0.5645161290322581,0.7263339070567987,2.6540880503144653,0.4383680052039774,0.016369239405972034,0.2902668882509088,0.4946268304353188,0.7528362865844132,0.9377017430600387,427.7197088906373,0.6604963845733329,0.4209604105936056,0.934871614125065,0.0657487091222031
5,train,carcinoma_in_situ,Abnormal,carcinoma_in_situ,0.4561589805825243,0.5018290655138011,1.0073431241655542,0.4114328445016178,0.024629092686423968,0.3034411801091591,0.48972178748134776,0.8903586954653916,0.9515822784810126,320.67585784313724,0.7106930162221492,0.5312038057924932,0.9515461893269386,0.07615563684735617
6,train,carcinoma_in_situ,Abnormal,carcinoma_in_situ,0.6386544190665343,0.4931000971817298,0.9727760736196319,0.30484732809323967,0.030518979799665127,0.38667728088642817,0.43669060808372423,0.7836215930743962,0.8769388102948696,451.74264150943395,0.5430653686952394,0.34488850312160224,0.900346107056571,0.07541302235179786
7,train,carcinoma_in_situ,Abnormal,carcinoma_in_situ,0.5548848647440197,0.6462530217566479,1.826879271070615,0.2904392640946653,0.02375309574131077,0.40799490903095836,0.38382997900754834,0.8846423218123283,0.8156424581005587,350.7942176870748,0.6378463184379877,0.4287366431599287,0.9000377135619337,0.043513295729250605
8,train,carcinoma_in_situ,Abnormal,carcinoma_in_situ,0.6114333057166529,0.8951219512195122,8.534883720930232,0.284019188022772,0.022492307624414502,0.40574921256458607,0.37923821249430006,0.7526586332868447,0.9557109557109557,299.72974789915963,0.6080061046210767,0.36948430252565034,0.8903276345261225,0.046341463414634146
9,train,carcinoma_in_situ,Abnormal,carcinoma_in_situ,0.4748431017976811,0.6474014336917563,1.8360864040660736,0.3774585825361287,0.01952929460666283,0.3419973639917945,0.4327606746891896,0.7568979228724384,0.9536423841059603,275.76481361775484,0.6855402208852319,0.5121104330787081,0.9461855385224159,0.07818100358422939
10,train,carcinoma_in_situ,Abnormal,carcinoma_in_situ,0.47561222424610405,0.6872340425531915,2.197278911564626,0.25559307521398655,0.012862630196850888,0.4575858940001251,0.3171287693744165,0.7731673032301827,0.947198710197501,233.42880658436215,0.6854487282107267,0.5033661605380261,0.9061020373357952,0.0574468085106383
11,train,carcinoma_in_situ,Abnormal,carcinoma_in_situ,0.47604395604395605,0.734687596183441,2.769141531322506,0.2861464711632453,0.016549247590565745,0.45645051276120024,0.3626144934261408,0.6100414993016118,0.9567137809187279,235.51113751113755,0.7027131893828099,0.5077014196852864,0.9240743126210262,0.08618036318867343
12,train,carcinoma_in_situ,Abnormal,carcinoma_in_situ,0.2356678486997636,0.6677115987460815,2.009433962264151,0.3479828916505569,0.02512092160204137,0.3631227762736832,0.4325395279319275,0.9159585066136934,0.9499702203692674,236.84557945041814,0.8304216136150174,0.753715899191505,0.9298662718554384,0.14420062695924765
13,train,carcinoma_in_situ,Abnormal,carcinoma_in_situ,0.3217436974789916,0.7241266731962128,2.6248520710059173,0.3133338146006825,0.019055121504458067,0.40778361687961456,0.39871868755075995,0.9026142847857223,0.9304374240583232,175.5688559322034,0.7902623115401852,0.6691906405243667,0.9465666215401187,0.08553705517466537
14,train,carcinoma_in_situ,Abnormal,carcinoma_in_situ,0.41675503711558853,0.771557817359344,3.3774752475247523,0.3439435460809461,0.019125852441373877,0.3745136121374552,0.4211709978644923,0.824517697788319,0.9449639326743254,201.2095509622238,0.7511515223440789,0.5739894301630318,0.9519417865549422,0.08170766186033361
15,train,carcinoma_in_situ,Abnormal,carcinoma_in_situ,0.2049994601015009,0.6636818540953384,1.9733750978856694,0.2809062913165266,0.028193065506391134,0.43516360579846985,0.3985403958419703,0.9331934093659003,0.8613883847549909,132.0751250271798,0.8637990162914443,0.7888423602857497,0.9415914994248378,0.050829602317619176
16,train,carcinoma_in_situ,Abnormal,carcinoma_in_situ,0.38248175182481753,0.7129225736095965,2.48338081671415,0.27172456161661607,0.025437742724654468,0.4423316210386445,0.4028974336629239,0.8423416349195021,0.8612350316975816,254.11197478991596,0.7520557616279204,0.6067504947479775,0.9184721678797001,0.09841875681570338
17,train,carcinoma_in_situ,Abnormal,carcinoma_in_situ,0.25941176470588234,0.782312925170068,3.59375,0.25718709925709415,0.022428111346475727,0.4439605856965556,0.3866417647058824,0.8343604483315854,0.8280579399141631,188.20186440677966,0.8290119756584649,0.7308410309141666,0.9120977734335282,0.07742144476838354
18,train,carcinoma_in_situ,Abnormal,carcinoma_in_situ,0.5071601941747573,0.8513998564249821,5.729468599033816,0.26794779640467764,0.020267740535506666,0.40097500397572083,0.36297111426857376,0.5674889778881054,0.9439801219787667,156.52303921568625,0.6978689483888765,0.48672576755183555,0.941345310197561,0.08231634362287629
19,train,carcinoma_in_situ,Abnormal,carcinoma_in_situ,0.16064586754241927,0.67206132879046,2.0493506493506493,0.3116916692760755,0.02823994130578736,0.3727326102246061,0.46213479908326976,0.963092543398746,0.8718900854066097,99.22420662178871,0.8996427249555303,0.8356830659870929,0.9585177458172088,0.22444633730834754
20,train,carcinoma_in_situ,Abnormal,carcinoma_in_situ,0.5257901013714967,0.6192231358094697,1.626209977661951,0.2826037283631401,0.02124333398868264,0.4261737315745143,0.38030286773830907,0.586595576962383,0.9052874743326489,204.84328808446458,0.6922773662102363,0.4667011066000932,0.9410241759094801,0.10093563935355826
21,train,carcinoma_in_situ,Abnormal,carcinoma_in_situ,0.4428711784083685,0.6266475270781678,1.6784341139461727,0.34295982637953143,0.014274183634786991,0.36982065684829585,0.39204458717985624,0.6024802059013119,0.9418633235004916,165.30839160839162,0.7268691641631437,0.5476624681944112,0.9606799789277598,0.07673235025446953
22,train,carcinoma_in_situ,Abnormal,carcinoma_in_situ,0.5263779527559055,0.450261780104712,0.819047619047619,0.3368536155299329,0.025270807492663014,0.3803680090853529,0.3999636052821129,0.6766840758675768,0.914500683994528,173.8363954505687,0.7140122103388591,0.46614977533235447,0.9616840068450955,0.08137621540762902
23,train,carcinoma_in_situ,Abnormal,carcinoma_in_situ,0.48843012704174227,0.4997677659080353,0.9990714948932219,0.33205463930801565,0.02218852163751305,0.3735019295148824,0.40655283315430785,0.5832195449225648,0.8965852304275402,204.89313501144164,0.6986488605886041,0.5031249927666763,0.9545869937582356,0.1274191051246323
24,train,carcinoma_in_situ,Abnormal,carcinoma_in_situ,0.6365261813537676,0.5738362760834671,1.3465160075329567,0.3111781195667078,0.026704271763528964,0.40346385322634154,0.4069588379306525,0.6163157957698943,0.8610919143054596,362.31899224806205,0.5818951312547506,0.34814544051042645,0.907675490436586,0.05056179775280899
25,train,carcinoma_in_situ,Abnormal,carcinoma_in_situ,0.6052803129074316,0.6483575659666129,1.8437978560490047,0.24849438733632986,0.01886371307677184,0.4522490722803467,0.3303053466654656,0.5796665012842387,0.8897939626257786,356.69860742705566,0.5947582745230187,0.3694808678182838,0.8575706690951128,0.057619816908992996
26,train,carcinoma_in_situ,Abnormal,carcinoma_in_situ,0.528584817244611,0.5695921985815603,1.3233779608650875,0.2805868558785382,0.017768653218215812,0.4323281427007425,0.3489153021950284,0.9173422081453108,0.8683602771362586,238.78598484848484,0.6807839160740853,0.45526522281954535,0.9249444809044072,0.04875886524822695
27,train,carcinoma_in_situ,Abnormal,carcinoma_in_situ,0.5220588235294118,0.763302034428795,3.224793388429752,0.32750416860132064,0.020696817504054183,0.39611270319094005,0.4140215576081673,0.39512223696652987,0.9569449644327968,219.69987572493784,0.6768328388274063,0.4676874977515888,0.9452704206283148,0.0837245696400626
28,train,carcinoma_in_situ,Abnormal,carcinoma_in_situ,0.40931213497728747,0.8474038842647642,5.5532467532467535,0.3068839817311396,0.01757286866204755,0.31151040460340174,0.39999650623885924,0.6253938195773971,0.9707579838399384,222.1141545022142,0.7362894791718734,0.5782536377018493,0.9326086370403446,0.08442330558858502
29,train,carcinoma_in_situ,Abnormal,carcinoma_in_situ,0.4740740740740741,0.61484375,1.5963488843813387,0.2937412023818422,0.013602022373357928,0.3380559579250845,0.3430420578292169,0.6372454166191843,0.9552238805970149,203.04804804804803,0.7073789103664305,0.5102253974697016,0.9363559820622745,0.05625
30,train,carcinoma_in_situ,Abnormal,carcinoma_in_situ,0.47295685026844303,0.68404456590288,2.1650033266799733,0.3074142593730793,0.01864806044408315,0.3295080386126165,0.37145204858257336,0.5315494030669943,0.973996723996724,173.18426334805298,0.7064453761071579,0.5165096655352125,0.9508702483230201,0.0748370821946605
31,train,carcinoma_in_situ,Abnormal,carcinoma_in_situ,0.5760645604395604,0.8059612518628912,4.153609831029186,0.3243757176006497,0.01999401325324443,0.3244326221837165,0.3980751615915183,0.6531038756913745,0.9565217391304348,202.63009431513368,0.6308595535564607,0.41344248242315695,0.9450976687399896,0.035171385991058124
32,train,carcinoma_in_situ,Abnormal,carcinoma_in_situ,0.4811909949164851,0.7401146996679746,2.847851335656214,0.3585725403832006,0.01622776260870247,0.27616626655688115,0.4138253175741841,0.6355647908687594,0.9755594817432274,243.5361552028219,0.6932859217871867,0.5060283109789239,0.9462589416578253,0.10292785994566858
33,train,carcinoma_in_situ,Abnormal,carcinoma_in_situ,0.5058823529411764,0.7493925720236029,2.990304709141274,0.36906982099555896,0.01875715887869316,0.2856483466272727,0.43317020585519533,0.5851759453939289,0.9759485094850948,304.31556503198294,0.6638104446762271,0.47973587741976076,0.9372960652701626,0.08955223880597014
34,train,carcinoma_in_situ,Abnormal,carcinoma_in_situ,0.6339477726574501,0.6130361037072934,1.5842204132748905,0.37087619344338524,0.021767440810992616,0.29578687514290963,0.42930530332608935,0.6600084359743293,0.937102633969119,417.45036621474213,0.5303608644501988,0.3468048459923703,0.911135510174014,0.06857281318148777
35,train,carcinoma_in_situ,Abnormal,carcinoma_in_situ,0.45740295431123323,0.761171610965077,3.1871069182389937,0.3583965702235507,0.023152768053335326,0.2952820805882937,0.42712190652361576,0.6754144527812332,0.9768892149669846,327.5613240418118,0.6627171257024358,0.5256872583264259,0.9285814862404008,0.09575666541494555
36,train,carcinoma_in_situ,Abnormal,carcinoma_in_situ,0.4863542254846603,0.871517027863777,6.783132530120482,0.3374006171420611,0.018637194975576518,0.3052447852768145,0.4195573304984645,0.5231116860696394,0.9787878787878788,286.75896262395116,0.6728678581770806,0.49858056127790706,0.9277916957954184,0.09481424148606811
37,train,carcinoma_in_situ,Abnormal,carcinoma_in_situ,0.7436863092600797,0.5665773011617515,1.3072164948453608,0.23274001855631843,0.010184978320050822,0.3293981586098572,0.27651820982413583,0.7707557330582786,0.8947228144989339,156.82281607904784,0.5638091230272745,0.2501485182907296,0.9015363876637594,0.0247244563598451
38,train,carcinoma_in_situ,Abnormal,carcinoma_in_situ,0.4427331622051094,0.6126449475427941,1.5816108339272987,0.33091426415361097,0.019932931328111657,0.34526500786235376,0.39912730479504704,0.6099668388179618,0.8847093307278945,266.02987654320987,0.7224252646516105,0.5429491167059849,0.9359373572823313,0.04638321369409166
39,train,carcinoma_in_situ,Abnormal,carcinoma_in_situ,0.677378754824635,0.4010900532639663,0.6697001034126163,0.3526002179994913,0.023099084543686227,0.3818219974262144,0.40399321775452685,0.7453675114337959,0.8419899874843555,339.5148514851485,0.5997944841570813,0.3092424178526552,0.9190721934064318,0.042735042735042736
40,train,carcinoma_in_situ,Abnormal,carcinoma_in_situ,0.635226264418811,0.6922754574661265,2.2496595551520655,0.277451589200652,0.026038908529800585,0.320926911221217,0.3993612613815386,0.55191401301099,0.8457176609568813,388.8139097744361,0.5749721173026641,0.3483303731580479,0.8810778540792285,0.05894678027657494
41,train,carcinoma_in_situ,Abnormal,carcinoma_in_situ,0.635226264418811,0.6922754574661265,2.2496595551520655,0.277451589200652,0.026038908529800585,0.320926911221217,0.3993612613815386,0.55191401301099,0.8457176609568813,388.8139097744361,0.5749721173026641,0.3483303731580479,0.8810778540792285,0.05894678027657494
42,train,carcinoma_in_situ,Abnormal,carcinoma_in_situ,0.31127178346310713,0.6762954139368672,2.0892364305427784,0.44709837179786055,0.019932492563932706,0.187882955897167,0.5141439767664194,0.7704697225076953,0.9520839240147434,273.4589580209896,0.7872226803557666,0.6787156463778469,0.9556764412434863,0.14711137581893985
43,train,carcinoma_in_situ,Abnormal,carcinoma_in_situ,0.31127178346310713,0.6762954139368672,2.0892364305427784,0.44709837179786055,0.019932492563932706,0.187882955897167,0.5141439767664194,0.7704697225076953,0.9520839240147434,273.4589580209896,0.7872226803557666,0.6787156463778469,0.9556764412434863,0.14711137581893985
44,train,carcinoma_in_situ,Abnormal,carcinoma_in_situ,0.4153335703282379,0.6134094151212554,1.5867158671586716,0.3894713349749202,0.020414220632780238,0.26521362999901177,0.4448220609217857,0.8769855150109731,0.8193080878915381,223.80806992337168,0.7417979296398882,0.577416741929965,0.9581288867700473,0.11241084165477888
45,train,carcinoma_in_situ,Abnormal,carcinoma_in_situ,0.4153335703282379,0.6134094151212554,1.5867158671586716,0.3894713349749202,0.020414220632780238,0.26521362999901177,0.4448220609217857,0.8769855150109731,0.8193080878915381,223.80806992337168,0.7417979296398882,0.577416741929965,0.9581288867700473,0.11241084165477888
46,train,carcinoma_in_situ,Abnormal,carcinoma_in_situ,0.257928674825635,0.7691326530612245,3.3314917127071824,0.4345238456085586,0.01867842347238647,0.2190722735995018,0.5009692783013758,0.3436014126989523,0.9707776126795443,190.74184331184796,0.8323142867636433,0.7348002658966882,0.9623556143557825,0.1377551020408163
47,train,carcinoma_in_situ,Abnormal,carcinoma_in_situ,0.257928674825635,0.7691326530612245,3.3314917127071824,0.4345238456085586,0.01867842347238647,0.2190722735995018,0.5009692783013758,0.3436014126989523,0.9707776126795443,190.74184331184796,0.8323142867636433,0.7348002658966882,0.9623556143557825,0.1377551020408163
48,train,carcinoma_in_situ,Abnormal,carcinoma_in_situ,0.5554919908466819,0.43934088568486096,0.7836149889786921,0.40680621972183156,0.029658121242192907,0.2634822508060192,0.5171901481033266,0.815565088022033,0.8183733670459334,486.39856032248775,0.6308517705105255,0.43077797743320106,0.932951460171006,0.09536560247167868
49,train,carcinoma_in_situ,Abnormal,carcinoma_in_situ,0.5554919908466819,0.43934088568486096,0.7836149889786921,0.40680621972183156,0.029658121242192907,0.2634822508060192,0.5171901481033266,0.815565088022033,0.8183733670459334,486.39856032248775,0.6308517705105255,0.43077797743320106,0.932951460171006,0.09536560247167868
50,train,carcinoma_in_situ,Abnormal,carcinoma_in_situ,0.41128899158276944,0.6681380417335474,2.0133010882708584,0.28950017217217217,0.0198839964198495,0.3662544214728558,0.3628353443820092,0.5263334003010784,0.7492483463619964,263.2745983935743,0.7164916900421837,0.5732453167947996,0.9166320026664176,0.04333868378812199
51,train,carcinoma_in_situ,Abnormal,carcinoma_in_situ,0.41128899158276944,0.6681380417335474,2.0133010882708584,0.28950017217217217,0.0198839964198495,0.3662544214728558,0.3628353443820092,0.5263334003010784,0.7492483463619964,263.2745983935743,0.7164916900421837,0.5732453167947996,0.9166320026664176,0.04333868378812199
52,train,carcinoma_in_situ,Abnormal,carcinoma_in_situ,0.5625,0.6048581048581049,1.5307364576993305,0.29798743008614975,0.024101904538625363,0.36427969665171145,0.393512092895588,0.4465527247169602,0.9415760869565217,195.88225629791896,0.631587117036323,0.4277670570118131,0.9480557881147458,0.045935545935545934
53,train,carcinoma_in_situ,Abnormal,carcinoma_in_situ,0.5625,0.6048581048581049,1.5307364576993305,0.29798743008614975,0.024101904538625363,0.36427969665171145,0.393512092895588,0.4465527247169602,0.9415760869565217,195.88225629791896,0.631587117036323,0.4277670570118131,0.9480557881147458,0.045935545935545934
54,train,carcinoma_in_situ,Abnormal,carcinoma_in_situ,0.8078470824949698,0.40556247405562473,0.6822625698324022,0.38935610933831055,0.01922279638658012,0.2744003386400136,0.4394992397852996,0.35328731086031273,0.9171901770416905,375.1803835058545,0.48819156995670476,0.18396807055651324,0.8942067933335568,0.0676629306766293
55,train,carcinoma_in_situ,Abnormal,carcinoma_in_situ,0.8078470824949698,0.40556247405562473,0.6822625698324022,0.38935610933831055,0.01922279638658012,0.2744003386400136,0.4394992397852996,0.35328731086031273,0.9171901770416905,375.1803835058545,0.48819156995670476,0.18396807055651324,0.8942067933335568,0.0676629306766293
56,train,carcinoma_in_situ,Abnormal,carcinoma_in_situ,0.6255641521598968,0.4148415356866787,0.7089387934830471,0.307248126172208,0.021591357482229692,0.34700334002794625,0.3778499843724368,0.6326474552583725,0.7671476576398498,445.6423916585207,0.6073360367938873,0.35166975136698325,0.8820184053462229,0.043287812419479516
57,train,carcinoma_in_situ,Abnormal,carcinoma_in_situ,0.6255641521598968,0.4148415356866787,0.7089387934830471,0.307248126172208,0.021591357482229692,0.34700334002794625,0.3778499843724368,0.6326474552583725,0.7671476576398498,445.6423916585207,0.6073360367938873,0.35166975136698325,0.8820184053462229,0.043287812419479516
58,train,carcinoma_in_situ,Abnormal,carcinoma_in_situ,0.5635683760683761,0.5143759873617694,1.0592062459336369,0.2578269277833984,0.008373220036330405,0.4050490022981784,0.28844433388189367,0.8172164852351992,0.7766871165644171,283.5822510822511,0.6684682669324711,0.41294948590218333,0.8798366146876268,0.04296998420221169
59,train,carcinoma_in_situ,Abnormal,carcinoma_in_situ,0.5635683760683761,0.5143759873617694,1.0592062459336369,0.2578269277833984,0.008373220036330405,0.4050490022981784,0.28844433388189367,0.8172164852351992,0.7766871165644171,283.5822510822511,0.6684682669324711,0.41294948590218333,0.8798366146876268,0.04296998420221169
60,train,carcinoma_in_situ,Abnormal,carcinoma_in_situ,0.692151344590369,0.5775920487915067,1.367379679144385,0.32189106136940504,0.017481194905940994,0.3523254047203023,0.3883621944007549,0.4465463368025948,0.7891265597147951,293.6708900855242,0.586084072463304,0.2995069669004167,0.9157639257308952,0.07680144567427151
61,train,carcinoma_in_situ,Abnormal,carcinoma_in_situ,0.35736263736263735,0.5581180811808119,1.2630480167014613,0.3383107913358181,0.03524823598741667,0.28255553565303554,0.47979830147229385,0.6654823649575746,0.7578652994639944,418.51085271317834,0.7447976808887374,0.6313331062175925,0.9168635275910906,0.16359163591635917
62,train,carcinoma_in_situ,Abnormal,carcinoma_in_situ,0.4081494517395424,0.5565505804311774,1.2550486163051608,0.34073715814812217,0.02263830699218174,0.34376983043608134,0.4282757634153137,0.726342280657682,0.8741664250507394,207.29696056955095,0.7445221064355959,0.5825111988218581,0.9551135489678603,0.1296849087893864
63,train,carcinoma_in_situ,Abnormal,carcinoma_in_situ,0.44551282051282054,0.49393627954779035,0.9760357432981316,0.43994886032981645,0.023661965392441163,0.19736717497128758,0.5090368828148645,0.5839481830003324,0.813953488372093,317.11048446745565,0.7274015241743685,0.5476563092924347,0.9565583920806471,0.14244604316546763
64,train,carcinoma_in_situ,Abnormal,carcinoma_in_situ,0.6311627906976744,0.39474330631294524,0.6521915584415584,0.3475212689581122,0.03358648190139057,0.3226624656542534,0.4422678705118411,0.4908389089150436,0.7998035363457761,421.9170196078431,0.5857185202915748,0.35281334504214945,0.9181547228072888,0.07246376811594203
65,train,carcinoma_in_situ,Abnormal,carcinoma_in_situ,0.6080208333333333,0.46907658043515504,0.8835108099386899,0.41527412566779826,0.021050631402213298,0.22161106890633825,0.5011296003138267,0.842230802979966,0.8997995991983968,351.28902887139105,0.6503210017524351,0.3827542631760354,0.9476234372300715,0.11050197019016618
66,train,carcinoma_in_situ,Abnormal,carcinoma_in_situ,0.40478686233403216,0.59775571860164,1.4860515021459229,0.3709500264741275,0.023676819156665255,0.31409091605623135,0.4512662471598082,0.6052348603816944,0.9100549882168106,233.31793334508905,0.7665115386885764,0.5850802356835182,0.954956868556209,0.14069917997410444
67,train,carcinoma_in_situ,Abnormal,carcinoma_in_situ,0.4442451137758474,0.5721572794899044,1.3373075012419275,0.37541111820062345,0.021110033159246668,0.286141533591571,0.4491885154339928,0.7758770723604295,0.8706513693560326,287.62197676633025,0.7237087345963336,0.5435821231998684,0.9465929303391365,0.12412327311370883
68,train,carcinoma_in_situ,Abnormal,carcinoma_in_situ,0.4482881916510235,0.4546360917248255,0.8336380255941499,0.4025360959752322,0.023783194474863895,0.24695155094042998,0.47721509208875507,0.6948408687276171,0.8779761904761905,341.120670995671,0.7463422346659434,0.5399729939712642,0.94653841739874,0.08654037886340978
69,train,carcinoma_in_situ,Abnormal,carcinoma_in_situ,0.35062752129090097,0.4234579737935443,0.7344789356984479,0.44514969204587496,0.02820197932068744,0.1956326846439093,0.522158954828051,0.7207854194815414,0.8273400317292438,447.82224991503347,0.7788009256513649,0.6346888528619328,0.937561990356683,0.13678491530840525
70,train,carcinoma_in_situ,Abnormal,carcinoma_in_situ,0.4592746730083234,0.3564185544768069,0.5538048944016091,0.4068651046859421,0.03235918534834644,0.21955414306440793,0.5016829960626558,0.7525708180655543,0.8535911602209945,350.3913043478261,0.7179771909424375,0.5305776775834828,0.9513783200985675,0.0686084142394822
71,train,carcinoma_in_situ,Abnormal,carcinoma_in_situ,0.7162393162393162,0.509307875894988,1.0379377431906616,0.3927273392506018,0.02811996609337402,0.23467607618695832,0.4602626478217746,0.5529432502626215,0.8689340522604728,557.1857241857241,0.53654834388543,0.26522080733617354,0.8856295013736396,0.07040572792362769
72,train,carcinoma_in_situ,Abnormal,carcinoma_in_situ,0.417629179331307,0.4002911208151383,0.6674757281553398,0.41167069019607844,0.034116203158483925,0.2406685460447353,0.5109303174376547,0.8320618403491719,0.9453044375644994,210.11441910301548,0.7598873179004392,0.5759269550307899,0.9706596142726384,0.14483260553129548
73,train,carcinoma_in_situ,Abnormal,carcinoma_in_situ,0.5413888888888889,0.5708910552420045,1.3304105221203666,0.44627607044255685,0.020891112798082624,0.20658088061449667,0.5201723752139357,0.715326437559685,0.9430645161290323,397.3918817807707,0.6712197405634408,0.4457689693775512,0.946528415523407,0.060885924405678124
74,train,carcinoma_in_situ,Abnormal,carcinoma_in_situ,0.4107246376811594,0.6278522700541049,1.6871049304677623,0.34618698756235355,0.022108003583077268,0.32911867562050284,0.42463069829701794,0.6934562182158047,0.90891597177678,266.62872496336104,0.7300984123598733,0.5787469502512415,0.9407898645249391,0.10491649023759116
75,train,carcinoma_in_situ,Abnormal,carcinoma_in_situ,0.6322339011719222,0.5620103191286069,1.2831588132635252,0.3397246714802888,0.024038498439993675,0.3056698492576233,0.4258219053485268,0.6472599062622769,0.9110376044568245,339.02003910068424,0.61320215597782,0.3522381729929909,0.923622430858343,0.07395375501624307
76,train,carcinoma_in_situ,Abnormal,carcinoma_in_situ,0.42386968085106386,0.581437908496732,1.3891317926296065,0.33391236140499364,0.023999118208475737,0.3390328010093084,0.42330774246488106,0.5505534608040329,0.947485756750062,251.8447928331467,0.7378737522357408,0.5633661776313903,0.9439026514073445,0.07607843137254902
77,train,carcinoma_in_situ,Abnormal,carcinoma_in_situ,0.7118773946360153,0.6980624327233584,2.3119429590017826,0.3934708225618698,0.02581615183027141,0.2479881721310146,0.4789491943658033,0.6150153078261902,0.9317953861584755,416.1670565302144,0.5416498301978123,0.2758404794218251,0.9136353125230817,0.07884822389666307
78,train,carcinoma_in_situ,Abnormal,carcinoma_in_situ,0.544485294117647,0.6954760297096556,2.2838137472283813,0.3148175275080906,0.019327757976532727,0.4529908598487679,0.3797799965218903,0.5761176212558398,0.9522584793441569,139.1925925925926,0.6832891691629996,0.4510394991584411,0.9620031539941705,0.1012829169480081
79,train,carcinoma_in_situ,Abnormal,carcinoma_in_situ,0.6053389455028799,0.4999085086916743,0.9996341017197219,0.33017995923405963,0.028548671580827294,0.349038130147935,0.4247965289884707,0.8182964667959534,0.9525884608680495,205.8663167299531,0.6383629604241516,0.3859717720678353,0.9553508866077243,0.08197621225983531
80,train,carcinoma_in_situ,Abnormal,carcinoma_in_situ,0.6132268632268633,0.5500834724540902,1.2226345083487942,0.38206267940135086,0.020006595850788702,0.3542047614610882,0.4416318963949217,0.7125543761720375,0.9320056013692236,295.8554752066117,0.657584645721259,0.3758613153352562,0.9429803684997412,0.06560934891485809
81,train,carcinoma_in_situ,Abnormal,carcinoma_in_situ,0.6380597014925373,0.6357069143446853,1.745042492917847,0.3195810805534335,0.022485765978730154,0.3833103911434608,0.39903265900127755,0.37593131171203353,0.9512434554973822,347.0452317290553,0.567075310886935,0.3425804131703839,0.9071734571225165,0.05503955968352253
82,train,carcinoma_in_situ,Abnormal,carcinoma_in_situ,0.8058783321941216,0.6698897370653096,2.0292908530318603,0.3745914504044211,0.019788294618101974,0.3548964751522222,0.45363080345807394,0.5954458614180062,0.969731863793387,253.73970710140912,0.5442561417848089,0.19084155187792792,0.924431381347592,0.06683630195080577
83,train,carcinoma_in_situ,Abnormal,carcinoma_in_situ,0.5485781219496323,0.6358244365361803,1.745928338762215,0.3927412525607258,0.02637622400440242,0.306671554440036,0.475890131698282,0.3913196088818963,0.9568671963677639,278.7629265091864,0.6756521904062667,0.4404866517258468,0.9524289360202138,0.05539739027283511
84,train,carcinoma_in_situ,Abnormal,carcinoma_in_situ,0.4488558352402746,0.6349732347693092,1.7395251396648044,0.3476614655111342,0.017904607921508626,0.3839106103073689,0.42106916201117317,0.5672770947326594,0.9369476952471937,262.2537002775208,0.7290057876390683,0.5377971007563433,0.9425485302881662,0.10808055059903135
85,train,carcinoma_in_situ,Abnormal,carcinoma_in_situ,0.7919607843137255,0.5001237930180737,1.0004952947003467,0.3695841017278198,0.026401724384134774,0.361369609490416,0.45710154823296334,0.6869591867223919,0.9589268755935423,309.1852442671984,0.4994313560637956,0.20026870377010497,0.9196298559123137,0.06858133201287447
86,train,carcinoma_in_situ,Abnormal,carcinoma_in_situ,0.638095238095238,0.5286358903158626,1.1215022091310751,0.3876836434797163,0.02052328115266825,0.33585714414119067,0.4467792078893414,0.6729477112346699,0.9458305975049245,327.344588550984,0.6407135990545618,0.3501169222231925,0.9372226889672812,0.061263450190905934
87,train,carcinoma_in_situ,Abnormal,carcinoma_in_situ,0.6064372918978912,0.6363469985358712,1.7498741821841972,0.34178316939890707,0.027764712567736202,0.3602031655543147,0.41915926423714933,0.6550832411028975,0.9409333562941278,243.61871148459383,0.6315478036066802,0.38387978048668236,0.944161266595674,0.09242313323572475
88,train,carcinoma_in_situ,Abnormal,carcinoma_in_situ,0.5577524893314367,0.7332313185411885,2.748565965583174,0.41575973074168804,0.015796010290757254,0.2370973787301514,0.4657419825291494,0.7341329595717345,0.9477882523567803,358.2881038211969,0.6702047257283803,0.42832264790760133,0.939106301947684,0.06452435603162458
89,train,carcinoma_in_situ,Abnormal,carcinoma_in_situ,0.5099380905832519,0.3952076677316294,0.653460116217644,0.30286022159874454,0.01592675085577494,0.42889705332903394,0.343927082439949,0.816090654217277,0.8787198203256598,188.33992094861662,0.687816401737119,0.479728270252062,0.9460054909649328,0.06549520766773163
90,train,carcinoma_in_situ,Abnormal,carcinoma_in_situ,0.6047453703703703,0.6311961722488039,1.7114686040477427,0.3392235229907609,0.027821553288203675,0.3791303375596479,0.41696303387364286,0.685906997485679,0.9515570934256056,247.52429906542056,0.6251214959612224,0.3853343180725363,0.9427614188462092,0.08937799043062201
91,train,carcinoma_in_situ,Abnormal,carcinoma_in_situ,0.5183232608975183,0.7427437360456463,2.887174541947927,0.4096281441314,0.015517736702575854,0.252853824128974,0.4641205226237072,0.7298367953800833,0.9405039664022399,335.4124544033351,0.687014423395147,0.4692763033623566,0.9423839056315282,0.07169436864301662
92,train,carcinoma_in_situ,Abnormal,carcinoma_in_situ,0.49671669793621015,0.6956248032735285,2.2854188210961737,0.37548475805163695,0.017831062235289644,0.3342174330503051,0.4339399006427804,0.7254172779794761,0.9399408284023668,355.68945868945866,0.6784790478911769,0.4869062294091094,0.9294767258672737,0.042492917847025496
93,train,carcinoma_in_situ,Abnormal,carcinoma_in_situ,0.5988888888888889,0.6091527520098948,1.5585443037974684,0.29264682790882857,0.02495576644805418,0.37208944430159957,0.3812929895755771,0.42818245823564355,0.9820832068023079,194.17953051643195,0.6420784117212531,0.39143577012421055,0.9444697655855195,0.05318491032776747
94,train,carcinoma_in_situ,Abnormal,carcinoma_in_situ,0.5572727272727273,0.5812941816204459,1.3883116883116884,0.3335115093820503,0.0278865214145865,0.3925770587542741,0.41968856226126816,0.8116656462932353,0.9656077710685219,160.03708812260535,0.6696742694445497,0.43538285137572885,0.9645186973332326,0.09135399673735727
95,train,carcinoma_in_situ,Abnormal,carcinoma_in_situ,0.5136235515189477,0.6817073170731708,2.1417624521072796,0.27477485332117346,0.02092627282628059,0.3031694093385529,0.3660645741617209,0.3453639171542538,0.9641387419165197,133.30750579801816,0.6993806178105713,0.48030728480338675,0.9573439169451162,0.06808943089430894
96,train,carcinoma_in_situ,Abnormal,carcinoma_in_situ,0.6508323765786452,0.5276736493936053,1.1171802054154996,0.34685698811074783,0.030130092649473104,0.26842109300799893,0.43167172149905714,0.7147705116613523,0.969224193203676,236.0712940153601,0.6297734843926495,0.34035880086280096,0.9485416948491371,0.05248070562293274
97,train,carcinoma_in_situ,Abnormal,carcinoma_in_situ,0.5540350877192982,0.7875237492083598,3.706408345752608,0.28007213352570626,0.016340349922548018,0.3341715995869957,0.34819546126647377,0.8161911632785341,0.9132446500867554,203.60656028368794,0.6568730182664463,0.4322619763830124,0.9279907667426303,0.07726409119696011
98,train,carcinoma_in_situ,Abnormal,carcinoma_in_situ,0.538974358974359,0.7234379955597844,2.6158256880733943,0.312485940291066,0.017188927644770577,0.3153403282794739,0.381172772980752,0.69704708310429,0.9630421502748931,211.16594641313742,0.662653320250665,0.4497301757547219,0.9413549195745283,0.05835712020298129
99,train,carcinoma_in_situ,Abnormal,carcinoma_in_situ,0.4943952802359882,0.6157517899761337,1.6024844720496894,0.283312947256422,0.0174818299103773,0.3235406392218982,0.3493458896602119,0.8269956675863359,0.888967468175389,185.76964285714288,0.6721156844657494,0.49541608618462457,0.9412156714130795,0.08671439936356404
100,train,carcinoma_in_situ,Abnormal,carcinoma_in_situ,0.18911745189117452,0.8105263157894737,4.277777777777778,0.30493885861415276,0.026945147275085193,0.34637331899773083,0.4327977987573631,0.7579684718266464,0.9745440729483282,153.45791747355875,0.8697061288117253,0.8040756272516016,0.9314705010624375,0.1996101364522417
101,train,carcinoma_in_situ,Abnormal,carcinoma_in_situ,0.44506452738053714,0.768025078369906,3.310810810810811,0.2774675862344938,0.026280134967155287,0.36226081259532783,0.38887074191838905,0.6128750551831547,0.9465875370919882,349.87517730496455,0.680729577618914,0.5341238412134662,0.8875499512241556,0.07993730407523511
102,train,carcinoma_in_situ,Abnormal,carcinoma_in_situ,0.27140495867768594,0.6601705237515225,1.9426523297491038,0.2676964351349396,0.02519302298545339,0.38083754059573416,0.3672725630754094,0.8293839890244257,0.7833969465648855,304.4377104377105,0.7830297803592551,0.7139653133131285,0.873858565234949,0.12423873325213154
103,train,carcinoma_in_situ,Abnormal,carcinoma_in_situ,0.44715447154471544,0.7167464114832536,2.5304054054054053,0.27689286054608764,0.018539609363165743,0.3729830654390815,0.35851512188659246,0.7653027221690012,0.8837209302325582,302.2042682926829,0.6623688875065564,0.5311673645964378,0.8985475345351135,0.10047846889952153
104,train,carcinoma_in_situ,Abnormal,carcinoma_in_situ,0.2361308677098151,0.7914156626506024,3.7942238267148016,0.25958545400272387,0.018180843390550674,0.3811995421234679,0.3615133290861471,0.8448767745845511,0.9623188405797102,157.91636625811103,0.836459490929058,0.7533881117314994,0.9173908208584873,0.18599397590361447
105,train,carcinoma_in_situ,Abnormal,carcinoma_in_situ,0.4203813104189044,0.5193229000319387,1.0803986710963456,0.4143176837180137,0.0237810484280038,0.24695979164377077,0.4764926073871409,0.9145486456435787,0.9613140927233651,317.9970157352143,0.706324990405097,0.5669296203234824,0.9495224197385129,0.07761098690514212
106,train,carcinoma_in_situ,Abnormal,carcinoma_in_situ,0.551731893837157,0.6367713004484304,1.7530864197530864,0.35603276442971554,0.027163776429726873,0.3041727268628452,0.4380667212429304,0.6632946854199796,0.9427363566487318,504.88003663003667,0.6137436619834273,0.423618476289879,0.8968341126104719,0.09253974724826743
107,train,carcinoma_in_situ,Abnormal,carcinoma_in_situ,0.4083840432724814,0.6350993377483444,1.7404718693284937,0.361403451716453,0.019191088857006457,0.31234813539714085,0.4184237037827836,0.5881257090290647,0.975452196382429,246.65790914066775,0.7197041338324104,0.5785179103413274,0.9466996212596096,0.1228476821192053
108,train,carcinoma_in_situ,Abnormal,carcinoma_in_situ,0.25317725752508363,0.38969616908850724,0.6385281385281385,0.38273201462279827,0.03226468297354885,0.2864617934314441,0.4796743773873186,0.878902680785925,0.951403435274403,194.69969666329627,0.8403515801091513,0.739726189245343,0.9601763045634774,0.10788199031263761
109,train,carcinoma_in_situ,Abnormal,carcinoma_in_situ,0.17340884573894283,0.5443234836702955,1.1945392491467577,0.3806609761344538,0.026087011962907924,0.2772168320593054,0.4610946551562605,0.8569938155041885,0.9506209343583678,155.57211328976038,0.8736089996603597,0.8203110717434797,0.9528043294709554,0.15800933125972005
110,train,carcinoma_in_situ,Abnormal,carcinoma_in_situ,0.5522894290559638,0.7270556124189697,2.66375,0.4092612736356861,0.01822341296754637,0.2809701226991961,0.47037085686274516,0.8068883218816852,0.9319554848966614,542.5214559386973,0.6079201615780607,0.4243225395759994,0.9069910344213739,0.09791879904469464
111,train,carcinoma_in_situ,Abnormal,carcinoma_in_situ,0.5376692733168034,0.6566158212131962,1.912190082644628,0.32806573065963285,0.018761698702713478,0.41288701492461005,0.39257806352292984,0.913241744963098,0.9396666666666667,216.52753176742397,0.6723075635084141,0.45046583259032813,0.9460327046714807,0.05321035828307911
112,train,carcinoma_in_situ,Abnormal,carcinoma_in_situ,0.5577330508474576,0.7274453941120608,2.6689895470383274,0.27707778528643834,0.020851479539478565,0.43192891565542996,0.3695369255995081,0.4202778348898384,0.9208570179274158,329.44504310344826,0.6369663190002801,0.42196672419927767,0.8914346447848287,0.06742640075973409
113,train,carcinoma_in_situ,Abnormal,carcinoma_in_situ,0.46222527472527475,0.6365527488855869,1.7514309076042518,0.4096691415389686,0.015153039921086171,0.30999155633814085,0.4579926936334633,0.8710759497645314,0.9505649717514124,327.03472222222223,0.7117602773115637,0.5232754689789931,0.9446155615115132,0.030609212481426448
114,train,carcinoma_in_situ,Abnormal,carcinoma_in_situ,0.5601822752985544,0.4622720897615708,0.8596765779864372,0.4991800185608224,0.026882769362736522,0.15731552699714302,0.5654810584348504,0.656920508119978,0.9637739929710732,592.4835935011149,0.6573066110106645,0.4212115009534344,0.9354627192397759,0.06788218793828892
115,train,carcinoma_in_situ,Abnormal,carcinoma_in_situ,0.4735520589219953,0.591728525980912,1.4493506493506494,0.406396617237098,0.021254286873190312,0.2835562044898212,0.4694224856973093,0.8790070583432797,0.9528460761199057,298.36308316430024,0.7071510397738551,0.5143953255955174,0.9510542981757558,0.0576175326970661
116,train,carcinoma_in_situ,Abnormal,carcinoma_in_situ,0.4,0.5963622291021672,1.4774688398849474,0.362238197758013,0.02878403235806696,0.34435903536157647,0.4595660180850864,0.9356285034465388,0.936231884057971,402.8556166535742,0.7047488101747562,0.5835104195475257,0.9220599701411795,0.14551083591331268
117,train,carcinoma_in_situ,Abnormal,carcinoma_in_situ,0.6992296918767507,0.5443164747120681,1.1945054945054945,0.4623144340422462,0.01915679655340491,0.18985824355472405,0.5139847097608274,0.5927416484096815,0.8887405429461505,638.2981520966596,0.5350633332170139,0.28358245137518706,0.9007390541518516,0.04807210816224337
118,train,carcinoma_in_situ,Abnormal,carcinoma_in_situ,0.5387793427230047,0.59149529452771,1.4479522184300342,0.37947591805608516,0.025136162145127188,0.32682750843218433,0.472965041825604,0.7760684849235834,0.9183738796414853,516.287780738485,0.6305066150679481,0.4413445920582849,0.9106128246406532,0.10073196235622169
119,train,carcinoma_in_situ,Abnormal,carcinoma_in_situ,0.5452685421994885,0.6813633520950594,2.138370951913641,0.34500436141781177,0.02052118306683488,0.39807998005901785,0.428711255556197,0.6812215617901002,0.9649969824984912,291.4209799861974,0.6663330661344525,0.43980727854393215,0.9358695377188776,0.06285178236397748
120,train,carcinoma_in_situ,Abnormal,carcinoma_in_situ,0.618828932261768,0.4873222016079159,0.9505428226779252,0.38648019309246545,0.024782937501906396,0.3395140835631645,0.46253654958726564,0.5589165557167145,0.9522968197879859,374.25373134328356,0.602160072715321,0.36665377221825757,0.9336874705963272,0.06957328385899815
121,train,carcinoma_in_situ,Abnormal,carcinoma_in_situ,0.4080104200586128,0.6743814844373504,2.071078431372549,0.36966400881772826,0.020282534993620843,0.28438179258572116,0.44075843137254905,0.8012824319243317,0.9467321496033245,287.863216875412,0.7387592014135824,0.5778478502204508,0.9413192484978082,0.08260175578611333
122,train,carcinoma_in_situ,Abnormal,carcinoma_in_situ,0.652073732718894,0.5481448763250883,1.2130987292277615,0.33716137333902135,0.01770447299991826,0.33489654106671574,0.3953571793839726,0.6070474377739192,0.9725085910652921,303.28190866510533,0.5843647017727606,0.33342313855556505,0.9228433128836788,0.07243816254416961
123,train,carcinoma_in_situ,Abnormal,carcinoma_in_situ,0.46788990825688076,0.5761437908496732,1.3592906707787202,0.3988041271006418,0.022510889900709208,0.24714049711574324,0.4759028944623339,0.8314581223854602,0.9326424870466321,439.62618566319395,0.6903116131166994,0.515826955436307,0.9279458090557225,0.06601307189542484
124,train,carcinoma_in_situ,Abnormal,carcinoma_in_situ,0.3891831166746911,0.7847422680412371,3.6455938697318007,0.2889680595138739,0.025652331309512947,0.38701639579354385,0.4116872286079183,0.7767991651436981,0.9078996630475478,342.6484196806778,0.702698888424124,0.5928259795066924,0.8939041467385871,0.08948453608247423
125,train,carcinoma_in_situ,Abnormal,carcinoma_in_situ,0.7417820069204152,0.6603498542274052,1.944206008583691,0.27345269203133793,0.030313540195981672,0.35393147219663423,0.39697073197004124,0.6527576607570242,0.8953275907073871,363.8942054433714,0.47928701768184184,0.24256695777423426,0.8721806866972583,0.06034985422740525
126,train,carcinoma_in_situ,Abnormal,carcinoma_in_situ,0.6750936329588015,0.6513176144244105,1.86793953858393,0.2877101062230685,0.02431735069520816,0.3569618553965902,0.391028532297565,0.7393566893303203,0.8564979805179378,358.0209483907827,0.5302212371019217,0.30670329289588055,0.8883105986271728,0.04022191400832178
127,train,carcinoma_in_situ,Abnormal,carcinoma_in_situ,0.5036824877250409,0.5507717303005687,1.2260397830018084,0.30852574854917386,0.04027624496559266,0.338504521000491,0.4321277268375705,0.6927262711886079,0.8456606365926265,438.60279082619513,0.6198467886426963,0.47887595372758046,0.9050117120089833,0.08827511508258869
128,train,carcinoma_in_situ,Abnormal,carcinoma_in_situ,0.35858585858585856,0.7012072434607646,2.346801346801347,0.2792767755366135,0.030884748795364337,0.3350106761426324,0.4092722690961907,0.8568638120662848,0.9040472942246476,350.1060910920065,0.7312644635921941,0.6240132961875857,0.8916283486834136,0.0925553319919517
129,train,carcinoma_in_situ,Abnormal,carcinoma_in_situ,0.7437641723356009,0.6847560975609757,2.172147001934236,0.30474036072844096,0.022569650220045704,0.3398417602262036,0.3998560799484204,0.42363086574618486,0.8045131223939171,493.6718894009217,0.4860961714751899,0.2382484579590173,0.8336659892717643,0.04024390243902439
130,train,carcinoma_in_situ,Abnormal,carcinoma_in_situ,0.536672140120416,0.6547679755226925,1.896602658788774,0.3173177551768371,0.019814973594798727,0.3587425835241448,0.39341734758305097,0.6720214449115943,0.8027015963978714,385.4842662211083,0.6154276802949051,0.4423564813824761,0.9009644286865477,0.05099439061703213
131,train,carcinoma_in_situ,Abnormal,carcinoma_in_situ,0.4622744074798869,0.5301034807149577,1.1281281281281281,0.3755391422656019,0.027492166953692724,0.29184552532417135,0.4691674066223086,0.6453777300971589,0.862124898621249,500.1124338624337,0.6690444282515096,0.5173875756768954,0.9142290170996809,0.08795860771401694
132,train,carcinoma_in_situ,Abnormal,carcinoma_in_situ,0.6496930299747201,0.27626459143968873,0.3817204301075269,0.3576528251864126,0.036203523444714246,0.30834404633783974,0.45193182916177227,0.7234585081627175,0.7818339852238158,487.96670934699114,0.5379542863952826,0.33732465173230813,0.9121434838561326,0.058365758754863814
133,train,carcinoma_in_situ,Abnormal,carcinoma_in_situ,0.5363556078893141,0.6141602634467618,1.5917496443812233,0.3682575801223081,0.02278264116740561,0.2963854010981811,0.4502071871252057,0.8973294433263651,0.818140996856758,491.00745378652357,0.6295253483915768,0.4448433285992329,0.9068014156012185,0.06695938529088913
134,train,carcinoma_in_situ,Abnormal,carcinoma_in_situ,0.3685655456417296,0.8235567970204841,4.667546174142481,0.3232820004655339,0.02915374247882305,0.3214401795828963,0.4522089213099488,0.6860172838064299,0.9675675675675676,265.37010058966354,0.7312482687712082,0.6196951656066836,0.9295180042052946,0.11359404096834265
135,train,carcinoma_in_situ,Abnormal,carcinoma_in_situ,0.5100696405044232,0.6546125461254613,1.8952991452991452,0.2907901943099675,0.02594881805924957,0.34839062086381595,0.3975802589240825,0.6585383762545327,0.8479349186483104,396.901833460657,0.6090585934876356,0.47181629573959016,0.8922753160919877,0.05571955719557196
136,train,carcinoma_in_situ,Abnormal,carcinoma_in_situ,0.3738095238095238,0.7046178343949044,2.38544474393531,0.3298390800930542,0.0231824451968939,0.32104012990254,0.40478894773003543,0.775566109565046,0.9617151607963247,337.72121212121215,0.7241659119932574,0.6064868576811414,0.912273547271836,0.03980891719745223
137,train,carcinoma_in_situ,Abnormal,carcinoma_in_situ,0.4649203431372549,0.5736408566721581,1.3454404945904173,0.30035448998209274,0.022600362052840557,0.48608210458211853,0.36705980422462653,0.7341267363300646,0.841886269070735,349.3537002487561,0.6518404227203087,0.5119990119353302,0.9018617176373382,0.08401976935749589
138,train,carcinoma_in_situ,Abnormal,carcinoma_in_situ,0.7322751322751323,0.6298169556840078,1.701366297983084,0.3914061317437109,0.03142168576246926,0.4735479400188629,0.5511189646242362,0.5544790934121202,0.9485949280328992,483.19073179459656,0.48035329544598093,0.2565113688314916,0.9158965521765025,0.052986512524084775
139,train,carcinoma_in_situ,Abnormal,carcinoma_in_situ,0.614030612244898,0.6323223930203573,1.719774011299435,0.44122183195485815,0.03143692141376865,0.39662460412417994,0.5519653984712529,0.7453900687359042,0.94503337259521,510.7117117117117,0.5744277993142691,0.37264402750894676,0.9309155950227606,0.061695056086414624
140,train,carcinoma_in_situ,Abnormal,carcinoma_in_situ,0.770182394924663,0.6357084019769358,1.7450537026568682,0.40104439007348974,0.03450133751818912,0.43055525260148686,0.543082372892628,0.6934982958444961,0.8623690285917244,748.0244845360825,0.4166415794100826,0.21183383490495353,0.856338086131211,0.06528006589785831
141,train,carcinoma_in_situ,Abnormal,carcinoma_in_situ,0.6734068627450981,0.5268425841674249,1.1134615384615385,0.39955884791222185,0.04587385081516333,0.4403457059517039,0.5729493042986425,0.6916509356530727,0.8557523846603076,1161.379197761194,0.4653436238939645,0.30060848419085634,0.8424334511105065,0.07165605095541401
142,train,carcinoma_in_situ,Abnormal,carcinoma_in_situ,0.5981176470588235,0.6184107002360346,1.620618556701031,0.37956847910326136,0.038369375509847196,0.47143337478046965,0.5246295926150529,0.5115154784021717,0.8263979193758128,731.223211446741,0.5395518808977111,0.38188052746144047,0.8848435134667163,0.07972724888539208
143,train,carcinoma_in_situ,Abnormal,carcinoma_in_situ,0.558641975308642,0.5570902394106814,1.2577962577962578,0.4173692724031761,0.0381995286475328,0.43978646417047,0.5415089633524928,0.8042297018751612,0.9195596951735817,884.4255765199161,0.547943356523117,0.41327881825383733,0.8816175358545563,0.06583793738489871
144,train,carcinoma_in_situ,Abnormal,carcinoma_in_situ,0.6894918173987942,0.6433479075577764,1.8038528896672505,0.26761961583856847,0.021911932092689487,0.5214795342568886,0.35932327323924323,0.806971129210309,0.9230325742288844,258.6976034858388,0.5161012459487448,0.29773392102327195,0.9041735827368264,0.043098063710181135
145,train,carcinoma_in_situ,Abnormal,carcinoma_in_situ,0.5660277594183741,0.6188696870621205,1.6237745098039216,0.38802777388087306,0.04550786450820683,0.45257128947230996,0.5285013441945405,0.4244004616733816,0.9278439869989166,567.1842245989304,0.5428326989654811,0.4173886181114464,0.914830595972418,0.10042036431574031
146,train,carcinoma_in_situ,Abnormal,carcinoma_in_situ,0.5007974481658692,0.620063694267516,1.6320201173512154,0.4704002094725923,0.04353561297426318,0.37939997950170096,0.6037727843794685,0.8068612431378749,0.9292690145013317,594.5029013539652,0.616453318413248,0.4842362413016497,0.9351801978946878,0.09267515923566878
147,train,carcinoma_in_situ,Abnormal,carcinoma_in_situ,0.588127134226425,0.6217061188030371,1.6434474616292798,0.33381275974757724,0.04200365059783201,0.4899678788735289,0.48893373613908375,0.8120347493718293,0.8988358089120835,811.4932903918411,0.5187692170300088,0.38280581397753305,0.84836180659282,0.059401518535060295
148,train,carcinoma_in_situ,Abnormal,carcinoma_in_situ,0.6556776556776557,0.5899441340782123,1.438692098092643,0.39809777703505644,0.04459803028497158,0.4237259849924233,0.5680454485227334,0.7109196531362239,0.7514693534844669,828.2183673469387,0.4713727420573672,0.3287390007534479,0.8840185475675421,0.07737430167597766
149,train,carcinoma_in_situ,Abnormal,carcinoma_in_situ,0.48021745696164303,0.7886792452830189,3.732142857142857,0.2996219282609376,0.029944273795114863,0.5250333557393042,0.449246223155929,0.861857160493009,0.8368421052631579,662.8852813852815,0.59676452132413,0.48825033496591325,0.8268914552638166,0.059748427672955975
150,train,carcinoma_in_situ,Abnormal,carcinoma_in_situ,0.563089241895906,0.5197247706422018,1.082139446036294,0.4023365657719399,0.04772525802060485,0.4152717810482769,0.5582058471449707,0.5047999909351428,0.935823138012449,639.2559446041287,0.5570534182922803,0.4201852657438754,0.9185922997299802,0.05871559633027523
151,train,carcinoma_in_situ,Abnormal,carcinoma_in_situ,0.5386683209263854,0.8168905950095969,4.461215932914046,0.31707324856258295,0.03798932384573319,0.49222040859142585,0.509123625601184,0.6317961195738631,0.9079818752178459,534.2855048177628,0.5953125747211844,0.44406775890925354,0.8807254501156518,0.08253358925143954
152,train,carcinoma_in_situ,Abnormal,carcinoma_in_situ,0.40956979806848115,0.508344817026489,1.0339458112737465,0.5226430552799434,0.04661326303113378,0.31497517779309037,0.6440832166388823,0.5253519767072814,0.8462036797097694,722.4296455424275,0.6743494625392854,0.576173797756109,0.933795516031622,0.0690552748430562
153,train,carcinoma_in_situ,Abnormal,carcinoma_in_situ,0.6498095121051984,0.453806146572104,0.8308518005540166,0.37904667786180946,0.04612832789946595,0.44672831500454685,0.5245170407636739,0.6982960694674953,0.8367621459091629,686.5879250434351,0.45976135609357327,0.3339536185259287,0.8987175902126491,0.06836879432624113
154,train,carcinoma_in_situ,Abnormal,carcinoma_in_situ,0.4902916205241787,0.4695076042764644,0.8850411581038887,0.4495989654001434,0.047905712217689,0.385398466232226,0.5712426601659683,0.6927690416480038,0.9036603619540073,546.4317233154443,0.6146867054269628,0.49559879352146863,0.9386678077761614,0.0539075440445716
155,train,carcinoma_in_situ,Abnormal,carcinoma_in_situ,0.6743993371996686,0.42997542997543,0.7543103448275862,0.4535707592903829,0.03808184392393621,0.38108850754064016,0.5518668331643002,0.6333264250459257,0.8909157241882525,842.8652661064426,0.4556084614791503,0.3045221672766865,0.889300879002024,0.05630630630630631
156,train,carcinoma_in_situ,Abnormal,carcinoma_in_situ,0.49801474758933634,0.6526195899772209,1.8786885245901639,0.277749195838894,0.030051664002292332,0.5105328090880784,0.4053391610414658,0.8096452692348507,0.8324247452002844,383.6902095894344,0.6247601231825995,0.483489389075262,0.8946939424828331,0.015945330296127564
157,train,carcinoma_in_situ,Abnormal,carcinoma_in_situ,0.6642992424242424,0.654312188168211,1.8927835051546391,0.26580263118173925,0.01319093367839786,0.5471157517321686,0.3152584316420727,0.7917564407427113,0.7886453063518831,355.1565705128205,0.5401286704826442,0.31083861457829204,0.8480906945067015,0.04038964124495129
158,train,carcinoma_in_situ,Abnormal,carcinoma_in_situ,0.6799524092801904,0.5498687664041995,1.2215743440233235,0.32203092298812924,0.04094566042177374,0.4490672880436067,0.5106586291659522,0.6179008733037761,0.740165128703254,776.1619993977718,0.4625908423747038,0.30229280374330003,0.8610228490138386,0.050306211723534555
159,train,carcinoma_in_situ,Abnormal,carcinoma_in_situ,0.7240848443380089,0.7637609260571698,3.233,0.28411633291485483,0.03996060605591732,0.4550138691281876,0.453322377254902,0.4438819852638995,0.8964421855146124,413.2242066932547,0.4937426198017725,0.2662914180560122,0.8777617066855962,0.04748405386250886
160,train,light_dysplastic,Abnormal,mild,0.3518253826454648,0.5282268303004655,1.1196627197703624,0.30231681838317764,0.03700528892333183,0.35017342912172633,0.4650189518563076,0.8386166896550659,0.857028869867982,287.0217911877395,0.7605237772461148,0.6388227697455292,0.9374319323065327,0.06356326703343208
161,train,light_dysplastic,Abnormal,mild,0.10573408947700064,0.5804529201430274,1.3835227272727273,0.3542571703506865,0.033666463771564625,0.3251553332081592,0.45998251893939396,0.762566544519851,0.963444976076555,84.00008438284497,0.9163148561860897,0.8915349224162809,0.9579161715844247,0.4241160111243544
162,train,light_dysplastic,Abnormal,mild,0.1782440825919087,0.5855151629308721,1.4126334923880937,0.39713110831464643,0.04727793491840826,0.27198483986138433,0.503153706956084,0.9010506905837568,0.7411699008795197,180.1578849877915,0.8727518681330844,0.8168329876646783,0.9524539786018223,0.23601431531361838
163,train,light_dysplastic,Abnormal,mild,0.275642251545866,0.5069380203515264,1.0281425891181988,0.36840647201946475,0.04401444962420064,0.26380945758354546,0.47032751719824895,0.7950121614806226,0.6429261764924541,202.40795254128585,0.8045934928482943,0.7189767425158758,0.956677025202261,0.1423450508788159
164,train,light_dysplastic,Abnormal,mild,0.4579279279279279,0.5911863072988393,1.446102021174206,0.3286121888356008,0.021998914004737496,0.30410540859357316,0.4116482828511578,0.7474726048413584,0.7647058823529411,346.84821184821186,0.6947033338304593,0.5265420376771998,0.9201285207443832,0.036395829234703914
165,train,light_dysplastic,Abnormal,mild,0.6855832948065957,0.5402641191345884,1.1751619606405086,0.37642840000489486,0.03197503253264043,0.27456465383924555,0.47840927342407447,0.8233278771427107,0.9096253130910392,397.02943689320387,0.553070122253338,0.30249203437543615,0.924899870802653,0.05630795167181793
166,train,light_dysplastic,Abnormal,mild,0.26523738237810096,0.3317879459786333,0.49653092006033184,0.41962429561861203,0.04575074377727259,0.31675099017405056,0.5380208237068584,0.7295721160111415,0.6409560723514212,506.1206970740103,0.811933513819176,0.7214246067590694,0.921251503204878,0.15138077000604716
167,train,light_dysplastic,Abnormal,mild,0.2633301404853129,0.3616247347681115,0.5664767331433999,0.3823071910764865,0.04314806638060327,0.2767320900197111,0.5210698476186929,0.8462052944449249,0.8186104218362283,237.15020048115477,0.8227474431526868,0.730342644705831,0.958819767468071,0.15721935940183895
168,train,light_dysplastic,Abnormal,mild,0.18536721391474084,0.35765325310267015,0.5567915690866511,0.4565511622440775,0.0237727801057093,0.230368282778141,0.5101561904761905,0.5098822442467857,0.8699492884017668,311.31864976538975,0.8602818969585596,0.8054316906516739,0.9342867082112836,0.028958254983076345
169,train,light_dysplastic,Abnormal,mild,0.5444118232484076,0.38595128193409806,0.6285352783566538,0.3344659202451851,0.041049213570345015,0.35465063236633687,0.4929485537245562,0.9374129067069802,0.7246564000662361,495.36651357827475,0.6034638421297142,0.4428732951810655,0.9235738113336811,0.06114894200447877
170,train,light_dysplastic,Abnormal,mild,0.7650912996777658,0.46342833075951145,0.8636839351125065,0.3653296155056995,0.04053471834850768,0.30718038241012763,0.4769898407568156,0.5792309271285282,0.9242247307642403,351.34229458538437,0.44228922113341723,0.22622484930555675,0.9240147776492483,0.08226870700547523
171,train,light_dysplastic,Abnormal,mild,0.7043301069791136,0.3783451468248228,0.608609656777196,0.3781443847950191,0.04166665869382268,0.28621957690137756,0.4976706281125597,0.7228276257699205,0.8519842247966478,600.7395656861236,0.5041511831779335,0.2796043828850955,0.8981477406131723,0.07109793143353103
172,train,light_dysplastic,Abnormal,mild,0.7034358047016275,0.5937446443873179,1.461506011390002,0.38616766961251237,0.03435775333218588,0.27406391219871507,0.4961388106257057,0.7467423061365083,0.8879251312485734,579.6077039733092,0.4771824644390379,0.2795330527852507,0.89122314683289,0.05329905741216795
173,train,light_dysplastic,Abnormal,mild,0.6326694619147449,0.3092174297233114,0.44763351455068756,0.45541885350675365,0.041169201350248055,0.26300560671903295,0.5727074387529236,0.6947465568632569,0.7913552729338753,913.9095253153439,0.5951586167430731,0.3497249071779155,0.8979506453587086,0.1272988347048103
174,train,light_dysplastic,Abnormal,mild,0.20280050684019502,0.5244096155882665,1.102649743932309,0.3920890146979632,0.030984304103886872,0.3608834568066337,0.5032812574167944,0.6311051085197883,0.6538568065364908,187.79549767120923,0.8522341806714053,0.7933615931396386,0.9555236595634709,0.2689823149422853
175,train,light_dysplastic,Abnormal,mild,0.3850806451612903,0.2821407795229785,0.39303079416531606,0.35139682676369516,0.03713953755676468,0.5214647373385167,0.46282476292624025,0.8727572125418636,0.7391164140599806,441.51530036133704,0.7296724322746878,0.6003968418303232,0.9246840017719362,0.10093077370564281
176,train,light_dysplastic,Abnormal,mild,0.11433999437095413,0.5384615384615384,1.1666666666666667,0.3953655000560225,0.026114709185687184,0.34345450606413863,0.4734479613071896,0.3910373200084557,0.8899233296823659,117.09438631221718,0.915339802575448,0.8816641119650065,0.9526337861170484,0.27507692307692305
177,train,light_dysplastic,Abnormal,mild,0.24055045871559633,0.5527587083651156,1.235929505400796,0.3794027407688006,0.03562356872445047,0.2702811386675774,0.47446953505222444,0.535405099191093,0.9525308791474933,175.9162613139585,0.8083507500675444,0.7533398674394497,0.9592619729872618,0.12280701754385964
178,train,light_dysplastic,Abnormal,mild,0.4459741832171383,0.251127556158865,0.3353408958016606,0.37600689416551275,0.05974929400810802,0.2409567635104333,0.5483395924338628,0.46109119240356233,0.8133414060830544,440.57738095238096,0.6892632692521334,0.5450934661447637,0.9487340333881599,0.146166309059859
179,train,light_dysplastic,Abnormal,mild,0.24662139447320647,0.41303162486368594,0.7036692986530423,0.3339269671908367,0.035842785392257576,0.238980044619059,0.49040012895822516,0.7888243323814161,0.5897106109324759,417.6505485574969,0.8080416447947999,0.740439331553143,0.9092129936380018,0.12050163576881134
180,train,light_dysplastic,Abnormal,mild,0.10238813474107591,0.8472870120304444,5.548231511254019,0.32680700473292756,0.020930668916301808,0.2722995054352419,0.41013521467751085,0.6882237756984639,0.9737030839110686,44.77922471229558,0.9311115658670794,0.8956264115544552,0.9677094619930229,0.14952123741713724
181,train,light_dysplastic,Abnormal,mild,0.13327935222672066,0.7142567841231268,2.499645641389086,0.41177598180979225,0.013930300433901513,0.26182160687542594,0.459690196634288,0.24094070552387356,0.9648300117233294,73.6950135501355,0.9235739323976824,0.8639402778778695,0.9728538059408149,0.0692588092345079
182,train,light_dysplastic,Abnormal,mild,0.22891776184786938,0.43807763401109057,0.7796052631578947,0.35269121126733144,0.036801057429720785,0.26509139037581025,0.4381349503733382,0.2959308401249704,0.9819560111039932,98.59573401508882,0.8306042732117108,0.7668165673934925,0.973739116534376,0.1954985321300424
183,train,light_dysplastic,Abnormal,mild,0.2381739310059905,0.7467476149176062,2.9486301369863015,0.29656945776684657,0.02700143405896058,0.2844751167761493,0.40356009669621273,0.4250934999040875,0.9584372402327515,180.07655402586568,0.8374410984186089,0.7533798805607919,0.9296476094313275,0.17085862966175194
184,train,light_dysplastic,Abnormal,mild,0.5392262546412744,0.5517547756552643,1.2309217046580774,0.31823151463483945,0.032361908919642995,0.27162819376391145,0.463712140150411,0.8876402342033844,0.879296875,370.70833333333337,0.6270932456036269,0.4465263068018574,0.927850725245644,0.06796979120390938
185,train,light_dysplastic,Abnormal,mild,0.5065005417118094,0.5200237670825906,1.083436494181728,0.3252722147542747,0.031466169095698805,0.24877350654078323,0.44597381335896574,0.6316913664031766,0.7492654260528894,577.8516700006062,0.6444003210948472,0.4721038344920481,0.8850426526927353,0.059893048128342244
186,train,light_dysplastic,Abnormal,mild,0.37562490531737613,0.6196813873764871,1.6293743372216332,0.27159619149709996,0.02005423076082029,0.27270351430261053,0.36046335308672783,0.8976406586532664,0.6828697328559625,188.0887195121951,0.7754871476583811,0.6135488820019577,0.9356449593157556,0.0925589836660617
187,train,light_dysplastic,Abnormal,mild,0.4051378446115288,0.39808227652335293,0.6613566289825282,0.256249516278928,0.022811723975461926,0.267867252843577,0.3693820996312194,0.941420134434103,0.6332386641856821,353.7618657421998,0.7574821241653839,0.5779061478469238,0.8973088641702817,0.0708320445406743
188,train,light_dysplastic,Abnormal,mild,0.10454504985754985,0.524270811156057,1.1020362497202953,0.331909161023191,0.03338582832120895,0.22760971565556562,0.43538541762643745,0.8412560114818779,0.7998978201634878,41.84892102385575,0.9305975456419762,0.8939560842195601,0.9768620291775264,0.1998083883329785
189,train,light_dysplastic,Abnormal,mild,0.07825401152827544,0.5337812616648003,1.1449159327461969,0.4327528367841309,0.02285460296601529,0.11062975568501877,0.4995187390696872,0.49873489570552887,0.9795246800731261,41.2317408875266,0.945610714179626,0.9205700825395493,0.9796503641680159,0.5220853552320518
190,train,light_dysplastic,Abnormal,mild,0.5201653944020356,0.2999877705760059,0.4285464709993012,0.3892615890372999,0.03014323895978019,0.17884484819355911,0.5118270424265677,0.8926643779644406,0.7902264600715138,420.54972328650496,0.6775763734306074,0.46899324684958243,0.9442251682082683,0.054176348293995355
191,train,light_dysplastic,Abnormal,mild,0.34032073052787837,0.43764457074879387,0.7782348102009636,0.391418645986936,0.04381933171593414,0.20660779993468664,0.5330408946467292,0.824831586183646,0.8068575694555538,303.55554552023125,0.7858807949639008,0.6513576165987064,0.9548135048068763,0.07672989227413918
192,train,light_dysplastic,Abnormal,mild,0.13801543138739808,0.5024254473161034,1.0097490810292473,0.36337535593914677,0.02976426409406593,0.18096921865403606,0.4835502083000373,0.7638639081371542,0.8626603553543253,112.39801652892562,0.9153657699055311,0.8582006982604001,0.960266753228636,0.17924453280318092
193,train,light_dysplastic,Abnormal,mild,0.44648318042813456,0.17794240984064857,0.21645978575072267,0.3008108791953545,0.040944773984728,0.4461479272058413,0.49655548749545736,0.8635164726955536,0.8750802727745329,222.9396154930019,0.7320585758463821,0.5485888937190453,0.9692926277347975,0.14530332681017613
194,train,light_dysplastic,Abnormal,mild,0.35659950521901335,0.2769430532368763,0.38301693175987683,0.3298782461421273,0.043753173200347904,0.33928997806609157,0.46903237911850215,0.7569901637357107,0.650113356808644,349.81469432198435,0.755950045749493,0.6330481993516759,0.9389069283865071,0.10521239102207383
195,train,light_dysplastic,Abnormal,mild,0.16968375136314068,0.630248500428449,1.704519119351101,0.3392824809053465,0.03015450519403534,0.4066363258720594,0.44530517347147436,0.8278383826347001,0.9495524816924329,140.2074725274725,0.8699342077421233,0.8248693362198616,0.9479767638336806,0.19365895458440446
196,train,light_dysplastic,Abnormal,mild,0.42773685547371093,0.5203384798099763,1.0848034664190653,0.30852785432575314,0.03293214591349145,0.3659322658637279,0.43875615659572403,0.6731029732989847,0.6860867793848034,542.3815284178188,0.6836996076919534,0.5515152031454745,0.8828747597474512,0.08892517814726841
197,train,light_dysplastic,Abnormal,mild,0.5505430242272348,0.2883156297420334,0.4051172707889126,0.2691357972136223,0.0281216627768931,0.379350573378014,0.38122854927045446,0.7499548909147788,0.9154367077617642,261.30183312262955,0.6335074334119248,0.43648434470665254,0.9369300845809689,0.04305766312594841
198,train,light_dysplastic,Abnormal,mild,0.6405386250885896,0.6258021686213764,1.6723832052040213,0.26854069889341875,0.018420256402935722,0.39581619291110876,0.3451564912280702,0.5498892177470415,0.8824448349931654,250.64533715925398,0.6161805355276958,0.3442731595791284,0.9085485027919888,0.03031644169063952
199,train,light_dysplastic,Abnormal,mild,0.4758092586146885,0.36734942696903194,0.5806513779148198,0.28520494718962924,0.03823892244718569,0.37954367578152887,0.435209841935618,0.7306311246088542,0.817339312406577,336.05298786181135,0.6803053488695848,0.5113430484603305,0.9335795561806131,0.052426237503048034
200,train,light_dysplastic,Abnormal,mild,0.1707567929582855,0.5652052108138395,1.2999355670103092,0.2937682524965377,0.021691721555115995,0.40874808628124254,0.35884412371134017,0.6674649167806764,0.8997983362742626,72.35350043215212,0.8788364987760439,0.82522481234599,0.9623888943652253,0.05252836531727133
201,train,light_dysplastic,Abnormal,mild,0.690980807724008,0.3347107438016529,0.5031055900621118,0.3015332584656619,0.03591716447583838,0.40176229814132397,0.44214675847210244,0.8424558663245434,0.8902795160617438,285.6285663601691,0.5493760839540579,0.3009141280521692,0.9404903446065386,0.06232427366447985
202,train,light_dysplastic,Abnormal,mild,0.4092357346795217,0.4575328614762386,0.8434296365330848,0.3737566909760589,0.032858686178465074,0.3848836734013991,0.4731394958609726,0.69285066272148,0.8406289842753931,347.8728771228772,0.7116928384343836,0.5786308841675009,0.940932429283381,0.13437815975733064
203,train,light_dysplastic,Abnormal,mild,0.1142480707698099,0.6309719934102141,1.7098214285714286,0.34486043243058756,0.026765872575965136,0.3984604538739587,0.43589372373949586,0.5213959288678374,0.9194647816208028,97.93000599047828,0.9090997108921697,0.8820648133620783,0.9488778695156525,0.3563975837451949
204,train,light_dysplastic,Abnormal,mild,0.5388806109145092,0.3259742504104381,0.483622844689443,0.39120333393105416,0.05256169667606961,0.2984837921354264,0.5279583095100743,0.8233595865114117,0.7651064392436864,623.3095861585223,0.5846307099021162,0.4465816919249197,0.9210618803155941,0.128920763846885
205,train,light_dysplastic,Abnormal,mild,0.37844082780791644,0.6067162198035572,1.5426932163347957,0.34007162512171796,0.031098292091548164,0.37844784354492883,0.44548717264563603,0.7624525489143288,0.8359964491788726,291.7613487008392,0.7343193368624986,0.6102485238451804,0.9364957638210895,0.10260153968675338
206,train,light_dysplastic,Abnormal,mild,0.4032183452286545,0.4704580840776858,0.8884246363354998,0.3306422619547732,0.03180542167657679,0.5142404682816284,0.45053022447976404,0.6701099464246641,0.8876200174570846,217.1912448518666,0.7368443052767821,0.5884786909326594,0.9571098350062233,0.07612882078177498
207,train,light_dysplastic,Abnormal,mild,0.3256122448979592,0.4771753891152199,0.9126873126873127,0.3245852462140723,0.03621568566451079,0.4393940456412046,0.4784127111320053,0.9181666484758944,0.7590089197224975,206.46581284153007,0.8029848990188154,0.6678568551152083,0.9582344521537254,0.09589470385459103
208,train,light_dysplastic,Abnormal,mild,0.5575333757151939,0.4468833143291524,0.8079367806218862,0.28542963898721296,0.026932536254372343,0.353266990097741,0.388676234458738,0.6605519970640013,0.8430665705359288,369.1238262910798,0.6236995528623224,0.42369209418912435,0.9064491640199357,0.0928354237932345
209,train,light_dysplastic,Abnormal,mild,0.6524216524216524,0.48384279475982533,0.937394247038917,0.28363693087704395,0.025248519194916906,0.41187869683936124,0.3760959492054013,0.5165579077942692,0.836147877681424,363.3381424059718,0.5558635251978201,0.33002920916091893,0.8938904706606406,0.05032751091703057
210,train,light_dysplastic,Abnormal,mild,0.5356377194345192,0.35511470750311785,0.5506633685630762,0.41565777408382504,0.040949549638374355,0.30078417627829274,0.5073165664448824,0.7437117757851822,0.8407051594655223,441.75938241538654,0.6832627974426198,0.45294768129419044,0.9405990061950333,0.10008990980016821
211,train,light_dysplastic,Abnormal,mild,0.6439799174174174,0.18864075193996138,0.23249966323918997,0.35659959239315653,0.052362565306526894,0.34128994768700693,0.4805659264620042,0.7199258831250435,0.8793247052793439,439.0899321266968,0.6454431570153681,0.3447212929112065,0.9319557030734926,0.11118802142154541
212,train,light_dysplastic,Abnormal,mild,0.2370834533755882,0.32921518987341775,0.49079106280193235,0.3256962141362235,0.03715896810902684,0.3235607641373194,0.41936117149758456,0.7405052497705746,0.7151651216685979,188.59497516516373,0.8187422654566758,0.7554149099745245,0.9479034968815319,0.04283544303797469
213,train,light_dysplastic,Abnormal,mild,0.07970342910101946,0.3623108157991879,0.5681620839363242,0.45230566060351807,0.020189037192960863,0.15250769342248383,0.498448209528674,0.6534142367398589,0.3145793415781223,196.13162945901252,0.9403082036855929,0.9151676165383649,0.9102621249930105,0.09007013658176449
214,train,light_dysplastic,Abnormal,mild,0.4478153523866527,0.3906941775958567,0.6412119550315327,0.4010556879514688,0.037151105145530425,0.3132314362728368,0.5263063773071609,0.8485089849103383,0.7616108919709886,667.7179419624373,0.6647391437218637,0.5343302080721732,0.9116007919354547,0.129897251691588
215,train,light_dysplastic,Abnormal,mild,0.5341872380065207,0.40962594820821346,0.6938413823659725,0.3868611869882053,0.038499375305826894,0.3393129402232972,0.5229897853880883,0.8519113282059229,0.8648669029484956,433.1500678934308,0.6411339214434193,0.45418050842000873,0.9413845416400192,0.0940796930857093
216,train,light_dysplastic,Abnormal,mild,0.10351966873706005,0.6802985074626866,2.1279178338001867,0.4345962501613195,0.020892008426720295,0.25892111947119384,0.4916926969480603,0.5609317075943369,0.9563231515843562,83.95409937888198,0.9287395175574231,0.8936924224170053,0.9661329630659463,0.19044776119402984
217,train,light_dysplastic,Abnormal,mild,0.0751207729468599,0.5217041800643086,1.0907563025210083,0.4209835608326536,0.019332347468248464,0.2658034337143701,0.47649463634865713,0.6336025685012692,0.9613601236476044,61.143630282760725,0.9463684944544899,0.9227242903663747,0.9663385142777258,0.2652733118971061
218,train,light_dysplastic,Abnormal,mild,0.5909364649202048,0.4818471337579618,0.9299323909035033,0.3274203279810272,0.03795963319593482,0.4272128660850353,0.44725256810923514,0.35745945867821244,0.7538291640658761,409.5481708702568,0.5926656346143344,0.3942374561575693,0.9196440108901663,0.05961783439490446
219,train,light_dysplastic,Abnormal,mild,0.23947007766103243,0.5820297596337276,1.3925148334094022,0.27679947995192833,0.033114718262836206,0.42467202956723804,0.44910376245066724,0.6647639212299833,0.719560741249142,293.429717394311,0.8268114963167701,0.7491338601421483,0.906163404986026,0.11884776802747044
220,train,light_dysplastic,Abnormal,mild,0.1868281770066023,0.6305490654205608,1.7067193675889327,0.3317793448310311,0.025056544146395136,0.44628383650477743,0.4253918983182206,0.7006672337402531,0.9724510082362965,105.42847725774554,0.8670268014472482,0.8083973991577575,0.9610149699065147,0.07856308411214953
221,train,light_dysplastic,Abnormal,mild,0.19463637011183132,0.6702653247941446,2.032741398446171,0.3777740484869897,0.024528829598244085,0.40041397895403563,0.4606668055102174,0.21506599332312523,0.9076565354592261,129.24070296002003,0.8695162322887491,0.8007145837397127,0.9617726991253879,0.1463860933211345
222,train,light_dysplastic,Abnormal,mild,0.4187991021324355,0.4332038054401715,0.7643026004728133,0.4180187910215123,0.03744801797789581,0.3382692373316312,0.5536858480508043,0.7822961656790651,0.7526220250100847,589.2268589199887,0.6988263878215824,0.5654438280580972,0.926519976833553,0.08857028004823797
223,train,light_dysplastic,Abnormal,mild,0.5007186290768381,0.4153234709648929,0.7103474320241692,0.37638683783135796,0.03307940127784071,0.3790163286351454,0.49998013298975186,0.43038854796506043,0.8558201058201058,367.63614592035646,0.6731747578977413,0.4872022891781123,0.9459912716118403,0.06966217708103334
224,train,light_dysplastic,Abnormal,mild,0.40935749299719887,0.44285256067571904,0.7948570331990021,0.4694531795760313,0.04304673047971155,0.3258200725234012,0.5737085333062414,0.7514630319973565,0.7912859560067682,718.1483822489391,0.7193166957568474,0.5736681501529155,0.9194986326701534,0.13877900138992835
225,train,light_dysplastic,Abnormal,mild,0.21480843736547567,0.5298597194388778,1.1270247229326513,0.43771265343656374,0.027400019522547187,0.32776077653678676,0.5266036046336694,0.43968020135667846,0.913584767484438,278.31460869565217,0.8388930304614026,0.7765926132513249,0.945678961907504,0.20480961923847696
226,train,light_dysplastic,Abnormal,mild,0.245049162165905,0.45803899406612036,0.8451511991657977,0.36477492518537336,0.025750341514637398,0.4009741486724399,0.43322449978531563,0.6197388492747485,0.9746626273753787,141.83411101051604,0.8125237783146676,0.7490328867102823,0.9638369671418752,0.1294150890081944
227,train,light_dysplastic,Abnormal,mild,0.08322916666666667,0.35627868168544014,0.5534672715489306,0.36418902236304357,0.02896642184810951,0.4325240149953494,0.4313847661164271,0.5106334353019738,0.8934029071934402,80.37262702400892,0.9383588950877931,0.9135385034417661,0.9514762155957011,0.1251564455569462
228,train,light_dysplastic,Abnormal,mild,0.23388812413965712,0.4333868378812199,0.7648725212464589,0.3693296189784556,0.032049706658081545,0.42319477745023437,0.45923312114647563,0.7387430582534547,0.880565371024735,210.1663303909206,0.8270169854868008,0.760058632798029,0.9494154426691375,0.13590155163188872
229,train,light_dysplastic,Abnormal,mild,0.16325244248345414,0.71003861003861,2.448735019973369,0.30877374361598914,0.022843030873927705,0.44418654471789193,0.41271525443199925,0.6244752471777585,0.9435336976320583,103.1284717818643,0.8931555369242767,0.8321726722115277,0.9506553270655956,0.07104247104247104
230,train,light_dysplastic,Abnormal,mild,0.5562248995983936,0.3868592057761733,0.6309467734338201,0.3482838173447804,0.03467054172920696,0.4099414607130792,0.5057192858792128,0.8754464851345246,0.9027506192152261,470.19081300813014,0.6310128390014373,0.4280542159492449,0.9306811238114583,0.063971119133574
231,train,light_dysplastic,Abnormal,mild,0.1861032100772044,0.7212518195050946,2.587467362924282,0.34888080489107853,0.0230970328121592,0.40919411153295215,0.42678493421389446,0.6696543637134503,0.9645489645489645,126.32089501330239,0.8756199953868605,0.8083261876040015,0.9538610861066574,0.1717612809315866
232,train,light_dysplastic,Abnormal,mild,0.1875539923485129,0.41914788616548776,0.7216086094590768,0.4699976504447933,0.033021218584851596,0.15032096925177038,0.5506746137571427,0.4973917148544507,0.8438367573570239,190.7262753362673,0.8532168001018886,0.8076097490048314,0.9642775543814583,0.27488073696331633
233,train,light_dysplastic,Abnormal,mild,0.36459059233449476,0.23676980050173216,0.3102206918140554,0.43972877465819826,0.04266660760903402,0.19622126906615342,0.5490608668698346,0.6479214517622739,0.8284837688044339,639.1000876424189,0.7131035532909602,0.6191589419321496,0.9235664738615565,0.1072751164735396
234,train,light_dysplastic,Abnormal,mild,0.15874363327674024,0.4112633689839572,0.698552370139086,0.46406681900391195,0.023843786883173228,0.1332421445957159,0.5305197339611405,0.6523107046452892,0.9385194479297365,122.32562486648152,0.8947762315332674,0.8374022775780298,0.9723506417746625,0.13335561497326204
235,train,light_dysplastic,Abnormal,mild,0.07616514537871003,0.6664021164021164,1.9976209357652657,0.364700010741891,0.023187525751299787,0.1895176767367758,0.4601836220864239,0.8473187996790608,0.968982312227634,55.92958944044052,0.953182863328652,0.921892651904621,0.9616994121702548,0.20185185185185187
236,train,light_dysplastic,Abnormal,mild,0.12240266647755478,0.5256855928930089,1.1083061889250814,0.34138158879716474,0.025078972505539556,0.26826357365331954,0.4215920703199847,0.526747357800958,0.8952282157676349,65.32669265880563,0.9184923795532233,0.8747156484137574,0.9679442855700517,0.19524913093858634
237,train,light_dysplastic,Abnormal,mild,0.2726336163836164,0.49433184472689795,0.9775815217391305,0.32595541166478176,0.03208108200403482,0.2579320931485081,0.43712086228331914,0.7693450867215715,0.7753706827665808,139.62226059654628,0.8343472181663701,0.7217962081491182,0.9640968985750836,0.08473605862819192
238,train,light_dysplastic,Abnormal,mild,0.09238145215151226,0.6656338755486703,1.9907335907335908,0.3474104875340361,0.02536127534637772,0.23361991171188104,0.43095549155878565,0.69011242852573,0.964152352501867,56.00954413563224,0.940206482267491,0.9053204993500102,0.9639907693829177,0.1675703588949135
239,train,light_dysplastic,Abnormal,mild,0.14577424844015882,0.7833981841763943,3.6167664670658684,0.3750419205298013,0.029481434131611327,0.188939800631159,0.4837943090290009,0.7107916894703123,0.823497997329773,151.91839064060494,0.8909964907127483,0.8489456984540277,0.9419701214032443,0.21044098573281453
240,train,light_dysplastic,Abnormal,mild,0.7656842105263157,0.42718357620749703,0.74576,0.3251148451691339,0.03540909614029052,0.3528495456092512,0.44487969141960787,0.6915669783844978,0.8876505043931012,293.24306734578386,0.49612337483420005,0.22786791112812585,0.9274368100034831,0.09293373659609569
241,train,light_dysplastic,Abnormal,mild,0.5306201550387597,0.2705441928414901,0.37088496682939043,0.3706594463745673,0.046120511282400384,0.24108530831314956,0.5304756171107823,0.7079180166562763,0.7630460530899463,695.7580322753645,0.6427770301060864,0.4531609075928056,0.9136691438959014,0.08482468955441928
242,train,light_dysplastic,Abnormal,mild,0.2269160249358269,0.34259857789269554,0.5211406096361848,0.29875101294857564,0.03345510381674721,0.2974940028401195,0.38885876298995503,0.8707029811959598,0.896551724137931,131.90172897886805,0.8417253451158556,0.7666199426749584,0.9559748684751823,0.1997414350355527
243,train,light_dysplastic,Abnormal,mild,0.5833788060678817,0.5499953231690207,1.2221991270006236,0.32576384367080163,0.02777610653991405,0.29813785653704533,0.41991987365555244,0.31463893209905536,0.9081719334012912,216.268413247652,0.6497957316045195,0.41004083803385805,0.951594808933484,0.08408942100832476
244,train,light_dysplastic,Abnormal,mild,0.19456686406831014,0.4777915413201203,0.9149440867502542,0.34655120551924473,0.031139647372963163,0.35346995100268985,0.43796147480747644,0.8248336244682816,0.6237306843267109,227.59926661362306,0.8548329565025694,0.7973438806388052,0.9292112531070738,0.057158025128295875
245,train,light_dysplastic,Abnormal,mild,0.3224950232249502,0.44636488340192043,0.8062438057482656,0.3508877990286465,0.030662743401320004,0.34485646423985605,0.432415050622826,0.8576827850210971,0.7704502219403931,319.77381164322594,0.7597931810289784,0.664520373312787,0.9294749372623134,0.06652949245541838
246,train,light_dysplastic,Abnormal,mild,0.3305133517495396,0.4863311857913982,0.9467796610169491,0.3229795269686822,0.028622407034488723,0.37032505863873644,0.40901172642073785,0.622796603525437,0.9582846654430168,157.21180555555554,0.7490066964272634,0.662259274567511,0.960395204226377,0.06843113355389169
247,train,light_dysplastic,Abnormal,mild,0.4388055982391295,0.28894567480598143,0.40636230533741513,0.36696582904632535,0.03373308169111346,0.29262588070601747,0.5226240901652821,0.745175327573935,0.776997462955473,556.3516570665331,0.7171980797917005,0.5457985320859365,0.9267037053304522,0.08749763392012114
248,train,light_dysplastic,Abnormal,mild,0.5951681957186544,0.35854485664371594,0.5589554629926305,0.374639306054322,0.034715895678235305,0.29129207137745394,0.5051195030501787,0.7326780275245438,0.9068120398844469,467.89061728395063,0.6008795757007159,0.38880613709018014,0.9319580928922424,0.06289178912753057
249,train,light_dysplastic,Abnormal,mild,0.2665551318963505,0.4412494526346519,0.7897074190177639,0.36510595240411736,0.03347090389846777,0.3509077685653161,0.4603471594238531,0.6500850596935911,0.785214899713467,197.7710512910936,0.7975783585529655,0.7282233671326616,0.9562445601688181,0.2125237191650854
250,train,light_dysplastic,Abnormal,mild,0.20044563279857397,0.7767896843041352,3.4800796812749004,0.3442887634824966,0.02387155317437938,0.2695959508578953,0.43977986876025316,0.1750158275163636,0.8006407974368103,174.04205523672883,0.8725001597350088,0.7922038044253459,0.9384292835947626,0.1365051133837261
251,train,light_dysplastic,Abnormal,mild,0.13447749589656463,0.6824411134903641,2.1490222521915037,0.3777817343743271,0.019541647554771027,0.23620697510888136,0.4457095421310804,0.6636155322408619,0.9747443122521394,66.21267988210136,0.9146999433195213,0.8629919748919306,0.9726868663763557,0.15610278372591008
252,train,light_dysplastic,Abnormal,mild,0.2250196695515342,0.696037296037296,2.289877300613497,0.325697917602406,0.033940131657242564,0.27354146609423546,0.4162526687116565,0.3936002563904193,0.8265895953757225,136.6238667510015,0.8483053411834949,0.7692459807365755,0.9528142242374518,0.19207459207459207
253,train,light_dysplastic,Abnormal,mild,0.1839461923093942,0.617392350252586,1.6136435083307137,0.3820526159452676,0.03272233007598714,0.2490538161864638,0.4756466421337476,0.5029783243423642,0.8974525043177893,120.28426147970514,0.8697120179243196,0.8121107143718255,0.965241622064555,0.2008660091412076
254,train,light_dysplastic,Abnormal,mild,0.26397873283119183,0.6350005594718585,1.7397302268546904,0.32767062237194433,0.028810564827687603,0.3006061018205739,0.45153272189562516,0.8097261521533954,0.7506299344868134,226.11963171963174,0.8197603069701764,0.7282425770485351,0.9377282786520464,0.10036925142665323
255,train,light_dysplastic,Abnormal,mild,0.25633762243134245,0.6398201910470126,1.7763910556422258,0.37297898424943743,0.024507064921597172,0.23473197416079689,0.47005894017721495,0.790753274322685,0.8202488861576279,258.2834881920248,0.8420806912908,0.7339853026975461,0.9385720159376548,0.02434912905038397
256,train,light_dysplastic,Abnormal,mild,0.5819381644873518,0.4262914741705166,0.7430453879941434,0.28339644489519944,0.02714051090675429,0.5852421229879424,0.3880855128757213,0.8538388906351176,0.8978976147826907,120.29782394885665,0.6442075683308803,0.4138150901874594,0.9696820596164389,0.1125577488450231
257,train,light_dysplastic,Abnormal,mild,0.7856582687971767,0.4967246865057084,0.9869840089252511,0.2764523651068063,0.021726410708197162,0.5796160096089482,0.3671916930997018,0.8781774720569384,0.9334925164521577,215.51337372543225,0.5280902969839635,0.2078314018351151,0.9135346552996434,0.0544013974670909
258,train,light_dysplastic,Abnormal,mild,0.6553497942386831,0.3090969181194745,0.44738100932791197,0.25332774124565627,0.033895062356250984,0.2851069011727354,0.3891549760119307,0.7208335983670703,0.8660155271725519,208.7094366350659,0.5734830264921117,0.33743903932324404,0.9469894138932267,0.0815087168470627
259,train,light_dysplastic,Abnormal,mild,0.09318686161255292,0.5549738219895288,1.2470588235294118,0.35738772260212676,0.023099295466259624,0.2686591083089372,0.4201086609368606,0.6327987094349342,0.9743294388678624,41.717285587975255,0.9394061877613147,0.9052427282010462,0.9745529438502748,0.18324607329842932
260,train,light_dysplastic,Abnormal,mild,0.31896660365469437,0.4969050441195838,0.987696335078534,0.3565159896685947,0.026703948008099124,0.34789457953284775,0.43282731711323275,0.79386629679851,0.8380794701986755,172.96884761502744,0.7723181157746171,0.6743087607322304,0.9612995765549571,0.12445673646779928
261,train,light_dysplastic,Abnormal,mild,0.21187135765162962,0.47646699266503667,0.9100992410974897,0.4115146778352136,0.024270433007653504,0.2665318761344049,0.4743225862970213,0.5242590361277836,0.8798852635353173,119.97785441610273,0.8548217965831909,0.7842684410172952,0.9721296290698944,0.17950285248573758
262,train,light_dysplastic,Abnormal,mild,0.15856745909231243,0.6818535825545171,2.1432068543451654,0.30731070021612306,0.020442141484491676,0.357815590670131,0.3687459692322462,0.6933636952782891,0.9692394791470089,58.42299578059072,0.887738992615477,0.8383234025526198,0.968745930196194,0.11234423676012462
263,train,light_dysplastic,Abnormal,mild,0.6426268454098083,0.22821494586744126,0.29569754512017793,0.31146743759465023,0.03384383839283222,0.3932790512024664,0.4462963729766991,0.7698998801551735,0.8900640460661613,253.7393512590696,0.6207263004992943,0.3514968787206748,0.9532832409835121,0.11480063374702931
264,train,light_dysplastic,Abnormal,mild,0.2033600378595815,0.6048869680851063,1.5309213294068154,0.322648310837388,0.028432818231414348,0.3562876265183896,0.419838954028393,0.7865618112871785,0.6668144535579694,226.02903774226453,0.8494920719499867,0.7873878163528277,0.9193803856901206,0.15874335106382978
265,train,light_dysplastic,Abnormal,mild,0.5641064485179014,0.4325485632441142,0.7622653415365199,0.2775782322101026,0.026435237376058695,0.39679730684468584,0.3790535269681307,0.8045211132045789,0.7539312951339677,363.7071138211382,0.623849397992529,0.4194391327511291,0.904057151845229,0.05326291289947185
266,train,light_dysplastic,Abnormal,mild,0.5012732095490716,0.37347867499206266,0.5961148648648649,0.3225658654620817,0.029732118505827687,0.37355779350319923,0.3961255310015898,0.8914944692284884,0.5747916539935519,393.3899880175742,0.665828871693306,0.48233014859768364,0.9125590339425823,0.07027198645359298
267,train,light_dysplastic,Abnormal,mild,0.2524073091212374,0.5869630519675578,1.4210909090909092,0.38206068035402496,0.021056723350192347,0.3277880895596265,0.45614241654188953,0.626737827607279,0.9716870986573263,179.21743119266057,0.8358952350486322,0.7403901885506582,0.9575636134071487,0.19555422048663262
268,train,light_dysplastic,Abnormal,mild,0.27797894736842105,0.533474704634959,1.1435064935064936,0.3593283954081349,0.02453219677620887,0.362992865900713,0.4326913017570665,0.43090128823939033,0.9714537963507945,174.62825531914893,0.8144424751246586,0.7136309213429488,0.9574003092806753,0.17358376249621327
269,train,light_dysplastic,Abnormal,mild,0.37982083922677984,0.6402681231380337,1.779848171152519,0.3885405356993515,0.018093445199712805,0.28008011424335033,0.4392810744394377,0.5566391291570781,0.952921693872723,201.3800456968774,0.751988951919333,0.6104702059875794,0.9604511154279459,0.06653426017874876
270,train,light_dysplastic,Abnormal,mild,0.27576295986622074,0.5965510706841008,1.4786284640676375,0.3494820248150086,0.024452137812677008,0.3669071506029853,0.435966868547325,0.8148613891417008,0.7627375876273759,186.90597414880204,0.8251078389019455,0.7171509863604791,0.951976094306323,0.07902217168845935
271,train,light_dysplastic,Abnormal,mild,0.37353334908260494,0.42268367239380206,0.7321526383056418,0.4084923731846854,0.03465159182435275,0.19948314508766263,0.5070693035760954,0.6745785226392647,0.8776945138310667,420.90694356372865,0.725002168878562,0.6132927817162229,0.9373364083900978,0.1824602087066512
272,train,light_dysplastic,Abnormal,mild,0.24986577901857618,0.5156854318865493,1.064773735581189,0.38265431797385624,0.03285998924621973,0.24019208426361824,0.4649728969848809,0.5556299816135075,0.9445910290237467,190.51993292583978,0.8076818570643367,0.7427142040624607,0.956880992003602,0.2636441770519983
273,train,light_dysplastic,Abnormal,mild,0.17526690391459074,0.47796954314720813,0.9155970439517698,0.41655531677411833,0.03402602378427012,0.21105667251366494,0.5050187010471244,0.5067024030920818,0.6869377222958365,272.33947316654445,0.86319946129499,0.8166208297356712,0.9331383804665071,0.44710659898477156
274,train,light_dysplastic,Abnormal,mild,0.11359260685406238,0.4214689265536723,0.728515625,0.36965517741681125,0.02894991732335172,0.2504520031377871,0.44877573778339463,0.44450743880815535,0.9321922317314022,62.45895823254314,0.9168284251818957,0.8839389962577597,0.9726304872488115,0.42415254237288136
275,train,light_dysplastic,Abnormal,mild,0.45851875397329944,0.28162911611785096,0.39203860072376356,0.42175043668174966,0.02846278631589646,0.17358953155516632,0.49563552420823587,0.6057453201183096,0.9629506008010681,334.69838722618954,0.6957884103605094,0.5290002651448624,0.9543008423937873,0.07677642980935875
276,train,light_dysplastic,Abnormal,mild,0.2898968614838638,0.42348890589135424,0.73457199734572,0.45079515206263177,0.026433286086197556,0.15833166358894055,0.5085365853468129,0.4714161801559977,0.8444516233241802,285.20863349528116,0.8113189802090491,0.7011256697074647,0.9546720208284162,0.09162203519510329
277,train,light_dysplastic,Abnormal,mild,0.13984940265858994,0.17747029628515565,0.2157615651855915,0.427408234629445,0.02845245932970968,0.17093509667947346,0.4802541123408589,0.4128802911027468,0.8994859307359307,142.35161263086798,0.906304005079299,0.8553895576162392,0.9589062079036128,0.04933072642502632
278,train,light_dysplastic,Abnormal,mild,0.14814436499829758,0.5343599172603999,1.1475814412635736,0.37569601686696186,0.020399879075904216,0.22965505525295826,0.43672752492112343,0.6455865712555644,0.9712053571428572,89.29912304741025,0.8883836469181241,0.8481797923783311,0.9668916616333383,0.1785796368650885
279,train,light_dysplastic,Abnormal,mild,0.6879273327828241,0.4837470591059682,0.9370349702380952,0.33708923435021654,0.026705559258912534,0.2555066487160376,0.42525523678221283,0.5385587161156596,0.8268619977767191,473.55930232558137,0.5414647544476026,0.29441228584292,0.8889201327691424,0.03917991069285063
280,train,light_dysplastic,Abnormal,mild,0.15248188834189652,0.6989990131115184,2.322248243559719,0.46172766042600993,0.023742382555037186,0.13184241708107255,0.5444097526748405,0.8145621045452698,0.7671425481289206,230.95023778642457,0.8993286304663645,0.8410714345833716,0.9424070574323103,0.10700690821937121
281,train,light_dysplastic,Abnormal,mild,0.13310141059855127,0.3376297887576083,0.5097297297297297,0.3388427879317156,0.03504752158104941,0.2768496833945003,0.4523585284578696,0.7740359625392655,0.6417738970588235,194.87331032499281,0.8955253980600424,0.8605807692543942,0.9254818928668246,0.20121732903687792
282,train,light_dysplastic,Abnormal,mild,0.34433293978748525,0.732213269329676,2.734314980793854,0.3616338408142466,0.020630340862752856,0.24753361410124822,0.4329726132911551,0.5668593973354392,0.8101388888888889,308.61734997029123,0.7660900147698683,0.6423194821477158,0.9280697850134283,0.021258357620435455
283,train,light_dysplastic,Abnormal,mild,0.15505150120534736,0.39593639575971734,0.6554548113483475,0.40885291755256326,0.022337530358673675,0.2071949570876268,0.46125664974852176,0.45606650941948856,0.9676867840656522,90.01166501595688,0.892149336157881,0.8415940386425551,0.9727954352657889,0.06837455830388693
284,train,light_dysplastic,Abnormal,mild,0.1272631855156127,0.38291605301914583,0.6205250596658711,0.4342122328808446,0.022041482162862423,0.17167159562659565,0.48935726594599654,0.3613452521285623,0.9669609797778411,82.38033416121021,0.9077830593385331,0.8700005506946427,0.9739964230845958,0.13446244477172312
285,train,light_dysplastic,Abnormal,mild,0.5084269662921348,0.3548603852471256,0.5500520773058674,0.44165990668432326,0.023837894457486238,0.15774690061573504,0.531042620067122,0.7756828328041929,0.6619551250370663,536.0959260108538,0.672181624721325,0.47888285999174973,0.9346691907632219,0.08697924443780797
286,train,light_dysplastic,Abnormal,mild,0.5937857764344919,0.2166351752593221,0.27654442530150136,0.3373988444705045,0.04134096473124294,0.2736454045592168,0.4606444161321925,0.599347671412732,0.7779977799777997,432.56333333333333,0.6096028969872251,0.39375723880672536,0.9295270500142949,0.08290594994794277
287,train,light_dysplastic,Abnormal,mild,0.2017256677783557,0.71621416654027,2.523784072688402,0.3954271887119947,0.016021470610004227,0.2239694503754174,0.44896993450079126,0.6143673079179456,0.9671409711016576,95.9761392288297,0.8782319016641252,0.7943848666516479,0.9728369389993795,0.06142878810860003
288,train,light_dysplastic,Abnormal,mild,0.2727807172251617,0.6629310344827586,1.9667519181585678,0.3489605538132028,0.018248855761760913,0.33464122190635853,0.4068313157146917,0.7690500742209859,0.9551255660765747,95.34003152088258,0.8214601219353326,0.7223488556811309,0.9728879610252558,0.07155172413793104
289,train,light_dysplastic,Abnormal,mild,0.18771595377099964,0.5756902570612504,1.356768885564697,0.3509188561731197,0.025443672011277705,0.2729320381145647,0.428352683649376,0.6877937888981185,0.92228889214108,101.7984918307499,0.8684063184112939,0.8079829813488952,0.9655466632703016,0.03602031101237702
290,train,light_dysplastic,Abnormal,mild,0.20982142857142858,0.5539188943444262,1.241744802282919,0.4118558214566194,0.015943573038763162,0.19687620264432681,0.4573094419798086,0.6440284043822412,0.9131517768183328,133.58878648233488,0.8653942812087555,0.784651535844319,0.9668330558766665,0.06510274595380978
291,train,light_dysplastic,Abnormal,mild,0.23122895622895623,0.6589006188569348,1.9316969050160084,0.39685988841945613,0.012618579645425705,0.17466979529800875,0.4385241199489401,0.5042875284060767,0.8270359777209092,287.08071957671956,0.8568130183318089,0.7566736504950398,0.9263526568105455,0.1204950855478704
292,train,light_dysplastic,Abnormal,mild,0.3216711257460383,0.4032309660908509,0.6756901634950415,0.44314727416498795,0.027669861751087956,0.17256393106565865,0.5395524653889073,0.9119875271451104,0.7824454549247006,347.68628835095205,0.7953342839171721,0.6690868551316904,0.9516726991163333,0.06781829814459372
293,train,light_dysplastic,Abnormal,mild,0.1392868265337901,0.5707098937954165,1.3294270833333333,0.3677077300864845,0.027305608495984048,0.32146315806954423,0.4420790662445534,0.7628661492727236,0.9738704409363091,64.0797643562808,0.9019113100288185,0.8582547724422647,0.9745280218894105,0.1911682504192286
294,train,light_dysplastic,Abnormal,mild,0.17180879378260408,0.5366216383690668,1.1580636533832576,0.37998182982384643,0.02764759505663901,0.29536690081487993,0.45319965325739825,0.7480606722522888,0.9588829471182413,85.20965605639822,0.8858705412673132,0.8250732334500208,0.9733089620173963,0.19519147354071137
295,train,light_dysplastic,Abnormal,mild,0.14950257559671268,0.599947396107312,1.4996712689020382,0.34984871169335774,0.027320522100372908,0.31786383351713254,0.4413818277449047,0.6122105947028801,0.9325484424822174,97.15955340882097,0.8960855292082623,0.8464622439703752,0.9613919615251979,0.32193582325092057
296,train,light_dysplastic,Abnormal,mild,0.22424987702902116,0.5327922790085545,1.14037558685446,0.3748139216493514,0.020336985967710143,0.29577833745154525,0.43370495148669796,0.6688376639690881,0.9656852361787757,114.27780250210154,0.8476776223304838,0.7709321004833115,0.9689552018533542,0.1522263654310156
297,train,light_dysplastic,Abnormal,mild,0.30115997229916897,0.6967519402127048,2.2976303317535547,0.26992754287193427,0.02660132011469542,0.3921431947404402,0.4038197245609145,0.8819688812580512,0.7830294845824893,191.6739281979784,0.7966646196215421,0.6893440846975621,0.9314971314644505,0.08105777522276517
298,train,light_dysplastic,Abnormal,mild,0.4091970121381886,0.5611808328579578,1.278843028924277,0.291473290380447,0.03228285322562478,0.3685188470462533,0.42230437566511814,0.45559729467352955,0.7060008054772453,403.9525659133709,0.7113569955377564,0.5738652118366183,0.9009855822180176,0.07273245864232744
299,train,light_dysplastic,Abnormal,mild,0.1442361761949391,0.5802469135802469,1.3823529411764706,0.33205661901938827,0.029805677367672475,0.3771461602534882,0.42685359922297095,0.3572536624174663,0.9181208053691275,85.87939556559809,0.8955414383333985,0.8524240852046905,0.9620320712133722,0.3010071474983756
300,train,light_dysplastic,Abnormal,mild,0.6187036736460532,0.4714266975646015,0.8918851848788154,0.2978661451002215,0.023974488902841352,0.4086721625796053,0.4025556002783279,0.5778472021824684,0.8226386590892741,249.45207267979544,0.6064136939851226,0.37019093008839415,0.9384633177989208,0.041449871015696735
301,train,light_dysplastic,Abnormal,mild,0.35628753412192904,0.5410154254775769,1.1787224571555754,0.2962597994787039,0.024336069207739643,0.4058789300541816,0.3700403220696246,0.75108472104245,0.7501724270059008,207.96336996336998,0.7539815884984176,0.6320550655162135,0.9373201826680682,0.06476657472673408
302,train,light_dysplastic,Abnormal,mild,0.4629884200470654,0.5192994816566856,1.0802973199329984,0.2954280395007116,0.028805969149227315,0.40069427301095034,0.3733244475646205,0.7398307887513456,0.7749093319814374,232.26188248502996,0.7023595968493568,0.5255191685392462,0.936830301087268,0.09576770167580896
303,train,light_dysplastic,Abnormal,mild,0.4276086956521739,0.456532791052364,0.8400374181478016,0.382375584960042,0.026305140694132062,0.3207410196533143,0.4629924768735059,0.5690364475111511,0.6384290814670561,516.7090710382515,0.7069233516673377,0.554430294012879,0.9118096176951824,0.10379596678529063
304,train,light_dysplastic,Abnormal,mild,0.3236863057324841,0.463657606690444,0.8644806237101582,0.35687129807042184,0.0264889909498558,0.34339484887456145,0.4344725197944347,0.7260391512117854,0.8565258611608554,179.6526859752434,0.789625002630764,0.6687202936220996,0.96087045111061,0.11671381133931866
305,train,light_dysplastic,Abnormal,mild,0.4401900183150183,0.6238460538291509,1.6584860006913238,0.43404783692551635,0.01944697653727698,0.2537227238308137,0.5001421947500051,0.840501143604184,0.7876088069636457,430.1390552995392,0.7107225263822028,0.5465459416678593,0.9365885078180537,0.11064881029775062
306,train,light_dysplastic,Abnormal,mild,0.4972120625358577,0.2506625800054088,0.3345122948847505,0.3960448210782551,0.0434586176248008,0.3021313814657341,0.5089658440638178,0.9148692419907736,0.7965904521169644,431.7872233400402,0.6767384838466834,0.49171585898499387,0.9436964665785976,0.11578472910844677
307,train,light_dysplastic,Abnormal,mild,0.10889175257731959,0.45153564384333617,0.823272540457231,0.5732303530635343,0.03863147801356891,0.3027796789569786,0.6683546846778784,0.6649006768312998,0.9405061613886312,123.89228422171882,0.9280255613118941,0.8888339430738467,0.9751158678969835,0.04395604395604396
308,train,light_dysplastic,Abnormal,mild,0.13972261516698445,0.6684274237922306,2.0159309658148024,0.5477359225758133,0.02686853208797844,0.3081191086683533,0.6215302601146665,0.537384652862357,0.96928,98.40804234110513,0.905715257739433,0.8581863183280167,0.9808298117312302,0.10300429184549356
309,train,light_dysplastic,Abnormal,mild,0.34855015673981193,0.28123243395165826,0.39127034556918716,0.49305582408053794,0.0819476937354349,0.32791473160161994,0.6893249734188607,0.8122317574046646,0.5576529362785914,808.4415216337749,0.738036783041288,0.6405839299488386,0.9343658257232389,0.21999718943226532
310,train,light_dysplastic,Abnormal,mild,0.49063051774221106,0.3804272115161365,0.6140153644369496,0.35134544532002615,0.027936821734426662,0.307260261372842,0.4387133829315875,0.8435179843767387,0.804971497990842,345.0970217640321,0.6826303031768182,0.49672742942890447,0.9367624299497669,0.0991409333642907
311,train,light_dysplastic,Abnormal,mild,0.6897709320695102,0.41390717943824157,0.7062143826322931,0.2669435103644901,0.029978856112803414,0.31492369963928807,0.3646863828877005,0.7631915496548233,0.8731287321205388,245.60392372974763,0.5477336953227954,0.30104741417822395,0.9227837514959185,0.057861755256544835
312,train,light_dysplastic,Abnormal,mild,0.5883512368187641,0.36180904522613067,0.5669291338582677,0.402376126724764,0.052483220808021404,0.3558104481631804,0.5658254039421544,0.8883304677713367,0.8337988826815642,894.888689048761,0.5632384713563684,0.39312060616860317,0.8966478669919339,0.1068676716917923
313,train,light_dysplastic,Abnormal,mild,0.5279399499582986,0.5519352290679305,1.23182018510357,0.3447564827949069,0.04554687045045253,0.4255469768039839,0.4981320215349252,0.6477877771962156,0.8326208484051298,478.4307708531056,0.6109929850858217,0.45641185175137394,0.9206365833924457,0.1338862559241706
314,train,light_dysplastic,Abnormal,mild,0.5585647042772358,0.5859794821690278,1.415339233038348,0.3602592099649364,0.04213901030699995,0.4481607570582058,0.5303213534617387,0.3779820039995173,0.92,303.91977689023554,0.6163419127444758,0.43309173630363706,0.9533344336998207,0.13287738153395212
315,train,light_dysplastic,Abnormal,mild,0.5527164795457479,0.5311697408358627,1.1329681274900398,0.5111587149321267,0.0375073027968407,0.3197123905961419,0.6620787004921491,0.5453509603148491,0.8761378746036617,640.0541788617886,0.6301609372603645,0.43474833449931005,0.9433967865333592,0.11802474900770488
316,train,light_dysplastic,Abnormal,mild,0.3572612612612613,0.45077667944321165,0.8207529843893481,0.2382307984854269,0.03633792560835343,0.4994606848200619,0.35030083494481357,0.7195427191443867,0.7826018313861699,210.54829710144926,0.7413449421942894,0.6307698114450753,0.9263110491841907,0.0683881379866855
317,train,light_dysplastic,Abnormal,mild,0.2179394007155635,0.5700910606643581,1.3260739856801909,0.2455257269900086,0.03409523702822715,0.494317963489518,0.3501308638682203,0.8528404870823744,0.7661393337918837,103.38282215481405,0.8497462928181945,0.7761029370833076,0.9473236782647293,0.12312427856868026
318,train,light_dysplastic,Abnormal,mild,0.3548231419973883,0.5514041123289863,1.2291778134474765,0.2869409368065276,0.02533509197030602,0.38090942115107135,0.3831866830327637,0.9029012238150129,0.7780267662620604,177.49901583226358,0.7789861203992903,0.6361167557582068,0.9469645192391175,0.08480678454276343
319,train,light_dysplastic,Abnormal,mild,0.2645161290322581,0.6787011639113352,2.112367328103369,0.27312377173086605,0.02803225946692119,0.38172177300614785,0.378857369997376,0.7179287606908499,0.8656783468104223,123.36661546338965,0.836841068891444,0.7288723037066978,0.9501618186213913,0.15953740084513307
320,train,moderate_dysplastic,Abnormal,moderate,0.5111826226870475,0.7009757632987095,2.3442105263157895,0.24666480343731562,0.012218399472751766,0.4800371292707368,0.2943272833849329,0.5742804710096786,0.9219384793964016,130.88766233766233,0.6861936465361969,0.47646522529079705,0.9410932440906535,0.0511488825936418
321,train,moderate_dysplastic,Abnormal,moderate,0.35813148788927335,0.45169082125603865,0.8237885462555066,0.27570034811785676,0.020563529223652025,0.4792836254317719,0.33868855489332306,0.6317394624361627,0.898534997287032,149.01198257080608,0.7824131768461788,0.6312706609429483,0.9488467344044414,0.07397342995169082
322,train,moderate_dysplastic,Abnormal,moderate,0.5170110192837466,0.6970827227920607,2.301231310466139,0.24904034172277742,0.0124759679572356,0.4806213835711839,0.2991918836980702,0.49588640931457406,0.8948623197043748,150.01180555555555,0.6899534980551821,0.4720156691848466,0.9342826081474095,0.05514852804049554
323,train,moderate_dysplastic,Abnormal,moderate,0.49901538461538464,0.4598594154642989,0.8513698630136987,0.3035822146504083,0.04514615712443641,0.4499895408269841,0.4506172369952548,0.6414501664893659,0.8530401851462235,430.0799379844961,0.6502076846101661,0.48809776372927033,0.9171938399358537,0.1090146750524109
324,train,moderate_dysplastic,Abnormal,moderate,0.17048872180451127,0.7723263506063948,3.3922518159806296,0.35692384263341315,0.024695564352308963,0.4150916649040069,0.4524765569956797,0.7745647119598539,0.929779600205023,143.69746308216588,0.8863866888442934,0.8237212822668005,0.9462717171163598,0.149393605292172
325,train,moderate_dysplastic,Abnormal,moderate,0.2070078031212485,0.49111997100398697,0.9650997150997151,0.3639611032486796,0.03096334912539076,0.3399397143855262,0.4543645159488297,0.7181202705022327,0.9553324099722992,158.5702172760996,0.8416888116421464,0.7865634599902227,0.9566581174022158,0.13664371148967017
326,train,moderate_dysplastic,Abnormal,moderate,0.350305070481801,0.6756756756756757,2.0833333333333335,0.29844037019607844,0.026368059287326422,0.4288372352144955,0.4321198126361656,0.5348512602677107,0.8638132295719845,312.96333297906256,0.7564888521458855,0.6353751924403366,0.914343891115227,0.07537537537537538
327,train,moderate_dysplastic,Abnormal,moderate,0.39004267425320055,0.35539752005835157,0.5513437057991514,0.3015905733458083,0.03310685840632303,0.4449767396071146,0.46308360140888044,0.9269523637447273,0.7936324167872648,429.06702470461875,0.7309532639236251,0.5954372483951967,0.9207850682716469,0.0962800875273523
328,train,moderate_dysplastic,Abnormal,moderate,0.352919807465262,0.4433865156973752,0.7965788257050394,0.3555300495032604,0.030512357558161243,0.38510529213700645,0.515903326353195,0.8392143640602108,0.7807916415511352,494.4477775745381,0.7420064384984493,0.6322457316612909,0.9198910642454061,0.08646423057128153
329,train,moderate_dysplastic,Abnormal,moderate,0.43701477585775106,0.5656160458452723,1.3021108179419525,0.32096114958512956,0.03803030690705824,0.4235292368386565,0.450374662596789,0.8506917615506531,0.7858000600420294,407.733164983165,0.6706379145359763,0.5499251371807844,0.9152597291247112,0.11117478510028653
330,train,moderate_dysplastic,Abnormal,moderate,0.5281743765467352,0.48044692737430167,0.9247311827956989,0.3087052468999603,0.029287481514176615,0.4408810681031588,0.39521774485999744,0.6560230568002325,0.8715250510444479,267.3936364510238,0.6337477117088817,0.46170407918410505,0.9363006291236198,0.07622995134258424
331,train,moderate_dysplastic,Abnormal,moderate,0.42403508771929826,0.564335953661564,1.295346628679962,0.3129161658329021,0.037402479104535896,0.4279833848621486,0.4401007373889727,0.8492937749424898,0.7798031940635587,388.8464396284829,0.670700357712947,0.5629857090435401,0.9145537361966211,0.13280926768721554
332,train,moderate_dysplastic,Abnormal,moderate,0.4427298234032018,0.43821062441752096,0.7800265428002654,0.31123836198196847,0.03787729169078727,0.47211002688794745,0.4205002753164969,0.8543363502709572,0.904874346432788,193.0598255089323,0.6744832341076227,0.5498257341875789,0.9585944580986127,0.09506057781919851
333,train,moderate_dysplastic,Abnormal,moderate,0.600330959061803,0.6131351869606904,1.5848822800495663,0.3013417046099128,0.031204473672043386,0.4160351877044909,0.4333980088441821,0.6656940473771105,0.8532569792412312,381.95579268292687,0.584965891980789,0.38453165920136223,0.9099475533093565,0.07790028763183125
334,train,moderate_dysplastic,Abnormal,moderate,0.38056759952700037,0.43837389953392025,0.7805440295066851,0.30971624211960824,0.03597424754370966,0.3892591312497203,0.4603147104927725,0.941068227434731,0.8236297718063553,288.87612315010574,0.7367563968424474,0.6097115505342576,0.943323529221366,0.06257552218194372
335,train,moderate_dysplastic,Abnormal,moderate,0.39783807878754107,0.5588235294117647,1.2666666666666666,0.3064884129932675,0.03117703603927517,0.4490468339702789,0.41944593638344224,0.5234775823568427,0.7866035033601411,258.8539584503088,0.7196287303686818,0.5930635092936601,0.9374001181503857,0.0984593837535014
336,train,moderate_dysplastic,Abnormal,moderate,0.7203806672369547,0.43016179308297464,0.7548840843969784,0.30106889524892083,0.04593808777119636,0.4162503640771764,0.42858502918958674,0.7893247419056618,0.8468887492143307,485.80518502581754,0.489342900133842,0.26517420187430263,0.8833457952596065,0.06694374350601158
337,train,moderate_dysplastic,Abnormal,moderate,0.5408504538939322,0.4531802120141343,0.8287560581583199,0.32695210258762375,0.03060775073612706,0.3820704235389827,0.46462148246697715,0.7206872489840812,0.8794509905477146,453.0688405797101,0.5979288980632129,0.4422628579758601,0.9189340525563204,0.07862190812720848
338,train,moderate_dysplastic,Abnormal,moderate,0.1619966791199668,0.6210762331838565,1.6390532544378698,0.3683771080706651,0.023082632468888732,0.2900561783001663,0.4518244264332952,0.7424756859700473,0.8914905768132496,145.37042842215254,0.8878586609923446,0.8323470462467258,0.949241875066147,0.11563100576553491
339,train,moderate_dysplastic,Abnormal,moderate,0.4956644484775156,0.5155614320585842,1.0642452235985724,0.2772406834313919,0.02706541417229735,0.4228174058023447,0.37142002692321946,0.8269788758892853,0.7424299629993204,315.507149376331,0.6593607923500419,0.4887197786878565,0.9107689746225162,0.0807567127746135
340,train,moderate_dysplastic,Abnormal,moderate,0.26330982916094836,0.6155643421998562,1.6012155212716221,0.2863469396307428,0.03472069792343731,0.4116224780824329,0.42351487831037044,0.8656436655375581,0.8304477611940299,142.8225806451613,0.8246745569829044,0.7310190475090229,0.953448358591935,0.08554996405463695
341,train,moderate_dysplastic,Abnormal,moderate,0.8275550443641143,0.555296336741785,1.2486884696952785,0.30168932440840823,0.023736228774656466,0.4301543364554861,0.3712165942014712,0.674121926690963,0.8483597928159347,288.4031864266501,0.49046475529887,0.16486663860072304,0.8687112585287948,0.05251662861113869
342,train,moderate_dysplastic,Abnormal,moderate,0.6027827405121542,0.4149452128615053,0.7092416334049739,0.2780089264069264,0.03824123718377416,0.40076524114212375,0.40220699898258355,0.7422827196520193,0.8071040231968104,362.802400436443,0.5956313003654272,0.3841145962232016,0.9134956911618146,0.10858631219687444
343,train,moderate_dysplastic,Abnormal,moderate,0.2614887567846989,0.497084115844618,0.9884040880503144,0.22372424175078662,0.019567091756024987,0.330704021750949,0.35509151112960907,0.5733701607153903,0.6228529212583882,120.43355645496058,0.8372035206792197,0.7336502743034662,0.9463220140105347,0.14025897005041021
344,train,moderate_dysplastic,Abnormal,moderate,0.15977035636770986,0.813321647677476,4.356807511737089,0.2247244516283525,0.016659034806612207,0.30070618226985346,0.3732185393844549,0.44416018324427736,0.9409015942825728,61.29520191360632,0.9076302924541397,0.836962469410726,0.948019167266153,0.14168857727139936
345,train,moderate_dysplastic,Abnormal,moderate,0.6054112554112554,0.47133833869622216,0.8915689810640216,0.33743623112962,0.026342221466910863,0.45046131216702573,0.441817166675507,0.7730693985369729,0.8753390360943042,367.05792682926824,0.6321778163735703,0.38258856056065454,0.9265413549484345,0.05279466094625194
346,train,moderate_dysplastic,Abnormal,moderate,0.4312934771650368,0.7220663861617578,2.5979814970563497,0.30612359707754905,0.01462105006770558,0.4845099557964772,0.3872292768680223,0.7067089697715424,0.875742067553736,242.02777777777783,0.7368553989253809,0.5568866031773536,0.9306770265562806,0.036699392239364186
347,train,moderate_dysplastic,Abnormal,moderate,0.39013532763532766,0.5369694203560018,1.1596845736816166,0.3356171789038608,0.022454356050703825,0.454181151290419,0.41335216034171185,0.8520745177996243,0.672911547911548,349.55307112068965,0.7379489610991825,0.5938585920824904,0.9195223208839219,0.05203103605659516
348,train,moderate_dysplastic,Abnormal,moderate,0.21520408163265306,0.7291370317686107,2.6919037199124727,0.44605326715566734,0.016079872265837385,0.33127605696762985,0.5008541890419188,0.48736511221660045,0.9741339491916859,107.67076923076922,0.8770981801462139,0.7811258263184933,0.9769606409064213,0.13169748696064484
349,train,moderate_dysplastic,Abnormal,moderate,0.6035623409669211,0.46814689900693274,0.8802184252245905,0.36314285182874434,0.023785434503901005,0.4279177745075604,0.4426068450956215,0.7479945225411232,0.8138772398017537,404.788538224906,0.6296128510052035,0.3840228710379711,0.9224950222943905,0.06913996627318718
350,train,moderate_dysplastic,Abnormal,moderate,0.3015748031496063,0.6135770234986945,1.587837837837838,0.35306834125990827,0.023292564035066018,0.4320101900715974,0.4365298658585056,0.6122883076357306,0.9614057106997176,167.00248015873015,0.8081672034212227,0.6909087785228849,0.9596525652085014,0.05662532637075718
351,train,moderate_dysplastic,Abnormal,moderate,0.5520755545793982,0.43061744112030553,0.7562884292901062,0.36130598669623065,0.026787396918170076,0.4313129601108396,0.43927018961189845,0.7296336272494643,0.8088036553188751,336.8036093418259,0.6699306767284043,0.4373581690064772,0.9375209251449864,0.05673138128580522
352,train,moderate_dysplastic,Abnormal,moderate,0.32246753246753246,0.612565445026178,1.5810810810810811,0.35948755574462965,0.02502047274194633,0.42027186349244694,0.4493340904705611,0.7646115546120775,0.8436013590033975,249.2271319520174,0.7932205091001909,0.6675676076444206,0.9446976324997322,0.11155859846959323
353,train,moderate_dysplastic,Abnormal,moderate,0.24343972514066622,0.6758028226631213,2.0845425867507887,0.31626421639842384,0.01894181023609536,0.46782058511325286,0.3815434240118761,0.6413628830592042,0.9394696387394312,111.41149909692956,0.8519840563814651,0.7499053523921547,0.9595423641026923,0.09674780118633668
354,train,moderate_dysplastic,Abnormal,moderate,0.24266384358355114,0.5790047716428085,1.3753238341968912,0.37724727544702835,0.025251277399934574,0.4063704015868966,0.4586354330488673,0.4482974732898431,0.7163785525930266,251.31079012181323,0.8254435069541979,0.7480949680538223,0.9386261794508238,0.06912065439672802
355,train,moderate_dysplastic,Abnormal,moderate,0.2782664467656221,0.6104708594007244,1.5672020287404902,0.3765362518772342,0.01746017409052446,0.42291755613654003,0.4410537112359737,0.6573903652847373,0.8352585258525853,261.7834736744703,0.8113070593610754,0.711562684470009,0.9381043489275315,0.037537043134672377
356,train,moderate_dysplastic,Abnormal,moderate,0.3879310344827586,0.3844444444444444,0.6245487364620939,0.35949862722430015,0.0273403967174453,0.42707453372130333,0.435803805762016,0.7525689033619674,0.8021390374331551,299.4915534656914,0.7396545089166644,0.6020241886167494,0.9420811658531342,0.09266666666666666
357,train,moderate_dysplastic,Abnormal,moderate,0.30047576568539996,0.524740227610094,1.1041124414367518,0.35195637573841415,0.02406730682686615,0.42389293360283414,0.43142099233446635,0.7671625767725563,0.9326257498846331,216.16784160791957,0.7933297481731076,0.6897063471244386,0.9487432009487441,0.07570509648688768
358,train,moderate_dysplastic,Abnormal,moderate,0.35880758807588076,0.5537332757876564,1.2408123791102514,0.35946610701022425,0.018496464613043585,0.4197928730404744,0.42832707475253157,0.8533218404539477,0.7426282051282052,290.9423858661663,0.7729453063319118,0.6295162170410943,0.9365807411776708,0.07380233059991369
359,train,moderate_dysplastic,Abnormal,moderate,0.2610180517157261,0.6884735202492211,2.21,0.3238066928104576,0.018595811297095734,0.4556704610069687,0.3864502384313726,0.6408318547672164,0.9532765788952683,123.7509833916084,0.841066720396109,0.7316780398592461,0.958483299896024,0.09470404984423676
360,train,moderate_dysplastic,Abnormal,moderate,0.32398821861023236,0.44006734006734005,0.7859290438965725,0.29113309029809326,0.020126155877839818,0.4771741500504313,0.3823862874795138,0.8876428123946868,0.7335144480118547,259.0809796999117,0.7872983501945248,0.6615157613492948,0.924337787388114,0.09932659932659933
361,train,moderate_dysplastic,Abnormal,moderate,0.32398821861023236,0.44006734006734005,0.7859290438965725,0.29113309029809326,0.020126155877839818,0.4771741500504313,0.3823862874795138,0.8876428123946868,0.7335144480118547,259.0809796999117,0.7872983501945248,0.6615157613492948,0.924337787388114,0.09932659932659933
362,train,moderate_dysplastic,Abnormal,moderate,0.3020833333333333,0.6110133708655876,1.5707824513794664,0.49399701789152173,0.015358032023614075,0.3191054664143922,0.5443742591853568,0.6883303182393989,0.9088583306683723,264.0553859339011,0.825398754745586,0.6897221841176407,0.9635482618791088,0.04961294862772695
363,train,moderate_dysplastic,Abnormal,moderate,0.3020833333333333,0.6110133708655876,1.5707824513794664,0.49399701789152173,0.015358032023614075,0.3191054664143922,0.5443742591853568,0.6883303182393989,0.9088583306683723,264.0553859339011,0.825398754745586,0.6897221841176407,0.9635482618791088,0.04961294862772695
364,train,moderate_dysplastic,Abnormal,moderate,0.582641885164288,0.39860438621475364,0.6627989580866682,0.39950402594764234,0.019550152160034435,0.3954595187226361,0.47516568929252967,0.4075030327980904,0.8355544978581628,502.1236473450213,0.6216831074754334,0.4012363133339049,0.9206890480737826,0.05696382796923953
365,train,moderate_dysplastic,Abnormal,moderate,0.582641885164288,0.39860438621475364,0.6627989580866682,0.39950402594764234,0.019550152160034435,0.3954595187226361,0.47516568929252967,0.4075030327980904,0.8355544978581628,502.1236473450213,0.6216831074754334,0.4012363133339049,0.9206890480737826,0.05696382796923953
366,train,moderate_dysplastic,Abnormal,moderate,0.2884304207119741,0.6931977559607293,2.2594285714285713,0.4243776436867109,0.014586371959055945,0.3778367441986326,0.48431244817927166,0.7834618612777524,0.7358101135190919,343.21936274509807,0.8111623028820822,0.6988080477127167,0.9346816987098708,0.03295932678821879
367,train,moderate_dysplastic,Abnormal,moderate,0.2884304207119741,0.6931977559607293,2.2594285714285713,0.4243776436867109,0.014586371959055945,0.3778367441986326,0.48431244817927166,0.7834618612777524,0.7358101135190919,343.21936274509807,0.8111623028820822,0.6988080477127167,0.9346816987098708,0.03295932678821879
368,train,moderate_dysplastic,Abnormal,moderate,0.1428083128247197,0.6031594064145525,1.519903498190591,0.3627971721132898,0.017541599128527166,0.43380829593558146,0.4294041703919203,0.2369847310741515,0.9146234676007006,149.25024154589374,0.9036505496590594,0.8502298074216804,0.938637183127351,0.0665390138822403
369,train,moderate_dysplastic,Abnormal,moderate,0.1428083128247197,0.6031594064145525,1.519903498190591,0.3627971721132898,0.017541599128527166,0.43380829593558146,0.4294041703919203,0.2369847310741515,0.9146234676007006,149.25024154589374,0.9036505496590594,0.8502298074216804,0.938637183127351,0.0665390138822403
370,train,moderate_dysplastic,Abnormal,moderate,0.22254799962167787,0.6094347641308967,1.560391730141458,0.40305075614625213,0.017616062380559277,0.3904376589672979,0.46082032302801423,0.5410733952492527,0.9691103789126854,164.13742354740057,0.8593710269847221,0.7701341546747249,0.9599871548045732,0.0577985550361241
371,train,moderate_dysplastic,Abnormal,moderate,0.22254799962167787,0.6094347641308967,1.560391730141458,0.40305075614625213,0.017616062380559277,0.3904376589672979,0.46082032302801423,0.5410733952492527,0.9691103789126854,164.13742354740057,0.8593710269847221,0.7701341546747249,0.9599871548045732,0.0577985550361241
372,train,moderate_dysplastic,Abnormal,moderate,0.23417989417989418,0.7306823316764574,2.7130872483221475,0.3949066123419065,0.016432018757167294,0.4012102274755525,0.462232706935123,0.5602937636070272,0.9190199335548173,232.4226495726496,0.8413374966161646,0.7564085135066114,0.9420155125931439,0.05738816086760054
373,train,moderate_dysplastic,Abnormal,moderate,0.23417989417989418,0.7306823316764574,2.7130872483221475,0.3949066123419065,0.016432018757167294,0.4012102274755525,0.462232706935123,0.5602937636070272,0.9190199335548173,232.4226495726496,0.8413374966161646,0.7564085135066114,0.9420155125931439,0.05738816086760054
374,train,moderate_dysplastic,Abnormal,moderate,0.5797757985257985,0.6519666269368296,1.8732876712328768,0.2981278589095602,0.027249475437911147,0.4334650360766067,0.44388699406094256,0.7644570349935771,0.7854988037033184,401.37360853432284,0.6013303089499838,0.4070681765659188,0.9053764703009755,0.07297046748774996
375,train,moderate_dysplastic,Abnormal,moderate,0.5797757985257985,0.6519666269368296,1.8732876712328768,0.2981278589095602,0.027249475437911147,0.4334650360766067,0.44388699406094256,0.7644570349935771,0.7854988037033184,401.37360853432284,0.6013303089499838,0.4070681765659188,0.9053764703009755,0.07297046748774996
376,train,moderate_dysplastic,Abnormal,moderate,0.5367185367185368,0.4884028484231943,0.9546629548618015,0.3029680545311231,0.03538408652897352,0.43799408383914584,0.4575207333153982,0.7579026904619901,0.744020587344838,410.0953087233574,0.6294746416216532,0.4498630348363503,0.920991003583841,0.07344862665310274
377,train,moderate_dysplastic,Abnormal,moderate,0.5367185367185368,0.4884028484231943,0.9546629548618015,0.3029680545311231,0.03538408652897352,0.43799408383914584,0.4575207333153982,0.7579026904619901,0.744020587344838,410.0953087233574,0.6294746416216532,0.4498630348363503,0.920991003583841,0.07344862665310274
378,train,moderate_dysplastic,Abnormal,moderate,0.46671534623341854,0.3951760104302477,0.6533735718904936,0.41475183133761595,0.030633161916080048,0.41882700653999366,0.5368880401878364,0.7699149714477849,0.7613658923962676,363.6988980716253,0.7177631557283083,0.5260423094794978,0.9541537070771512,0.05860495436766623
379,train,moderate_dysplastic,Abnormal,moderate,0.46671534623341854,0.3951760104302477,0.6533735718904936,0.41475183133761595,0.030633161916080048,0.41882700653999366,0.5368880401878364,0.7699149714477849,0.7613658923962676,363.6988980716253,0.7177631557283083,0.5260423094794978,0.9541537070771512,0.05860495436766623
380,train,moderate_dysplastic,Abnormal,moderate,0.2017036811682385,0.5196764020293432,1.081929774479018,0.42178101319261213,0.026656093126357472,0.397675801419417,0.5108228655550144,0.9201223257542833,0.6885385196374623,285.3123400467342,0.8663189497916745,0.7895433519899377,0.9375517975069942,0.09132044426162073
381,train,moderate_dysplastic,Abnormal,moderate,0.2017036811682385,0.5196764020293432,1.081929774479018,0.42178101319261213,0.026656093126357472,0.397675801419417,0.5108228655550144,0.9201223257542833,0.6885385196374623,285.3123400467342,0.8663189497916745,0.7895433519899377,0.9375517975069942,0.09132044426162073
382,train,moderate_dysplastic,Abnormal,moderate,0.4027586206896552,0.5340182648401827,1.1460068593826556,0.31953962527978275,0.03874894697365935,0.42204851394116477,0.464794206991959,0.9221446733761246,0.8036697247706422,451.9003703703704,0.7118878050149231,0.581865448098921,0.9099262070439581,0.11735159817351598
383,train,moderate_dysplastic,Abnormal,moderate,0.4027586206896552,0.5340182648401827,1.1460068593826556,0.31953962527978275,0.03874894697365935,0.42204851394116477,0.464794206991959,0.9221446733761246,0.8036697247706422,451.9003703703704,0.7118878050149231,0.581865448098921,0.9099262070439581,0.11735159817351598
384,train,moderate_dysplastic,Abnormal,moderate,0.2248931623931624,0.5890736342042755,1.4335260115606936,0.37005762773209644,0.03412814482607644,0.40038013423277047,0.47934871484881686,0.8282584130204033,0.8609406952965235,248.98586149053438,0.8314846210344076,0.7660581992592915,0.9379460818992826,0.1728688308260755
385,train,moderate_dysplastic,Abnormal,moderate,0.2248931623931624,0.5890736342042755,1.4335260115606936,0.37005762773209644,0.03412814482607644,0.40038013423277047,0.47934871484881686,0.8282584130204033,0.8609406952965235,248.98586149053438,0.8314846210344076,0.7660581992592915,0.9379460818992826,0.1728688308260755
386,train,moderate_dysplastic,Abnormal,moderate,0.14528227398341886,0.5117753623188406,1.0482374768089053,0.35732006061657706,0.029229004381620058,0.426648850512871,0.4328081569597536,0.7513071223616224,0.9580561180214059,100.40683504062169,0.8934344135546796,0.8506608260137337,0.9604751375026868,0.11413043478260869
387,train,moderate_dysplastic,Abnormal,moderate,0.14528227398341886,0.5117753623188406,1.0482374768089053,0.35732006061657706,0.029229004381620058,0.426648850512871,0.4328081569597536,0.7513071223616224,0.9580561180214059,100.40683504062169,0.8934344135546796,0.8506608260137337,0.9604751375026868,0.11413043478260869
388,train,moderate_dysplastic,Abnormal,moderate,0.34299516908212563,0.7496478873239436,2.9943741209563997,0.23546720894463938,0.011360287293323841,0.38191954038892073,0.2833340271917487,0.7570212929644755,0.9419568822553898,120.39142682180037,0.7878374971468852,0.6433944828910506,0.9333775511909469,0.05176056338028169
389,train,moderate_dysplastic,Abnormal,moderate,0.34299516908212563,0.7496478873239436,2.9943741209563997,0.23546720894463938,0.011360287293323841,0.38191954038892073,0.2833340271917487,0.7570212929644755,0.9419568822553898,120.39142682180037,0.7878374971468852,0.6433944828910506,0.9333775511909469,0.05176056338028169
390,train,moderate_dysplastic,Abnormal,moderate,0.8939788570553087,0.596229648671808,1.4766553480475382,0.2678405732997424,0.02060880313914339,0.4543584023468144,0.35807246845767166,0.5679798341099926,0.9120750293083235,145.42491493968453,0.4996102995894626,0.11501389895503808,0.896006674329632,0.05347043701799486
391,train,moderate_dysplastic,Abnormal,moderate,0.41937618147448014,0.4536097964089851,0.8301938677299602,0.3456644614175581,0.04132591007844549,0.27967426858844635,0.46185114743491235,0.8581084093583471,0.7853560682046138,398.9477248275426,0.6865711294395666,0.5673818733457738,0.9276891883926528,0.08782210202088499
392,train,moderate_dysplastic,Abnormal,moderate,0.3086466165413534,0.6784409257003654,2.109848484848485,0.37415032210370686,0.028923907873040253,0.28072707287699616,0.47674954099821754,0.6888819968213985,0.852987012987013,199.89024544534414,0.7805881217298125,0.6844610092902337,0.9573706009454599,0.07551766138855055
393,train,moderate_dysplastic,Abnormal,moderate,0.48786876206231045,0.5413958745408307,1.1805298829328403,0.35231804310450693,0.028309517138223488,0.28913706437733855,0.45458266318727125,0.29047924720539925,0.8643301990475027,382.01806684733526,0.6559629013137264,0.496961452496215,0.9285775233252672,0.04196100593387963
394,train,moderate_dysplastic,Abnormal,moderate,0.307079389607881,0.6252555433244221,1.6684851028115821,0.33987039846924694,0.025258164186060524,0.2821177791470204,0.4240682484592662,0.7093228081747838,0.9280502043199066,126.80766614846483,0.8134909518442814,0.6883517709567767,0.9672648532008292,0.03616920899512502
395,train,moderate_dysplastic,Abnormal,moderate,0.4797016385424309,0.5804231455518736,1.3833535844471445,0.36090270433806665,0.03292598579239043,0.2665893416854938,0.46275619453775835,0.7205888543564933,0.8223169368362213,203.35104333210347,0.7067821261653326,0.5142322938151384,0.9627481481036603,0.03050386608887756
396,train,moderate_dysplastic,Abnormal,moderate,0.5118983957219251,0.473491773308958,0.8993055555555556,0.3310961552188443,0.042821743052830576,0.2879048076536109,0.4486261396410416,0.8510273819705958,0.7450382669606953,474.000941366326,0.6221868914338864,0.472471016827071,0.9105219901454707,0.07713066945242449
397,train,moderate_dysplastic,Abnormal,moderate,0.6663004467882516,0.512366714301418,1.0507213706041478,0.3080730660339656,0.02323675069104748,0.3473794984125817,0.3847801858236532,0.5683119984057344,0.83130768527826,350.06807095343675,0.5351718162471966,0.3197473659750164,0.902348829775308,0.05881059690007695
398,train,moderate_dysplastic,Abnormal,moderate,0.4239312567132116,0.2558021688456471,0.34372872123110443,0.29741836207700195,0.03704031595648592,0.3427258605213278,0.47817372490273513,0.7442128475646593,0.6033755274261603,616.6251836487772,0.6947160391326126,0.556263614690427,0.9018360202387502,0.09628053106313976
399,train,moderate_dysplastic,Abnormal,moderate,0.4847572629969419,0.33129620502710694,0.4954304245283019,0.32187944624323994,0.041629345333764826,0.2615018874506781,0.4630828266046985,0.855282970599416,0.8440802063399617,524.4090470679013,0.637732334705455,0.4975650782250508,0.9119570346505815,0.07018235584031543
400,train,moderate_dysplastic,Abnormal,moderate,0.7554112554112554,0.34605365980724145,0.5291774546903008,0.28729284656881193,0.0400731063011563,0.29900842621251433,0.4469159385482933,0.6052220507190488,0.9317395789090468,198.66473214285713,0.5074176853413115,0.24072442099297356,0.9544581756532335,0.09546756967960407
401,train,moderate_dysplastic,Abnormal,moderate,0.5339863945578232,0.4378312270688952,0.7788252356780275,0.3333126611165882,0.030060395577684817,0.2596610468183684,0.4283855885907662,0.8900194930026794,0.8579172860015738,343.86846153846153,0.646739473282054,0.4514440612411463,0.9311760361062784,0.1028332653893192
402,train,moderate_dysplastic,Abnormal,moderate,0.5955195681511471,0.36761240029006526,0.5813086791371032,0.4146521118500414,0.03829407402626494,0.19387170959951822,0.5319229979637523,0.6647857579701821,0.887708710521022,447.52945326278655,0.6406193232924055,0.39253566354112784,0.9421965890647518,0.08597715736040609
403,train,moderate_dysplastic,Abnormal,moderate,0.4917956799851673,0.3493402450518379,0.536901571666546,0.33983140037506976,0.03574055819791904,0.23913233575352671,0.48597286593756794,0.8560694157660736,0.6958517789801607,428.0336846023216,0.6927322071253029,0.4960432790837999,0.9340983245451852,0.09830348727615457
404,train,moderate_dysplastic,Abnormal,moderate,0.19665271966527198,0.5642124598193785,1.2946961714085001,0.35044936239932767,0.032477926302318216,0.2959681728466868,0.45868445298456584,0.48945169193803306,0.8485517599688271,163.1845112145578,0.8584127864901565,0.7977064408902433,0.9509922671588165,0.07041175570182152
405,train,moderate_dysplastic,Abnormal,moderate,0.16833310505410218,0.6600895036615134,1.9419509275882705,0.3627514668116862,0.023214760781173103,0.27175247579908074,0.43292203705659404,0.7762871040588563,0.9783084577114428,84.22612287041817,0.884185301222091,0.8282857245361277,0.9693033502456447,0.15113913751017088
406,train,moderate_dysplastic,Abnormal,moderate,0.16015490533562823,0.6256492924950743,1.6712918660287082,0.42254014157165876,0.027186748756026967,0.24121078756547074,0.49554007580448456,0.6262195469082517,0.8326621923937361,149.45835497835498,0.8900700414847179,0.8350608928059045,0.9581120395700253,0.0677055346587856
407,train,moderate_dysplastic,Abnormal,moderate,0.2244615247117705,0.7694604817837946,3.337651122625216,0.3363916316870862,0.02007785708509664,0.2928848720780005,0.42747513427478073,0.7073663700457354,0.9141037306642402,129.66570760654562,0.8577551788212127,0.7698268593141441,0.9557320883671315,0.0800318534740195
408,train,moderate_dysplastic,Abnormal,moderate,0.38772321428571427,0.7499520245634236,2.9992325402916347,0.30575956108134145,0.017023650477960776,0.29709912288317886,0.3688133375468376,0.6592229709435224,0.919047619047619,159.3498312710911,0.7512267270701647,0.6040822518655409,0.9503887191963005,0.09825369410861638
409,train,moderate_dysplastic,Abnormal,moderate,0.28441143899420235,0.6296381126889602,1.7000618429189858,0.3554501838101556,0.026927508586390463,0.30441085812645796,0.4559014762268544,0.6433604303043574,0.7919463087248322,263.2333464722112,0.8110559864425662,0.7051633143309949,0.9369763474083815,0.04786990380210719
410,train,moderate_dysplastic,Abnormal,moderate,0.2804295271827739,0.7325581395348837,2.739130434782609,0.3424030941112077,0.025102644864209916,0.28375392433470686,0.44428099773642593,0.48157673767213377,0.833834837846874,178.59096569681876,0.8279995419420247,0.7119078308474028,0.9512489696085991,0.107457898957498
411,train,moderate_dysplastic,Abnormal,moderate,0.23392420084550916,0.6433100824350032,1.8035555555555556,0.37107176451260643,0.018208443262293424,0.26133710235915314,0.431042345969499,0.6164293280986657,0.9482862297053518,156.47960555804573,0.8516056784793102,0.7592930922761363,0.9566624322408004,0.14806594800253647
412,train,moderate_dysplastic,Abnormal,moderate,0.3464855754932091,0.5226037195994278,1.0946958345819597,0.29370018604101916,0.029077044917954806,0.2663364543290435,0.37552128258915196,0.6636994050475259,0.8160168106467429,141.67948909843835,0.7926118564654019,0.6480068900908235,0.957524003720604,0.06723891273247497
413,train,moderate_dysplastic,Abnormal,moderate,0.5530665073675827,0.5668766876687669,1.3088113050706567,0.3074253956749419,0.03270945071887389,0.2758635814277677,0.4444165383925806,0.8192133434100358,0.7562968005445881,378.0924420355315,0.6409594248532365,0.43564911788243055,0.9194991805782198,0.0856885688568857
414,train,moderate_dysplastic,Abnormal,moderate,0.4228427632112996,0.43559224419274334,0.7717687074829932,0.3100661986363519,0.03017083790443765,0.304291251193518,0.4125963486728025,0.4387193203874933,0.6443592281048985,516.5797244094489,0.6828546771597088,0.5551343736177365,0.8838089710318084,0.08446918794394317
415,train,moderate_dysplastic,Abnormal,moderate,0.2460239651416122,0.5423953951737879,1.1852926947266569,0.3631211505402161,0.02721394867270145,0.26533682099399863,0.443577205953499,0.7914763965271528,0.8651599310476921,179.58991228070175,0.8274240483298007,0.7466653490275049,0.9541264895527914,0.147664379012619
416,train,moderate_dysplastic,Abnormal,moderate,0.32268281322775966,0.6478060046189377,1.839344262295082,0.3471604382929642,0.02185893544520926,0.2976777458983152,0.4301295191256831,0.7712718609720818,0.9091863517060368,266.5520617586142,0.7616465509602154,0.6648082768826007,0.9349608067349123,0.08400692840646651
417,train,moderate_dysplastic,Abnormal,moderate,0.20676593521421108,0.43619709412507895,0.7736694677871149,0.3863649594638725,0.03960827303528016,0.21081812597047053,0.5238314329653431,0.9542070106795021,0.42576654115115653,340.37934540207266,0.8541695705961021,0.7842491075076716,0.9278524122589606,0.20846493998736576
418,train,moderate_dysplastic,Abnormal,moderate,0.28105921855921856,0.4366005973391257,0.7749397590361445,0.37915895912593894,0.03739405923416534,0.24005923883404678,0.4766673209544059,0.7742761108335443,0.8766960247560105,246.3895474137932,0.7805874804617221,0.7100725709501207,0.9512931025311119,0.1789302199294054
419,train,moderate_dysplastic,Abnormal,moderate,0.48122207462866806,0.46775407779171896,0.8788307402168788,0.3360752314230413,0.02002458919938589,0.28756064216261673,0.395584734540681,0.6716638650552771,0.7757445980144053,312.63040293040297,0.7107852381139501,0.5056564465463318,0.9293403627812404,0.05771643663739021
420,train,moderate_dysplastic,Abnormal,moderate,0.493409245621635,0.47635770726200927,0.9097005988023952,0.3878439554357815,0.02976960359118405,0.228745295612284,0.4972887737935894,0.6125952025945441,0.7319379417974846,639.7295899289542,0.6450360947455818,0.48649979605947785,0.9035804886329376,0.08566411639282578
421,train,moderate_dysplastic,Abnormal,moderate,0.3106641123882503,0.48381294964028776,0.9372822299651568,0.3665191611216978,0.030226441958132195,0.26854660024681154,0.4616219447779112,0.5584123987855197,0.9172755126090031,270.24628245317894,0.7597914181385856,0.6793337046477339,0.9449879543878085,0.19501541623843782
422,train,moderate_dysplastic,Abnormal,moderate,0.4686261107313739,0.5277129521586931,1.1173563928350834,0.36398914924289233,0.024036522709414424,0.26324095160491817,0.4406367925008175,0.6448325825458453,0.7715507539950484,474.40577507598783,0.6484130110813745,0.512034899982298,0.9099143479265305,0.13418903150525088
423,train,moderate_dysplastic,Abnormal,moderate,0.5337261275904104,0.37742672249714504,0.6062366248853561,0.3041582019716611,0.037013903468315394,0.29137879391065147,0.4743311010004736,0.5512293308845561,0.791980705456738,543.6204881050041,0.6027554276118179,0.44770378684958057,0.9090940398676545,0.06947087933003426
424,train,moderate_dysplastic,Abnormal,moderate,0.42529206804673086,0.6175100401606426,1.614447711045779,0.36640056599538884,0.027112951827901802,0.2694184634991641,0.46073758727178404,0.7751185624274577,0.7337340876944838,369.4610720683478,0.6816083910494651,0.5605095715581098,0.9299448283725389,0.07582329317269076
425,train,moderate_dysplastic,Abnormal,moderate,0.4790970746026926,0.4865835622226917,0.9477366255144033,0.336748215200974,0.036405708265615386,0.2982565224251388,0.4403392847575244,0.32256092107646384,0.8258593613679986,485.8257575757576,0.6462586645491517,0.49977806465826025,0.9052406691476083,0.04479188675258821
426,train,moderate_dysplastic,Abnormal,moderate,0.28474514118078476,0.5276883451384418,1.1172460804362645,0.32596947205972077,0.029778265884348808,0.3156362284130143,0.43509717631019684,0.866762932047052,0.9321728691476591,261.4412962962962,0.7783670047436022,0.7042689920052828,0.933109475120609,0.0901481004507405
427,train,moderate_dysplastic,Abnormal,moderate,0.5313321204770568,0.4970515503138672,0.9882753403933434,0.3774152705552179,0.03209679346054105,0.2841097541293951,0.47550254961288596,0.5572683788905627,0.8816032198557773,483.4281923037666,0.598420141072912,0.45142488316086377,0.9203274239731897,0.05611565531672056
428,train,moderate_dysplastic,Abnormal,moderate,0.3948256467941507,0.37226970560303896,0.5930408472012103,0.35837402681072433,0.03516036158241716,0.31091850924129477,0.4613860221292754,0.7787359614399215,0.8264008789828913,476.2636281041794,0.6830169135438654,0.589033876983274,0.916589321859857,0.11433998100664768
429,train,moderate_dysplastic,Abnormal,moderate,0.566223137053101,0.44254987666075213,0.7938824625417281,0.278964982225239,0.03197814709549292,0.41883641839093877,0.3782895465733845,0.5786479277219225,0.6146786550329857,546.4898733553441,0.5883472395046505,0.4093895576102434,0.8553014658669744,0.06868048643268274
430,train,moderate_dysplastic,Abnormal,moderate,0.7939320766474529,0.43222958057395144,0.7612752721617418,0.29928007833345577,0.03870756379225177,0.38042517727888325,0.42055335169768615,0.7841653992618235,0.8211149601224522,411.106126443531,0.4741757678485745,0.19369106934421598,0.8770900633141201,0.06303654648025508
431,train,moderate_dysplastic,Abnormal,moderate,0.6672705314009661,0.5849073128010509,1.4091004993318799,0.2458583813840969,0.036965959995600116,0.3312752436155077,0.3669390153191877,0.687131977611596,0.9165707863965965,157.9494010335108,0.5851588909142034,0.32811713497808204,0.9464296600616028,0.07032549992701795
432,train,moderate_dysplastic,Abnormal,moderate,0.6765337487894227,0.5562332731686065,1.2534361851332398,0.2334856970470856,0.025243233126211576,0.3433608695407333,0.3714456263784617,0.7912824091950875,0.8290077911356483,225.00639234611802,0.5778976929914686,0.31631142683094826,0.9237126007957958,0.057322462189581126
433,train,moderate_dysplastic,Abnormal,moderate,0.21900978444787758,0.6761840779308028,2.0881742738589213,0.3652630700447094,0.01987830807887571,0.35793664465809427,0.4353572276462453,0.6555968153576014,0.9555448563633445,117.53933747412007,0.8672900823538842,0.7763885015180739,0.9651351145567422,0.15216661068189452
434,train,moderate_dysplastic,Abnormal,moderate,0.13453775064224469,0.5841289522628642,1.4045915324985092,0.3379729890410845,0.02655398896920533,0.2837599415108646,0.4170045880248343,0.6348589990355871,0.9673743552836752,57.43850016739202,0.898006359628464,0.8632270789666653,0.9727430662617692,0.23806571605703658
435,train,moderate_dysplastic,Abnormal,moderate,0.30280774730274274,0.5311225584889461,1.1327534905012588,0.4272865209450117,0.0286644200378334,0.22251170345306728,0.5252656251037838,0.8854696464926,0.9091618694506781,252.43965376449455,0.7935075796469835,0.6899561030622486,0.9595640813339515,0.06857694784288473
436,train,moderate_dysplastic,Abnormal,moderate,0.6914624905279111,0.5442922374429223,1.1943887775551103,0.2895083479405185,0.028836600625975758,0.37265086820323495,0.3899283519195253,0.7319986971232992,0.8038467185435325,419.23909994900555,0.5238840772687903,0.28882439664926457,0.8753654677002018,0.04191780821917808
437,train,moderate_dysplastic,Abnormal,moderate,0.5365546218487395,0.38292873923257637,0.6205583756345178,0.3744517617653742,0.03374612325780433,0.264674354113218,0.49928343021134003,0.8840035868580843,0.8233397807865893,647.4630049610205,0.6285317958648193,0.4441249318068742,0.9055036506431321,0.075306708431219
438,train,moderate_dysplastic,Abnormal,moderate,0.5427737226277373,0.43769051461359154,0.7783801020408163,0.2955299820870585,0.027926749247248518,0.35163412191995547,0.4335240116046419,0.788015448926364,0.8630454967502321,450.3284671532847,0.6279792563658043,0.43846219674859016,0.9070068705400852,0.0586336740182894
439,train,moderate_dysplastic,Abnormal,moderate,0.3951341370696209,0.53587135788895,1.154575066627184,0.384465937268983,0.03321840351923187,0.28610873967374273,0.49289535578045257,0.8005991707969645,0.780854260570938,538.0978714066272,0.7165762812011482,0.5860063455720151,0.9109254068658443,0.04989004947773502
440,train,moderate_dysplastic,Abnormal,moderate,0.24012027491408935,0.4761478831246273,0.9089356858281161,0.42894685820226647,0.02859222327354301,0.23136968410038106,0.5072878837590813,0.7889711209116648,0.9400224215246636,174.5291615600894,0.8325162983262353,0.7539809597625794,0.9670214563105425,0.14460345855694692
441,train,moderate_dysplastic,Abnormal,moderate,0.5924723424723425,0.43799472295514513,0.7793427230046949,0.31310850460666195,0.03467266669273646,0.3567212959225316,0.43432563550230496,0.5908797958133389,0.8486779777796917,331.5138181818182,0.612960493808603,0.39506341972076997,0.9321811769490949,0.05094377917596915
442,train,moderate_dysplastic,Abnormal,moderate,0.4755238095238095,0.5824153815341478,1.394724220623501,0.32528885292769105,0.031622756280346255,0.3388372827202117,0.4119236176235483,0.5704214407169605,0.7982414068745004,354.89846153846156,0.6508806785014617,0.5088212062900034,0.9189518923262272,0.07630682956138594
443,train,moderate_dysplastic,Abnormal,moderate,0.5932162325863113,0.48131509087196245,0.9279527559055119,0.3132183962664404,0.03891833590187525,0.3469972482716278,0.4505344347691833,0.852309778073809,0.9074400074122116,231.88528693528696,0.5999159072858338,0.39904801618477465,0.954279059433287,0.07494384316928732
444,train,moderate_dysplastic,Abnormal,moderate,0.435240621447518,0.5267281908410238,1.1129506990434144,0.322251821228326,0.037511382013100156,0.38123737045579376,0.44809474700255375,0.7896406709502493,0.8831308626787636,387.9978632478633,0.6853502982588491,0.5498351521168257,0.921087578847454,0.1387776423472053
445,train,moderate_dysplastic,Abnormal,moderate,0.33832134292565946,0.48936773461865607,0.9583564686285397,0.3511249844364165,0.026849017172936994,0.33768994956438414,0.4245507034218463,0.588433718795514,0.9132573795960642,170.37970160784124,0.7478954545373753,0.6539978960175832,0.961760414175943,0.19832719024666856
446,train,moderate_dysplastic,Abnormal,moderate,0.12506393861892584,0.7174505794137696,2.5392038600723765,0.29970774570350706,0.03149537754030208,0.36975010964971294,0.453422255966319,0.8095489979565401,0.9157303370786517,112.8215892053973,0.9096081136766041,0.8707486257931754,0.9358392571923837,0.21336059986366734
447,train,moderate_dysplastic,Abnormal,moderate,0.2937811853474504,0.5791217895608948,1.375984251968504,0.38658180594126057,0.02130160843404592,0.2698868859107101,0.44889423498533276,0.6347622674836625,0.956039603960396,233.33678245873372,0.7970024977930463,0.6951313268642373,0.9497276635192051,0.152029826014913
448,train,moderate_dysplastic,Abnormal,moderate,0.2834878516624041,0.5807724837891176,1.3853396099529254,0.41514497049305166,0.015304987509693346,0.2400755892178964,0.4520730113269249,0.7667553282259425,0.9630735813195764,208.2839366515837,0.8179905552219392,0.7069079960877774,0.9575466860228761,0.08796165773893432
449,train,moderate_dysplastic,Abnormal,moderate,0.3210072595281307,0.4697290930506478,0.8858285206574855,0.3657911939740791,0.020798131360588237,0.3029231719481171,0.4259231243630282,0.7159950134801534,0.8723797780517879,269.27235276167227,0.7688048375591537,0.6665963809400228,0.9403301998897973,0.0895170789163722
450,train,moderate_dysplastic,Abnormal,moderate,0.32089699036128777,0.2911728647323253,0.4107812049582012,0.3063199834881321,0.03929764922964314,0.33703458376447654,0.40400142573720177,0.6775448261949247,0.8655818889281924,210.45549668874173,0.758991215371993,0.6683871087437091,0.9486836610585875,0.11994278708622803
451,train,moderate_dysplastic,Abnormal,moderate,0.16105724407980607,0.7447178002894356,2.917233560090703,0.3304382000106689,0.019676234058879912,0.3714598123770443,0.41321866079765246,0.8058211334123322,0.9044502617801047,102.06667291822959,0.8915443366441949,0.834286963543404,0.9535059008023464,0.16642547033285093
452,train,moderate_dysplastic,Abnormal,moderate,0.19243697478991598,0.49672489082969434,0.9869848156182213,0.38507697091144155,0.026216250135564292,0.27667127625910815,0.4478410127174514,0.5022673262321262,0.9616797900262467,121.30579036348267,0.8605474961962798,0.8028538924384621,0.9656566342099526,0.1476528384279476
453,train,moderate_dysplastic,Abnormal,moderate,0.2908830611049652,0.6266219239373602,1.6782504493708807,0.41146475754457446,0.014878323044988088,0.32151473264008185,0.46222394201059697,0.7206977548537195,0.9569685292228645,179.247375328084,0.8145768623835834,0.7015340323434838,0.9640264678058911,0.08747203579418344
454,train,moderate_dysplastic,Abnormal,moderate,0.23803680981595093,0.6082474226804123,1.5526315789473684,0.36679784532117937,0.0222591913206985,0.35073819448851273,0.438040262125903,0.7707579239330884,0.9337183718371838,130.0052204585538,0.8334551164599584,0.7564732996583966,0.9649524584487963,0.1533136966126657
455,train,moderate_dysplastic,Abnormal,moderate,0.3492721032074802,0.29193493730938663,0.4122995932041158,0.38726400191185006,0.02670524824858917,0.28249540976271337,0.45952226041505384,0.6837624719706819,0.7410848819688599,372.43208402960136,0.7575648234237762,0.6361726182790581,0.9349590357221768,0.10504913588614029
456,train,moderate_dysplastic,Abnormal,moderate,0.2907017543859649,0.703983101991551,2.3781855249745156,0.2909114233125741,0.017760646262739092,0.3849634859599409,0.3563087205932322,0.5972968520132399,0.9718475073313783,116.84247787610619,0.809327497954298,0.7015987833845909,0.9553506152239757,0.06457453228726615
457,train,moderate_dysplastic,Abnormal,moderate,0.6100616424736528,0.733702737940026,2.755201958384333,0.4169358780846857,0.01941008854183968,0.2544859845573853,0.48193462452300384,0.7607378386652642,0.8303112313937754,484.7113608992373,0.6027040794740651,0.3757054211666555,0.9174002297128413,0.10316166883963494
458,train,moderate_dysplastic,Abnormal,moderate,0.39904761904761904,0.7072394590294352,2.4157608695652173,0.3283277072718851,0.01996632356356059,0.33926689656219605,0.39695738597612956,0.7150848590573736,0.9540796963946869,220.05810593900486,0.730277811243004,0.5881748536700903,0.9426648742281033,0.12211614956245027
459,train,moderate_dysplastic,Abnormal,moderate,0.53125,0.6980392156862745,2.311688311688312,0.34562875177037106,0.017805322032664345,0.33168186471996486,0.4101984451962603,0.8252768117256476,0.8518253400143164,266.96935096153845,0.6637141560500823,0.4565828523999904,0.9387873450027007,0.09607843137254903
460,train,moderate_dysplastic,Abnormal,moderate,0.5260797342192691,0.5029996842437638,1.0120711562897078,0.3268319540144997,0.029559305382479945,0.3629089185378152,0.4138267548645888,0.7158546992236402,0.8848840458228555,292.70823529411757,0.6490347693679467,0.4605975646018931,0.9362858702051691,0.11177770760972529
461,train,moderate_dysplastic,Abnormal,moderate,0.3479060554612337,0.678324522163481,2.108723135271808,0.321972507170734,0.018945070313835907,0.3589911339642101,0.38702339555291143,0.7123402186503865,0.9560653188180405,178.7025171624714,0.7652902018850439,0.6410342534575072,0.9491403935240231,0.1142740951606344
462,train,moderate_dysplastic,Abnormal,moderate,0.357338523644752,0.5182570102884809,1.0757956448911223,0.36583100802173735,0.01909012727770235,0.3154409890609023,0.4272599477781062,0.7526001253804115,0.900945110868775,217.21496005809735,0.7560186147088159,0.632942597722073,0.9538910674937651,0.10046399031672383
463,train,moderate_dysplastic,Abnormal,moderate,0.46659443842542436,0.5499226006191951,1.2218400687876183,0.3076950162133819,0.025217275150211594,0.3816992899717032,0.3877003651813262,0.5515934831092342,0.9739917075009423,253.86793488201937,0.6461851790028266,0.5181502946321298,0.9355187186189086,0.07739938080495357
464,train,moderate_dysplastic,Abnormal,moderate,0.42345864661654137,0.6448863636363636,1.816,0.3102491604042498,0.02660913784128643,0.36881639004931077,0.3919626745098039,0.6397999793961596,0.9555480149304377,255.92583586626142,0.6712419049844235,0.5633126074131534,0.9320274961659426,0.11363636363636363
465,train,moderate_dysplastic,Abnormal,moderate,0.37083333333333335,0.6064534716220109,1.5409956076134699,0.3153082792603978,0.02687678421758806,0.3672643136903785,0.3949230011770448,0.6597970325407004,0.926093916755603,232.98381877022655,0.7186886119829348,0.6172128779943392,0.9376765968241254,0.11524056467876692
466,train,moderate_dysplastic,Abnormal,moderate,0.6236987638256344,0.45925153214239145,0.8492886423920907,0.2818297150683101,0.03524577420189419,0.37020469354716784,0.42839946325479794,0.6286898378191939,0.8947614047369035,388.7231337161609,0.5531963287250421,0.361452575749423,0.9130022988680299,0.07406441517798931
467,train,moderate_dysplastic,Abnormal,moderate,0.26075404858299595,0.8282387190684134,4.822033898305085,0.2766671927587672,0.01708542246446605,0.3966965294161068,0.3590138894427828,0.542434791156559,0.8988225032708242,148.12723556463976,0.8205863128904556,0.7292439408115196,0.9312002951550251,0.06889859291606017
468,train,moderate_dysplastic,Abnormal,moderate,0.33502655275917803,0.7925568573397657,3.820598006644518,0.2547278342710998,0.019161214828195192,0.4051822006943542,0.34652440101622045,0.5811672319532616,0.9349226804123711,198.70913348946135,0.7638865710926976,0.650178108786545,0.9112976399990308,0.08890420399724328
469,train,moderate_dysplastic,Abnormal,moderate,0.35893939393939395,0.6504854368932039,1.8611111111111112,0.2762954592765075,0.019253338868669076,0.39045869568917796,0.34051040825992235,0.8102734364806372,0.911504424778761,167.94189602446482,0.7578172719882883,0.6287337946043227,0.938091402316309,0.048121570282819756
470,train,moderate_dysplastic,Abnormal,moderate,0.5721380471380472,0.639546858908342,1.7742857142857142,0.30462321907829154,0.022243197207598164,0.38250126807626006,0.3941894927571029,0.6379148753201481,0.8661909009812667,378.4657662249406,0.6307161906778864,0.4101625021758703,0.8989745820088291,0.0532587906429307
471,train,moderate_dysplastic,Abnormal,moderate,0.3665711898794606,0.48054696402409247,0.9251018489501723,0.3793812035708592,0.023985165363096403,0.4700725754011606,0.45218996884620344,0.7946817280662769,0.9617974009707217,164.23123231593522,0.7613248420728705,0.6263052109117645,0.9691138069643471,0.05030115578707472
472,train,moderate_dysplastic,Abnormal,moderate,0.7761882426516573,0.5516164769866049,1.2302336028751124,0.39864660630730286,0.03558323868031367,0.454788812484226,0.5604029575603827,0.4886070787858907,0.9471525326719451,311.984867591425,0.489213176172718,0.21752533916730074,0.9454065753918659,0.06727767146741867
473,train,moderate_dysplastic,Abnormal,moderate,0.1781493172808692,0.38879159369527144,0.6361031518624641,0.4913079310452321,0.05005042674629272,0.3945596641149242,0.7102905506257787,0.8745768697326629,0.6807630268602286,344.25219185146983,0.879775166747853,0.8165537284978838,0.9553989385211284,0.13752961780158648
474,train,moderate_dysplastic,Abnormal,moderate,0.6709803354540197,0.5821570951406099,1.393243940175348,0.34162513316857374,0.035047192988825374,0.46692827475389503,0.46375536126363903,0.7599463318989258,0.7713597074468085,646.0981733498289,0.4809044502319696,0.3098019124112012,0.8652500911942047,0.042667815968106884
475,train,moderate_dysplastic,Abnormal,moderate,0.2347252747252747,0.4700374531835206,0.8869257950530035,0.4664304675415984,0.06089523662020272,0.35139528480413834,0.6214053636342639,0.5753907106177284,0.7102244389027431,418.7077291129923,0.8079171815498206,0.7573764096504285,0.9424911026009148,0.0991729088639201
476,train,moderate_dysplastic,Abnormal,moderate,0.5292022792022792,0.6206498750240338,1.6360871768879879,0.25291124450275776,0.043149398071778394,0.49532656325258384,0.3968608012084712,0.783204145617806,0.9636835278858625,207.50036041602306,0.6153572958877208,0.46248925207308694,0.9408738114699882,0.12959046337242838
477,train,moderate_dysplastic,Abnormal,moderate,0.6183836469473399,0.49233800350262696,0.9698145752479517,0.30881842387466324,0.03786425926489939,0.45428450877274,0.4519054731163704,0.7024803396726228,0.962089300758214,208.3851314348302,0.5776412722939908,0.3738779256133181,0.9577778118550156,0.11033274956217162
478,train,moderate_dysplastic,Abnormal,moderate,0.5904255319148937,0.5570570570570571,1.2576271186440677,0.11890607393900955,0.025435971212941548,0.7340936041129035,0.22644317580591564,0.5348059742187096,0.9013703265098968,115.9144265232975,0.6100607458221649,0.3968478311754648,0.8975869208858741,0.0990990990990991
479,train,moderate_dysplastic,Abnormal,moderate,0.43753865182436613,0.4802120141342756,0.9238613188307274,0.27862646092138105,0.04224855164979459,0.5542686451119112,0.4005283880513456,0.7404736701298705,0.9341475491005117,278.66057482036865,0.6511787688536628,0.5483125245743241,0.9305898520675072,0.10530035335689046
480,train,normal_columnar,Normal,none,0.18852848101265823,0.7767519932857743,3.4793233082706765,0.5931025883200389,0.024296281870416263,0.28729865350573,0.6833366681409405,0.554412416920913,0.9643868878996358,294.0455414012739,0.8612025391180888,0.8062123533260475,0.9609467271390768,0.1535879143936215
481,train,normal_columnar,Normal,none,0.18852848101265823,0.7767519932857743,3.4793233082706765,0.5931025883200389,0.024296281870416263,0.28729865350573,0.6833366681409405,0.554412416920913,0.9643868878996358,294.0455414012739,0.8612025391180888,0.8062123533260475,0.9609467271390768,0.1535879143936215
482,train,normal_columnar,Normal,none,0.4341957255343082,0.6080111598246313,1.5510930350788001,0.5359416538454123,0.03213086977791309,0.32953743999359925,0.6554143513063588,0.30404120234872195,0.7275627084239524,968.3626421697288,0.6618274405445524,0.5498295515304563,0.9122640161353661,0.07572738142686329
483,train,normal_columnar,Normal,none,0.4341957255343082,0.6080111598246313,1.5510930350788001,0.5359416538454123,0.03213086977791309,0.32953743999359925,0.6554143513063588,0.30404120234872195,0.7275627084239524,968.3626421697288,0.6618274405445524,0.5498295515304563,0.9122640161353661,0.07572738142686329
484,train,normal_columnar,Normal,none,0.5025817555938038,0.5387527036770007,1.1680343884329816,0.533355524767284,0.037861252446322054,0.32900641915161327,0.6591981935345456,0.6629806006297168,0.7325059413783997,1237.0898587933252,0.613045054706942,0.4774648676134578,0.8938938299072946,0.10003604902667627
485,train,normal_columnar,Normal,none,0.294179477072658,0.5104957570343903,1.042883211678832,0.5524421024822878,0.025203167310655816,0.317215728248238,0.6249101166451982,0.9191993216200747,0.7302674494455317,522.8357558139535,0.7837929044390732,0.6950150760374386,0.9442572414025108,0.04935238945958017
486,train,normal_columnar,Normal,none,0.22272727272727272,0.6364795918367347,1.750877192982456,0.3880406124667636,0.020379361671065195,0.47161423560035176,0.48249225547528957,0.8708007782909547,0.8466522678185745,327.6499808208668,0.838567097812719,0.7648236671837512,0.9199500747573901,0.07993197278911565
487,train,normal_columnar,Normal,none,0.2865929941618015,0.46671516915241906,0.8751705320600273,0.4049968230097963,0.03555169118433959,0.4588555565247078,0.5631782895968755,0.6481179844641239,0.7780922728559299,659.5074343562164,0.78274846607798,0.6974325177345848,0.9001913204120021,0.07675518370316478
488,train,normal_columnar,Normal,none,0.45708601743084504,0.5877720207253886,1.4258421317244847,0.536699262700849,0.030917110140069214,0.3223392515283889,0.6562293362513433,0.2980178748395842,0.7593641800440667,981.5694444444445,0.6487109948052172,0.5256839590127218,0.9130024068050284,0.0955440414507772
489,train,normal_columnar,Normal,none,0.6374207188160677,0.3149332701571508,0.45971181556195967,0.5616518062029224,0.04729842812519175,0.3085146819491133,0.7056531965417868,0.6464444500349442,0.8956078930617442,987.6532401074126,0.541775871355384,0.3497384913191526,0.9270603063645536,0.1300639658848614
490,train,normal_columnar,Normal,none,0.1733232284956423,0.7162221250546568,2.5238828967642526,0.40658878689937517,0.020264643845034656,0.4675396699271748,0.4788606785703496,0.9034621160863662,0.8349762687112084,289.1370114942528,0.8679372989600785,0.8157879292672126,0.9157940965367848,0.09619588981198077
491,train,normal_columnar,Normal,none,0.47944727475748483,0.6266375545851528,1.6783625730994152,0.5040126317323678,0.02788206608151617,0.35206174020640735,0.6074354580132248,0.8242085412274307,0.7379954882371899,733.7523291925465,0.6416855146320667,0.505037909653355,0.9243718661039558,0.07641921397379912
492,train,normal_columnar,Normal,none,0.7256153846153847,0.3754903000106011,0.601256153454422,0.3667532150884069,0.04885633764532538,0.4770065377541391,0.5551531739010321,0.6368007491227814,0.9205621157411925,581.5242635658915,0.47953851362746336,0.2629428397255246,0.9177514845722397,0.05947206615074738
493,train,normal_columnar,Normal,none,0.5345297592003635,0.30259243518912027,0.43388177940280315,0.4004572119409562,0.06473770590513715,0.44003684950246585,0.6060835447061212,0.8723464121371898,0.8060979787598492,437.01385549066754,0.6001160045509197,0.45938066722377935,0.9579350321443514,0.09094772630684234
494,train,normal_columnar,Normal,none,0.4338416133792425,0.5789871504157218,1.3752244165170557,0.37824979931398145,0.020515701991235695,0.47022884425486977,0.45003621079311434,0.45932930091355223,0.8179289026275116,318.133344459279,0.6971633809630147,0.5559915409249021,0.9409331755945434,0.047619047619047616
495,train,normal_columnar,Normal,none,0.6053258281013206,0.34424177396280403,0.5249522770657213,0.4828058128851541,0.049331441444711056,0.36181936657888036,0.6684022680291096,0.9497448393081632,0.837878333832784,942.9401474309606,0.5693054978319071,0.3796171097801077,0.9217084132460329,0.07045779685264664
496,train,normal_columnar,Normal,none,0.2698142414860681,0.6345381526104418,1.7362637362637363,0.43579826897847745,0.034063126478928174,0.41040952293269195,0.5359928032751561,0.7226098345550886,0.931587386424372,344.93458823529414,0.7784334230642939,0.7191551453126119,0.9409959306548018,0.14113597246127366
497,train,normal_columnar,Normal,none,0.6672240802675585,0.3508771929824561,0.5405405405405406,0.3569696209150327,0.04447621660513108,0.4772383462230344,0.5281200630882984,0.7331871752850779,0.8952879581151832,701.6085972850678,0.47653011186401617,0.3162084995898824,0.9000488167599158,0.06411862990810359
498,train,normal_columnar,Normal,none,0.2837413684871312,0.5901548672566371,1.4399460188933872,0.37842182185714024,0.03359642968772693,0.4691487561952683,0.551559641184409,0.9080959311314251,0.9248081841432225,348.8118168857912,0.775420996520774,0.7073666513554805,0.9379054394845273,0.16592920353982302
499,train,normal_columnar,Normal,none,0.5226967499328499,0.5488180883864338,1.216400911161731,0.33709526327384887,0.026003206688655786,0.5162175288724474,0.4552892188128098,0.7727350593042293,0.7616438356164383,699.53022875817,0.6077752327626937,0.4491009925991408,0.8649311396631344,0.05601233299075026
500,train,normal_columnar,Normal,none,0.2136015325670498,0.7764253683536195,3.4727793696275073,0.4321762201514269,0.028883678716373543,0.41575138958306707,0.5459494286195854,0.45754771755275203,0.9689633767846059,278.71834482758624,0.8336135272296714,0.7788411648388666,0.9401403752459225,0.2005124919923126
501,train,normal_columnar,Normal,none,0.13376874697629415,0.8182640144665461,4.502487562189055,0.3495723375582277,0.027195470290831296,0.4914501262258683,0.4709347341722758,0.49002267740876576,0.9761694616063548,148.87549309664695,0.8939511523864309,0.8593786068171292,0.9306996841530744,0.2314647377938517
502,train,normal_columnar,Normal,none,0.2934451219512195,0.7610389610389611,3.1847826086956523,0.35440772624863376,0.024737107886889674,0.4804692662716195,0.4615591190679171,0.6426609853806018,0.9521846661170651,367.7641411520499,0.7681341995442605,0.6901597931933346,0.908054466337791,0.1316017316017316
503,train,normal_columnar,Normal,none,0.17173076923076924,0.7726763717805151,3.399014778325123,0.3042691878374539,0.02223243317254905,0.5328199209350536,0.4235507273254128,0.7642604587548004,0.95,249.70453648915188,0.8570555846624235,0.8148712945421781,0.8823458101559567,0.1769316909294513
504,train,normal_columnar,Normal,none,0.3318662716885315,0.38102524866105586,0.61557478368356,0.3408625519069743,0.043364648856931615,0.5026133779885119,0.5386300682679335,0.8633348024587529,0.8258213984835721,621.8523466940734,0.739769847609325,0.6522820205981812,0.9062532193496177,0.046671767406273906
505,train,normal_columnar,Normal,none,0.6384985949417904,0.45048726815466833,0.8197940503432495,0.26302937098914936,0.013239798163556844,0.5161230810604834,0.31408385516220216,0.8912635703618466,0.7988448016072326,329.7340231284236,0.5965811611167404,0.338319625580022,0.87160686737436,0.03175102169129205
506,train,normal_columnar,Normal,none,0.4682716836734694,0.5471569628873,1.2082706766917293,0.35984210158985813,0.04753777951868491,0.4725549403023728,0.5340719310039806,0.9530775856841004,0.8341380289690429,429.42728587497993,0.6479006203084874,0.5213835031361169,0.9371053188452083,0.09703779366700716
507,train,normal_columnar,Normal,none,0.6805218446601942,0.531431119037004,1.1341579448144625,0.350870287537834,0.043826597786886856,0.4737038751893006,0.5062641435794109,0.9627508637769072,0.9283940397350994,442.8697916666667,0.52094075356244,0.3069466893606333,0.9223895324554755,0.06330806954971022
508,train,normal_columnar,Normal,none,0.28520441271901364,0.6632536973833902,1.9695945945945945,0.414860337671947,0.043616722422259564,0.45073614932021516,0.5826935969793322,0.9450833427810742,0.8550583657587548,390.8846973921601,0.7824734399591361,0.7075060225787942,0.9368393590050124,0.09726962457337884
509,train,normal_columnar,Normal,none,0.44537815126050423,0.529874213836478,1.1270903010033444,0.2776153779019026,0.01678266933190868,0.5394601845866724,0.3422687428683849,0.6960868878568611,0.7979924717691342,323.2980631276901,0.6732830760046523,0.532666634595384,0.8952022491413109,0.05581761006289308
510,train,normal_columnar,Normal,none,0.31374243733794294,0.7265840220385675,2.6574307304785894,0.29935436260570586,0.017477898290957295,0.5214212269736923,0.36882633476564436,0.9006332642201216,0.8466472303206997,217.7683566433567,0.7784497207404005,0.6721408617071949,0.9242696255213636,0.048209366391184574
511,train,normal_columnar,Normal,none,0.2946949602122016,0.531953195319532,1.1365384615384615,0.26738822865863776,0.01758638015719355,0.5304440441550445,0.32707436802413276,0.6952988718891883,0.9423240033927057,193.14008620689657,0.7881155853772974,0.6891431025509906,0.9193972177155899,0.046804680468046804
512,train,normal_columnar,Normal,none,0.22297044519266743,0.5257270693512305,1.1084905660377358,0.3024167851481019,0.01896566003207459,0.524373871318331,0.3560993128005919,0.8445217500590141,0.7541121889498102,152.09750566893425,0.8410807778965038,0.766957130110812,0.9377841198168685,0.08445190156599552
513,train,normal_columnar,Normal,none,0.2712820512820513,0.6219281663516069,1.645,0.26648103462661665,0.011626423548017937,0.5137183833767742,0.30872417647058825,0.5630192805704572,0.8765534382767192,164.47500000000002,0.8161354512747568,0.7132127910739982,0.9203761191359909,0.07466918714555766
514,train,normal_columnar,Normal,none,0.6131434830230011,0.5998570918185067,1.4991071428571427,0.3453098973478612,0.04655705084400017,0.47063674078179074,0.5104066953781512,0.789207327985638,0.8165110851808635,667.3960285586792,0.52028579937577,0.37300567664371936,0.8873237258479312,0.05894962486602358
515,train,normal_columnar,Normal,none,0.5732265446224256,0.7090818363273453,2.437392795883362,0.3272069169736861,0.04593875080681637,0.4914447496591661,0.5094432072108432,0.8475735100386823,0.969521044992743,599.1771929824562,0.5411420752819313,0.4128309649591252,0.8859271461605117,0.062375249500998
516,train,normal_columnar,Normal,none,0.4948849104859335,0.562015503875969,1.2831858407079646,0.35644959423033584,0.050688888934878135,0.4753206395406358,0.5948480786627335,0.46872526236605216,0.7959687371452078,704.852617970265,0.6221179051255303,0.4929337778250061,0.9114345356996815,0.10775193798449613
517,train,normal_columnar,Normal,none,0.4948849104859335,0.562015503875969,1.2831858407079646,0.35644959423033584,0.050688888934878135,0.4753206395406358,0.5948480786627335,0.46872526236605216,0.7959687371452078,704.852617970265,0.6221179051255303,0.4929337778250061,0.9114345356996815,0.10775193798449613
518,train,normal_columnar,Normal,none,0.5032128514056224,0.387578901545382,0.6328634048098567,0.5306042551442142,0.035499603403509356,0.30651259656894425,0.6622815067446242,0.7403676029352081,0.8350296861747244,914.662883379247,0.6556581740192656,0.48071566511655545,0.9263154993776331,0.057897409852717116
519,train,normal_columnar,Normal,none,0.5032128514056224,0.387578901545382,0.6328634048098567,0.5306042551442142,0.035499603403509356,0.30651259656894425,0.6622815067446242,0.7403676029352081,0.8350296861747244,914.662883379247,0.6556581740192656,0.48071566511655545,0.9263154993776331,0.057897409852717116
520,train,normal_columnar,Normal,none,0.4477127659574468,0.38042057740287516,0.6139980824544583,0.5520397407257719,0.03884265928448691,0.2920498229883032,0.6921210893914612,0.8538757195182376,0.8352684330653964,652.8306684491979,0.7007985597477001,0.5437249910266319,0.9513155522487227,0.10793631935368896
521,train,normal_columnar,Normal,none,0.4477127659574468,0.38042057740287516,0.6139980824544583,0.5520397407257719,0.03884265928448691,0.2920498229883032,0.6921210893914612,0.8538757195182376,0.8352684330653964,652.8306684491979,0.7007985597477001,0.5437249910266319,0.9513155522487227,0.10793631935368896
522,train,normal_columnar,Normal,none,0.5435723696593262,0.4729916897506925,0.897503285151117,0.3537201423937071,0.01862637379934474,0.1932316356242522,0.4101046553812064,0.711803179541472,0.8685714285714285,412.9130434782609,0.6247697000665079,0.434752309855996,0.9134715584068858,0.045706371191135735
523,train,normal_columnar,Normal,none,0.5435723696593262,0.4729916897506925,0.897503285151117,0.3537201423937071,0.01862637379934474,0.1932316356242522,0.4101046553812064,0.711803179541472,0.8685714285714285,412.9130434782609,0.6247697000665079,0.434752309855996,0.9134715584068858,0.045706371191135735
524,train,normal_columnar,Normal,none,0.476984126984127,0.6422628951747088,1.7953488372093023,0.3672664568729046,0.014629748045884355,0.20639880093425877,0.4146537738258094,0.6606943577079598,0.9144161278052492,260.9231078904992,0.6884895280640546,0.5092862295786739,0.9455635742932206,0.05574043261231281
525,train,normal_columnar,Normal,none,0.476984126984127,0.6422628951747088,1.7953488372093023,0.3672664568729046,0.014629748045884355,0.20639880093425877,0.4146537738258094,0.6606943577079598,0.9144161278052492,260.9231078904992,0.6884895280640546,0.5092862295786739,0.9455635742932206,0.05574043261231281
526,train,normal_columnar,Normal,none,0.4523809523809524,0.554066985645933,1.242489270386266,0.387093065122422,0.01706226393396866,0.15323067605411886,0.4426837423209627,0.8206918931747376,0.8844688954718578,383.7450549450549,0.6891915750267121,0.5301919824177105,0.9302244737379955,0.049760765550239235
527,train,normal_columnar,Normal,none,0.4523809523809524,0.554066985645933,1.242489270386266,0.387093065122422,0.01706226393396866,0.15323067605411886,0.4426837423209627,0.8206918931747376,0.8844688954718578,383.7450549450549,0.6891915750267121,0.5301919824177105,0.9302244737379955,0.049760765550239235
528,train,normal_columnar,Normal,none,0.46354616048317515,0.5141926477431363,1.0584291187739463,0.33264652009582113,0.016301331949008444,0.25832326051476223,0.38436568326947634,0.7122708364141913,0.8814602132895816,331.7942982456141,0.6664611943427078,0.5192934067682926,0.9202869014281356,0.05304792926942764
529,train,normal_columnar,Normal,none,0.46354616048317515,0.5141926477431363,1.0584291187739463,0.33264652009582113,0.016301331949008444,0.25832326051476223,0.38436568326947634,0.7122708364141913,0.8814602132895816,331.7942982456141,0.6664611943427078,0.5192934067682926,0.9202869014281356,0.05304792926942764
530,train,normal_columnar,Normal,none,0.3879935535858179,0.7227414330218068,2.606741573033708,0.3488329208924949,0.021105107260928884,0.20735731735658297,0.42866608944701473,0.645737095077475,0.8283870967741935,412.2040482518912,0.7172375809108051,0.5922612764073666,0.9043571121085665,0.09553478712357218
531,train,normal_columnar,Normal,none,0.3879935535858179,0.7227414330218068,2.606741573033708,0.3488329208924949,0.021105107260928884,0.20735731735658297,0.42866608944701473,0.645737095077475,0.8283870967741935,412.2040482518912,0.7172375809108051,0.5922612764073666,0.9043571121085665,0.09553478712357218
532,train,normal_columnar,Normal,none,0.3616537937301227,0.5979899497487438,1.4875,0.3222730606360191,0.0173703019519808,0.26269617104226306,0.39144663357843135,0.5008235747260421,0.937021777516186,276.2022627568691,0.7449980185444822,0.6213543847438064,0.9261222057687244,0.0785175879396985
533,train,normal_columnar,Normal,none,0.3616537937301227,0.5979899497487438,1.4875,0.3222730606360191,0.0173703019519808,0.26269617104226306,0.39144663357843135,0.5008235747260421,0.937021777516186,276.2022627568691,0.7449980185444822,0.6213543847438064,0.9261222057687244,0.0785175879396985
534,train,normal_columnar,Normal,none,0.3231132075471698,0.53085600530856,1.1315417256011315,0.2994149431372549,0.02051653987972923,0.2660227190873682,0.36964170175000693,0.6123963165526574,0.871602082128398,239.9097465034965,0.7689842840239273,0.6613526439892249,0.9248446082592768,0.07631055076310551
535,train,normal_columnar,Normal,none,0.3231132075471698,0.53085600530856,1.1315417256011315,0.2994149431372549,0.02051653987972923,0.2660227190873682,0.36964170175000693,0.6123963165526574,0.871602082128398,239.9097465034965,0.7689842840239273,0.6613526439892249,0.9248446082592768,0.07631055076310551
536,train,normal_columnar,Normal,none,0.43577475156422524,0.29493243243243245,0.4183037853378055,0.34697553668890235,0.03861415752950202,0.2816330013293216,0.4815390849046854,0.6580826017137402,0.7241590214067278,546.8640474425501,0.6794277626021401,0.5471461069126512,0.9156186884431745,0.06858108108108107
537,train,normal_columnar,Normal,none,0.43577475156422524,0.29493243243243245,0.4183037853378055,0.34697553668890235,0.03861415752950202,0.2816330013293216,0.4815390849046854,0.6580826017137402,0.7241590214067278,546.8640474425501,0.6794277626021401,0.5471461069126512,0.9156186884431745,0.06858108108108107
538,train,normal_columnar,Normal,none,0.4912430991814201,0.41309823677581864,0.703862660944206,0.3637292075929809,0.035110821896088,0.2553753665718938,0.47391420659118716,0.8443614325958271,0.7810230024213075,551.160034602076,0.62742491322611,0.490121723559957,0.9106813669903671,0.09920558031389265
539,train,normal_columnar,Normal,none,0.4912430991814201,0.41309823677581864,0.703862660944206,0.3637292075929809,0.035110821896088,0.2553753665718938,0.47391420659118716,0.8443614325958271,0.7810230024213075,551.160034602076,0.62742491322611,0.490121723559957,0.9106813669903671,0.09920558031389265
540,train,normal_columnar,Normal,none,0.4876012145748988,0.4644525168655942,0.8672480620155039,0.3654114550699237,0.026058606715863568,0.23349207642710781,0.44215390510209257,0.8480096615864827,0.7434413580246914,395.2542876549499,0.6766021683658421,0.49697752024715697,0.9274965996215416,0.10897768552153607
541,train,normal_columnar,Normal,none,0.4876012145748988,0.4644525168655942,0.8672480620155039,0.3654114550699237,0.026058606715863568,0.23349207642710781,0.44215390510209257,0.8480096615864827,0.7434413580246914,395.2542876549499,0.6766021683658421,0.49697752024715697,0.9274965996215416,0.10897768552153607
542,train,normal_columnar,Normal,none,0.5639320029563932,0.5418086500655308,1.1824942791762014,0.3322941874650199,0.02868059008002099,0.25383340060879506,0.4350556180733163,0.9259975019570805,0.8546146953405018,341.5593144560358,0.6260159837739913,0.42166512475064366,0.92901191376738,0.0854521625163827
543,train,normal_columnar,Normal,none,0.5639320029563932,0.5418086500655308,1.1824942791762014,0.3322941874650199,0.02868059008002099,0.25383340060879506,0.4350556180733163,0.9259975019570805,0.8546146953405018,341.5593144560358,0.6260159837739913,0.42166512475064366,0.92901191376738,0.0854521625163827
544,train,normal_columnar,Normal,none,0.38392709196354596,0.5554596460940872,1.249514563106796,0.2800690238737298,0.02108570180524585,0.30266385440267196,0.3591570599657339,0.2702196294482442,0.8385812522620341,251.68980549966466,0.7448846927173045,0.6007517213798477,0.9195835469142877,0.08890807078118257
545,train,normal_columnar,Normal,none,0.38392709196354596,0.5554596460940872,1.249514563106796,0.2800690238737298,0.02108570180524585,0.30266385440267196,0.3591570599657339,0.2702196294482442,0.8385812522620341,251.68980549966466,0.7448846927173045,0.6007517213798477,0.9195835469142877,0.08890807078118257
546,train,normal_columnar,Normal,none,0.21231884057971015,0.5708191126279863,1.3300198807157058,0.24701065564641403,0.019605551056027484,0.32850209073293307,0.3328364308268039,0.7198272438004916,0.9451612903225807,129.1216117216117,0.8508372996900389,0.7785398257989308,0.9285973230915129,0.10580204778156997
547,train,normal_columnar,Normal,none,0.21231884057971015,0.5708191126279863,1.3300198807157058,0.24701065564641403,0.019605551056027484,0.32850209073293307,0.3328364308268039,0.7198272438004916,0.9451612903225807,129.1216117216117,0.8508372996900389,0.7785398257989308,0.9285973230915129,0.10580204778156997
548,train,normal_columnar,Normal,none,0.5060507674144038,0.3992417614464859,0.6645631067961165,0.3286667927068563,0.027675301790920023,0.28158092497162945,0.41218480258899676,0.7133822831235354,0.8365454989021712,435.7336915957606,0.6574074881083374,0.4735161200412022,0.9085804035476183,0.055701370662000586
549,train,normal_columnar,Normal,none,0.5060507674144038,0.3992417614464859,0.6645631067961165,0.3286667927068563,0.027675301790920023,0.28158092497162945,0.41218480258899676,0.7133822831235354,0.8365454989021712,435.7336915957606,0.6574074881083374,0.4735161200412022,0.9085804035476183,0.055701370662000586
550,train,normal_columnar,Normal,none,0.6957992168031328,0.6259913021233052,1.673734610123119,0.30494012099649837,0.025371018648412336,0.29983602516698654,0.4024106687052385,0.8540081977959972,0.9056997219647822,266.46756513926334,0.5523694665532657,0.2936319790349363,0.9220658996595509,0.0498848810437452
551,train,normal_columnar,Normal,none,0.6957992168031328,0.6259913021233052,1.673734610123119,0.30494012099649837,0.025371018648412336,0.29983602516698654,0.4024106687052385,0.8540081977959972,0.9056997219647822,266.46756513926334,0.5523694665532657,0.2936319790349363,0.9220658996595509,0.0498848810437452
552,train,normal_columnar,Normal,none,0.48562214458478903,0.34394023242944105,0.5242513707296499,0.26992101651601913,0.01981675068651899,0.3381820146365299,0.35585714507819155,0.950991007680517,0.8645933014354067,236.93293591654248,0.6856430336866328,0.4995416744024239,0.9333052795521434,0.03707802988378528
553,train,normal_columnar,Normal,none,0.48562214458478903,0.34394023242944105,0.5242513707296499,0.26992101651601913,0.01981675068651899,0.3381820146365299,0.35585714507819155,0.950991007680517,0.8645933014354067,236.93293591654248,0.6856430336866328,0.4995416744024239,0.9333052795521434,0.03707802988378528
554,train,normal_columnar,Normal,none,0.43040855809718903,0.4386567953463776,0.7814413565708902,0.3039140871538489,0.032323318401493044,0.27759544891387394,0.4029427022434033,0.7486771316432899,0.7603538399678327,333.7550080589454,0.6970260012468854,0.5547487334777385,0.9219849681515258,0.09968270756213643
555,train,normal_columnar,Normal,none,0.43040855809718903,0.4386567953463776,0.7814413565708902,0.3039140871538489,0.032323318401493044,0.27759544891387394,0.4029427022434033,0.7486771316432899,0.7603538399678327,333.7550080589454,0.6970260012468854,0.5547487334777385,0.9219849681515258,0.09968270756213643
556,train,normal_columnar,Normal,none,0.3217069626106487,0.43983572895277206,0.7851906158357771,0.2850721634536168,0.032030106556302444,0.29549988724912024,0.39052230694037143,0.9145940857664164,0.6780840991367307,292.5720395616146,0.7510087010069306,0.6644145503637772,0.9162986445667477,0.10882956878850103
557,train,normal_columnar,Normal,none,0.3217069626106487,0.43983572895277206,0.7851906158357771,0.2850721634536168,0.032030106556302444,0.29549988724912024,0.39052230694037143,0.9145940857664164,0.6780840991367307,292.5720395616146,0.7510087010069306,0.6644145503637772,0.9162986445667477,0.10882956878850103
558,train,normal_columnar,Normal,none,0.5794848346288676,0.538400841662283,1.1663817663817664,0.29234291483471747,0.029039185478308593,0.30587638404091144,0.3902695764482431,0.5874521836936454,0.7957304311427376,418.7854938271605,0.5860423830487625,0.4014028166948652,0.8902551215610646,0.04708048395581273
559,train,normal_columnar,Normal,none,0.5794848346288676,0.538400841662283,1.1663817663817664,0.29234291483471747,0.029039185478308593,0.30587638404091144,0.3902695764482431,0.5874521836936454,0.7957304311427376,418.7854938271605,0.5860423830487625,0.4014028166948652,0.8902551215610646,0.04708048395581273
560,train,normal_columnar,Normal,none,0.3238190381047524,0.5672102247686205,1.310590631364562,0.3007118564224447,0.028562514816079614,0.2866010263493787,0.40871247474142414,0.8954973589531505,0.6508892713711991,380.7359745517641,0.7407962877513855,0.6587846405090574,0.8938101565590216,0.11723226090788894
561,train,normal_columnar,Normal,none,0.3238190381047524,0.5672102247686205,1.310590631364562,0.3007118564224447,0.028562514816079614,0.2866010263493787,0.40871247474142414,0.8954973589531505,0.6508892713711991,380.7359745517641,0.7407962877513855,0.6587846405090574,0.8938101565590216,0.11723226090788894
562,train,normal_columnar,Normal,none,0.24198668714797747,0.47566652560304695,0.9071832122679581,0.322241745167818,0.03417413395784212,0.25401470324688413,0.41452125528177375,0.8952369820593491,0.8370527807297201,258.5687370600414,0.8196894972859271,0.746162968335161,0.9232599438996468,0.11891663140076174
563,train,normal_columnar,Normal,none,0.24198668714797747,0.47566652560304695,0.9071832122679581,0.322241745167818,0.03417413395784212,0.25401470324688413,0.41452125528177375,0.8952369820593491,0.8370527807297201,258.5687370600414,0.8196894972859271,0.746162968335161,0.9232599438996468,0.11891663140076174
564,train,normal_columnar,Normal,none,0.5050403225806451,0.3183045673359164,0.466930761281433,0.3244289328154722,0.04517348383031649,0.2793142771899975,0.46884350779788325,0.835225223828471,0.7318896622840938,462.43805256869774,0.6358777000461846,0.48033860248570104,0.9249865356748782,0.1056710109193378
565,train,normal_columnar,Normal,none,0.5050403225806451,0.3183045673359164,0.466930761281433,0.3244289328154722,0.04517348383031649,0.2793142771899975,0.46884350779788325,0.835225223828471,0.7318896622840938,462.43805256869774,0.6358777000461846,0.48033860248570104,0.9249865356748782,0.1056710109193378
566,train,normal_columnar,Normal,none,0.5032093482554312,0.45576451349141456,0.8374399038461539,0.32843776300329963,0.028206245531080868,0.28737728768740417,0.43596081306561085,0.6145137859127303,0.7996599973845953,387.15039906883936,0.6514536957436867,0.4819733948730797,0.9237237742700971,0.08879803761242845
567,train,normal_columnar,Normal,none,0.5032093482554312,0.45576451349141456,0.8374399038461539,0.32843776300329963,0.028206245531080868,0.28737728768740417,0.43596081306561085,0.6145137859127303,0.7996599973845953,387.15039906883936,0.6514536957436867,0.4819733948730797,0.9237237742700971,0.08879803761242845
568,train,normal_columnar,Normal,none,0.5271697388632872,0.4602076124567474,0.8525641025641025,0.34211422767444927,0.03504006269346484,0.2712808768843139,0.45198414013918664,0.7786146842898494,0.5961350559114102,445.70712349980647,0.6350707130818238,0.4605423794575754,0.9184697140373748,0.07612456747404844
569,train,normal_columnar,Normal,none,0.5271697388632872,0.4602076124567474,0.8525641025641025,0.34211422767444927,0.03504006269346484,0.2712808768843139,0.45198414013918664,0.7786146842898494,0.5961350559114102,445.70712349980647,0.6350707130818238,0.4605423794575754,0.9184697140373748,0.07612456747404844
570,train,normal_columnar,Normal,none,0.5766818083495565,0.6192798199549887,1.626600985221675,0.29017975083431313,0.021953623189398933,0.3103143580843834,0.4000256118999324,0.46981293161267634,0.9234499480429511,330.935908691835,0.6101237731020863,0.4052420141577447,0.9106834779056685,0.0795198799699925
571,train,normal_columnar,Normal,none,0.5766818083495565,0.6192798199549887,1.626600985221675,0.29017975083431313,0.021953623189398933,0.3103143580843834,0.4000256118999324,0.46981293161267634,0.9234499480429511,330.935908691835,0.6101237731020863,0.4052420141577447,0.9106834779056685,0.0795198799699925
572,train,normal_columnar,Normal,none,0.4291634856581961,0.510292249047014,1.0420342501297353,0.38258203538786034,0.03260446565347999,0.212176465531646,0.4698247724289508,0.9514838139260844,0.7642260633132647,307.88547608600265,0.7008539763157735,0.5605261092351522,0.947679007359534,0.09250317662007623
573,train,normal_columnar,Normal,none,0.4291634856581961,0.510292249047014,1.0420342501297353,0.38258203538786034,0.03260446565347999,0.212176465531646,0.4698247724289508,0.9514838139260844,0.7642260633132647,307.88547608600265,0.7008539763157735,0.5605261092351522,0.947679007359534,0.09250317662007623
574,train,normal_columnar,Normal,none,0.6855345911949685,0.5212319790301442,1.0886942239255406,0.3293439114121887,0.023980819992329722,0.34122599004208964,0.4084899161044106,0.48155968526729365,0.9100667938931297,257.85696145124723,0.5675249858766414,0.3034295259594824,0.9340761072323122,0.05307994757536042
575,train,normal_columnar,Normal,none,0.6855345911949685,0.5212319790301442,1.0886942239255406,0.3293439114121887,0.023980819992329722,0.34122599004208964,0.4084899161044106,0.48155968526729365,0.9100667938931297,257.85696145124723,0.5675249858766414,0.3034295259594824,0.9340761072323122,0.05307994757536042
576,train,normal_columnar,Normal,none,0.5979310344827586,0.5130718954248366,1.0536912751677852,0.31380652781757135,0.025854510859100295,0.33925373238082346,0.40034213015644476,0.6325479608613318,0.7702102457802783,351.4312086381052,0.6077726591401499,0.3872188250459275,0.9144309097736182,0.06497500961168781
577,train,normal_columnar,Normal,none,0.5979310344827586,0.5130718954248366,1.0536912751677852,0.31380652781757135,0.025854510859100295,0.33925373238082346,0.40034213015644476,0.6325479608613318,0.7702102457802783,351.4312086381052,0.6077726591401499,0.3872188250459275,0.9144309097736182,0.06497500961168781
578,train,normal_columnar,Normal,none,0.6697717745691663,0.5024836081859726,1.0099840255591055,0.28547319424092293,0.027325950468038936,0.3508436818158836,0.38942372141827974,0.5850700216460423,0.9433926897844424,237.88748657357678,0.5752215691345921,0.3211962591481916,0.9328132172903723,0.062487581959070136
579,train,normal_columnar,Normal,none,0.6697717745691663,0.5024836081859726,1.0099840255591055,0.28547319424092293,0.027325950468038936,0.3508436818158836,0.38942372141827974,0.5850700216460423,0.9433926897844424,237.88748657357678,0.5752215691345921,0.3211962591481916,0.9328132172903723,0.062487581959070136
580,train,normal_columnar,Normal,none,0.8120199692780338,0.530148971388035,1.128334172118772,0.2875724160850781,0.02541107706709431,0.344156002188553,0.3756114862291167,0.6436230728000014,0.8419271351781804,236.35989117761375,0.49291001050523786,0.18403069899761287,0.9017299789715518,0.051667060770867815
581,train,normal_columnar,Normal,none,0.8120199692780338,0.530148971388035,1.128334172118772,0.2875724160850781,0.02541107706709431,0.344156002188553,0.3756114862291167,0.6436230728000014,0.8419271351781804,236.35989117761375,0.49291001050523786,0.18403069899761287,0.9017299789715518,0.051667060770867815
582,train,normal_columnar,Normal,none,0.5511558219178082,0.5033009708737864,1.013291634089132,0.25778758290970705,0.016823240389162563,0.3708436806373951,0.3307915930031121,0.9179007078330664,0.7804212759509016,281.0983072916667,0.6359601777304204,0.42704597730181354,0.9017297909946511,0.05398058252427185
583,train,normal_columnar,Normal,none,0.5511558219178082,0.5033009708737864,1.013291634089132,0.25778758290970705,0.016823240389162563,0.3708436806373951,0.3307915930031121,0.9179007078330664,0.7804212759509016,281.0983072916667,0.6359601777304204,0.42704597730181354,0.9017297909946511,0.05398058252427185
584,train,normal_columnar,Normal,none,0.7048387096774194,0.42896643783371474,0.7512105526799132,0.3124128443357783,0.02156212392634112,0.36699878126594204,0.37603427132749917,0.7320043784989082,0.8681400546312391,137.76353140916808,0.5773859251642199,0.292658788073575,0.9593482499267052,0.04023646071700992
585,train,normal_columnar,Normal,none,0.7048387096774194,0.42896643783371474,0.7512105526799132,0.3124128443357783,0.02156212392634112,0.36699878126594204,0.37603427132749917,0.7320043784989082,0.8681400546312391,137.76353140916808,0.5773859251642199,0.292658788073575,0.9593482499267052,0.04023646071700992
586,train,normal_columnar,Normal,none,0.5285312528349814,0.5263474081702711,1.111252038412756,0.3811860803176644,0.025134528256817248,0.2744643765947696,0.46215576038569073,0.49910599683671664,0.8781370110784535,290.19753368348944,0.6587912466298873,0.4622244074469409,0.950033746142261,0.052008238928939236
587,train,normal_columnar,Normal,none,0.5285312528349814,0.5263474081702711,1.111252038412756,0.3811860803176644,0.025134528256817248,0.2744643765947696,0.46215576038569073,0.49910599683671664,0.8781370110784535,290.19753368348944,0.6587912466298873,0.4622244074469409,0.950033746142261,0.052008238928939236
588,train,normal_columnar,Normal,none,0.39664634146341465,0.3574173712528824,0.55622009569378,0.2598852464684799,0.03023073193059296,0.24993417560192227,0.41985534290271137,0.9664602733226972,0.6694108567018267,388.0791532443627,0.7077089428059542,0.588927625625136,0.9121419607486189,0.08147578785549578
589,train,normal_columnar,Normal,none,0.39664634146341465,0.3574173712528824,0.55622009569378,0.2598852464684799,0.03023073193059296,0.24993417560192227,0.41985534290271137,0.9664602733226972,0.6694108567018267,388.0791532443627,0.7077089428059542,0.588927625625136,0.9121419607486189,0.08147578785549578
590,train,normal_columnar,Normal,none,0.5949352967425257,0.466716669791862,0.8751758087201125,0.3192001414852803,0.04949176989041851,0.21544691355968437,0.44843105402498556,0.30741279548420836,0.6804031640724675,525.1231843260894,0.5530316352542373,0.38497734119410565,0.8977078661905689,0.07162947684230264
591,train,normal_columnar,Normal,none,0.5949352967425257,0.466716669791862,0.8751758087201125,0.3192001414852803,0.04949176989041851,0.21544691355968437,0.44843105402498556,0.30741279548420836,0.6804031640724675,525.1231843260894,0.5530316352542373,0.38497734119410565,0.8977078661905689,0.07162947684230264
592,train,normal_columnar,Normal,none,0.7273090763694522,0.2872457394172622,0.40300809872734283,0.25957335209681964,0.03241645921475232,0.21952819887898734,0.39737188025075054,0.6725969620190714,0.8623918454426929,315.9347913727071,0.5015094124887061,0.26020623421486366,0.9157683720448537,0.05731170973062122
593,train,normal_columnar,Normal,none,0.7273090763694522,0.2872457394172622,0.40300809872734283,0.25957335209681964,0.03241645921475232,0.21952819887898734,0.39737188025075054,0.6725969620190714,0.8623918454426929,315.9347913727071,0.5015094124887061,0.26020623421486366,0.9157683720448537,0.05731170973062122
594,train,normal_columnar,Normal,none,0.5879464285714285,0.5937737281700836,1.4616822429906542,0.24196107818063287,0.024113085610357486,0.2859607875884137,0.32365787111355443,0.8731418004893859,0.7976983646274984,304.82675736961454,0.5894681106696147,0.39330347989497455,0.87927121794667,0.042773981270564414
595,train,normal_columnar,Normal,none,0.5879464285714285,0.5937737281700836,1.4616822429906542,0.24196107818063287,0.024113085610357486,0.2859607875884137,0.32365787111355443,0.8731418004893859,0.7976983646274984,304.82675736961454,0.5894681106696147,0.39330347989497455,0.87927121794667,0.042773981270564414
596,train,normal_columnar,Normal,none,0.28120782726045884,0.4886022795440912,0.955425219941349,0.30987627872266155,0.024274453375775235,0.281052124489754,0.3845828904605831,0.7775670842786464,0.8476989575387744,162.78149405772498,0.811971754489284,0.7108898714515379,0.9495586873334718,0.14577084583083383
597,train,normal_columnar,Normal,none,0.28120782726045884,0.4886022795440912,0.955425219941349,0.30987627872266155,0.024274453375775235,0.281052124489754,0.3845828904605831,0.7775670842786464,0.8476989575387744,162.78149405772498,0.811971754489284,0.7108898714515379,0.9495586873334718,0.14577084583083383
598,train,normal_columnar,Normal,none,0.4611611611611612,0.6529194703711743,1.8811757348342715,0.3285031244785148,0.025547378636644007,0.2795729299242826,0.41036765282222964,0.4994104662171424,0.8748575769084694,202.14484848484847,0.7005574242431,0.5322176452122936,0.9519413611668806,0.07597134794877361
599,train,normal_columnar,Normal,none,0.4611611611611612,0.6529194703711743,1.8811757348342715,0.3285031244785148,0.025547378636644007,0.2795729299242826,0.41036765282222964,0.4994104662171424,0.8748575769084694,202.14484848484847,0.7005574242431,0.5322176452122936,0.9519413611668806,0.07597134794877361
600,train,normal_columnar,Normal,none,0.5380697733638911,0.6469474680548982,1.8324396782841823,0.3090696349527375,0.021642497091115445,0.29960109147691605,0.396308347789518,0.6867753536933446,0.9060891938250428,185.54853620955316,0.6585154538155087,0.4547785508142832,0.951792692447423,0.03525792711784193
601,train,normal_columnar,Normal,none,0.5380697733638911,0.6469474680548982,1.8324396782841823,0.3090696349527375,0.021642497091115445,0.29960109147691605,0.396308347789518,0.6867753536933446,0.9060891938250428,185.54853620955316,0.6585154538155087,0.4547785508142832,0.951792692447423,0.03525792711784193
602,train,normal_columnar,Normal,none,0.7067736185383244,0.7213114754098361,2.588235294117647,0.2563747836966955,0.024138980365699027,0.34258676927004617,0.3493326111258983,0.6397842758687197,0.935969312481558,199.76843057440067,0.5310961528441976,0.28513966173769323,0.914528949384072,0.06305170239596469
603,train,normal_columnar,Normal,none,0.7067736185383244,0.7213114754098361,2.588235294117647,0.2563747836966955,0.024138980365699027,0.34258676927004617,0.3493326111258983,0.6397842758687197,0.935969312481558,199.76843057440067,0.5310961528441976,0.28513966173769323,0.914528949384072,0.06305170239596469
604,train,normal_columnar,Normal,none,0.6480473372781065,0.6084733382030679,1.5541044776119404,0.26149854388814353,0.024704276208841244,0.3692847835233669,0.359831355721393,0.7178565265663974,0.942512908777969,146.1550480769231,0.5737349512369231,0.34653974883437155,0.9493858854928425,0.04784514243973703
605,train,normal_columnar,Normal,none,0.6480473372781065,0.6084733382030679,1.5541044776119404,0.26149854388814353,0.024704276208841244,0.3692847835233669,0.359831355721393,0.7178565265663974,0.942512908777969,146.1550480769231,0.5737349512369231,0.34653974883437155,0.9493858854928425,0.04784514243973703
606,train,normal_columnar,Normal,none,0.5956196581196581,0.7116591928251121,2.468118195956454,0.2638013304174852,0.0240041000298337,0.39934360556448345,0.36428489372731987,0.47776077795933064,0.9354026845637584,193.15413943355122,0.6004572610285195,0.3947011933799696,0.9324701792606566,0.04394618834080718
607,train,normal_columnar,Normal,none,0.5956196581196581,0.7116591928251121,2.468118195956454,0.2638013304174852,0.0240041000298337,0.39934360556448345,0.36428489372731987,0.47776077795933064,0.9354026845637584,193.15413943355122,0.6004572610285195,0.3947011933799696,0.9324701792606566,0.04394618834080718
608,train,normal_columnar,Normal,none,0.5843700159489633,0.5611353711790393,1.2786069651741294,0.2549526382848859,0.01846145069640396,0.38064463430222173,0.36892065944785873,0.45346025294788,0.7795744680851063,454.2292207792208,0.5691229001117786,0.38866606337709636,0.8562976968482666,0.039301310043668124
609,train,normal_columnar,Normal,none,0.5843700159489633,0.5611353711790393,1.2786069651741294,0.2549526382848859,0.01846145069640396,0.38064463430222173,0.36892065944785873,0.45346025294788,0.7795744680851063,454.2292207792208,0.5691229001117786,0.38866606337709636,0.8562976968482666,0.039301310043668124
610,train,normal_columnar,Normal,none,0.8465909090909091,0.4814317673378076,0.9283865401207938,0.25678506232232673,0.020124945337364163,0.39493916085161795,0.35797987040890555,0.7585660196141406,0.8986731001206273,324.7811538461538,0.43421586598496437,0.14227312469976303,0.8283819668210368,0.056375838926174496
611,train,normal_columnar,Normal,none,0.8465909090909091,0.4814317673378076,0.9283865401207938,0.25678506232232673,0.020124945337364163,0.39493916085161795,0.35797987040890555,0.7585660196141406,0.8986731001206273,324.7811538461538,0.43421586598496437,0.14227312469976303,0.8283819668210368,0.056375838926174496
612,train,normal_columnar,Normal,none,0.5540978773584906,0.46741154562383613,0.8776223776223776,0.27621078308614283,0.028832668911900446,0.375407607465865,0.406899614503144,0.8092719751101194,0.8529611980939414,298.7703869047619,0.6174441937746943,0.4350535186553348,0.9284232822127305,0.06810321894120777
613,train,normal_columnar,Normal,none,0.5540978773584906,0.46741154562383613,0.8776223776223776,0.27621078308614283,0.028832668911900446,0.375407607465865,0.406899614503144,0.8092719751101194,0.8529611980939414,298.7703869047619,0.6174441937746943,0.4350535186553348,0.9284232822127305,0.06810321894120777
614,train,normal_columnar,Normal,none,0.6762408088235294,0.46041454298335033,0.8532745591939547,0.27703083423775415,0.028703022535569847,0.3890769037482085,0.39521237862399367,0.5167339339892733,0.8607780052646973,292.3851540616247,0.5233883180184041,0.3121141554861762,0.9197751983396485,0.09310227658851512
615,train,normal_columnar,Normal,none,0.6762408088235294,0.46041454298335033,0.8532745591939547,0.27703083423775415,0.028703022535569847,0.3890769037482085,0.39521237862399367,0.5167339339892733,0.8607780052646973,292.3851540616247,0.5233883180184041,0.3121141554861762,0.9197751983396485,0.09310227658851512
616,train,normal_columnar,Normal,none,0.5446718419195483,0.5764446747862141,1.3609666564698684,0.3020008495409852,0.03794511788352591,0.3355632732131527,0.4111753283069116,0.5687918646782737,0.9227642276422764,200.58985847379273,0.6362474701850639,0.4490387650044167,0.9520225689751003,0.05558434827675564
617,train,normal_columnar,Normal,none,0.5446718419195483,0.5764446747862141,1.3609666564698684,0.3020008495409852,0.03794511788352591,0.3355632732131527,0.4111753283069116,0.5687918646782737,0.9227642276422764,200.58985847379273,0.6362474701850639,0.4490387650044167,0.9520225689751003,0.05558434827675564
618,train,normal_columnar,Normal,none,0.6397306397306397,0.36273684210526314,0.569210439378923,0.2890842866409477,0.041862681132837726,0.32101718851378735,0.3880620418844776,0.78325185105109,0.9387351778656127,298.9556374556375,0.5448955930138724,0.34857833559791923,0.9248271618928993,0.06778947368421052
619,train,normal_columnar,Normal,none,0.6397306397306397,0.36273684210526314,0.569210439378923,0.2890842866409477,0.041862681132837726,0.32101718851378735,0.3880620418844776,0.78325185105109,0.9387351778656127,298.9556374556375,0.5448955930138724,0.34857833559791923,0.9248271618928993,0.06778947368421052
620,train,normal_columnar,Normal,none,0.14338235294117646,0.8102564102564103,4.27027027027027,0.3986500716235862,0.032316655668840434,0.3243773369523799,0.5796759966689379,0.7865973596160567,0.937178166838311,219.45142857142855,0.8927946399786609,0.8515205647503928,0.9293549529510384,0.152014652014652
621,train,normal_columnar,Normal,none,0.14338235294117646,0.8102564102564103,4.27027027027027,0.3986500716235862,0.032316655668840434,0.3243773369523799,0.5796759966689379,0.7865973596160567,0.937178166838311,219.45142857142855,0.8927946399786609,0.8515205647503928,0.9293549529510384,0.152014652014652
622,train,normal_columnar,Normal,none,0.22041499330655956,0.7682963862739144,3.3158584534731324,0.5002929799271487,0.0287733619099799,0.22366128896894028,0.6125056623750418,0.7859835756198231,0.9581029967995345,228.66258329407012,0.8441017427664206,0.7746733894727125,0.9634859346642948,0.14303067112055876
623,train,normal_columnar,Normal,none,0.22041499330655956,0.7682963862739144,3.3158584534731324,0.5002929799271487,0.0287733619099799,0.22366128896894028,0.6125056623750418,0.7859835756198231,0.9581029967995345,228.66258329407012,0.8441017427664206,0.7746733894727125,0.9634859346642948,0.14303067112055876
624,train,normal_columnar,Normal,none,0.6537966537966537,0.41633858267716534,0.7133220910623946,0.3195160928011867,0.03877825123596876,0.4055836194741404,0.5483737020136891,0.3182151162860577,0.8058695221098553,1136.110875936177,0.47465049010619953,0.32125176712075654,0.8439661788107057,0.05905511811023622
625,train,normal_columnar,Normal,none,0.6537966537966537,0.41633858267716534,0.7133220910623946,0.3195160928011867,0.03877825123596876,0.4055836194741404,0.5483737020136891,0.3182151162860577,0.8058695221098553,1136.110875936177,0.47465049010619953,0.32125176712075654,0.8439661788107057,0.05905511811023622
626,train,normal_columnar,Normal,none,0.6692745376955903,0.2858660998937301,0.40029761904761907,0.3479239400345021,0.05737554998284369,0.38107029866054287,0.5570819992997199,0.8585573462356647,0.8791653690439115,738.5019134178426,0.4748558848394451,0.31731113435985075,0.9093936857756632,0.0495926319518243
627,train,normal_columnar,Normal,none,0.6692745376955903,0.2858660998937301,0.40029761904761907,0.3479239400345021,0.05737554998284369,0.38107029866054287,0.5570819992997199,0.8585573462356647,0.8791653690439115,738.5019134178426,0.4748558848394451,0.31731113435985075,0.9093936857756632,0.0495926319518243
628,train,normal_columnar,Normal,none,0.2064708386547467,0.722680412371134,2.6059479553903344,0.4517881709602529,0.042317698476974315,0.27756203432026016,0.6161576951672864,0.9628744121836488,0.6208,391.82758620689657,0.833921562230653,0.7856500689111923,0.9281302364316537,0.1324742268041237
629,train,normal_columnar,Normal,none,0.2064708386547467,0.722680412371134,2.6059479553903344,0.4517881709602529,0.042317698476974315,0.27756203432026016,0.6161576951672864,0.9628744121836488,0.6208,391.82758620689657,0.833921562230653,0.7856500689111923,0.9281302364316537,0.1324742268041237
630,train,normal_columnar,Normal,none,0.157806332409507,0.290580095795636,0.40960240060015,0.48852662357250587,0.03324131913832041,0.22570980563585763,0.5937473174175898,0.8135309000916482,0.9616171954964176,245.91983764586502,0.878963613085564,0.8372586254143326,0.9556916213961654,0.11761575306013837
631,train,normal_columnar,Normal,none,0.157806332409507,0.290580095795636,0.40960240060015,0.48852662357250587,0.03324131913832041,0.22570980563585763,0.5937473174175898,0.8135309000916482,0.9616171954964176,245.91983764586502,0.878963613085564,0.8372586254143326,0.9556916213961654,0.11761575306013837
632,train,normal_columnar,Normal,none,0.13664596273291926,0.7517278043593834,3.0278372591006426,0.5013896156086198,0.03253396208453106,0.22583960211919799,0.6117717915774447,0.9021260155355414,0.869625520110957,224.1668128654971,0.8950271520771319,0.8587208025013129,0.9484145616642378,0.10446570972886762
633,train,normal_columnar,Normal,none,0.13664596273291926,0.7517278043593834,3.0278372591006426,0.5013896156086198,0.03253396208453106,0.22583960211919799,0.6117717915774447,0.9021260155355414,0.869625520110957,224.1668128654971,0.8950271520771319,0.8587208025013129,0.9484145616642378,0.10446570972886762
634,train,normal_columnar,Normal,none,0.18691423519009726,0.7147587511825922,2.505804311774461,0.5775744784002285,0.02221262308699927,0.15875849125734465,0.6643207478945145,0.8561575608098789,0.9701698026617714,237.03643796658372,0.8703140607285708,0.8088307625467555,0.9671047219620464,0.1140018921475875
635,train,normal_columnar,Normal,none,0.18691423519009726,0.7147587511825922,2.505804311774461,0.5775744784002285,0.02221262308699927,0.15875849125734465,0.6643207478945145,0.8561575608098789,0.9701698026617714,237.03643796658372,0.8703140607285708,0.8088307625467555,0.9671047219620464,0.1140018921475875
636,train,normal_columnar,Normal,none,0.20480392156862745,0.7532312111057923,3.052376333656644,0.4915770450538016,0.04202842428676288,0.22681556776800807,0.6375064620300109,0.9025086645135451,0.8895039386842666,263.40641025641025,0.8478335771684967,0.789892750016186,0.9563627998508533,0.14935375777884155
637,train,normal_columnar,Normal,none,0.20480392156862745,0.7532312111057923,3.052376333656644,0.4915770450538016,0.04202842428676288,0.22681556776800807,0.6375064620300109,0.9025086645135451,0.8895039386842666,263.40641025641025,0.8478335771684967,0.789892750016186,0.9563627998508533,0.14935375777884155
638,train,normal_columnar,Normal,none,0.1588475499092559,0.6963724650099972,2.2935089369708375,0.5084499966221107,0.03200475704215654,0.22078542608025634,0.6242139095788833,0.7838759374818344,0.9711511789181692,201.03083378945448,0.8847185268017937,0.8373343645438099,0.9613924632331258,0.15424164524421594
639,train,normal_columnar,Normal,none,0.1588475499092559,0.6963724650099972,2.2935089369708375,0.5084499966221107,0.03200475704215654,0.22078542608025634,0.6242139095788833,0.7838759374818344,0.9711511789181692,201.03083378945448,0.8847185268017937,0.8373343645438099,0.9613924632331258,0.15424164524421594
640,train,normal_intermediate,Normal,none,0.03904962829013462,0.7080010290712632,2.424669603524229,0.31749583475832194,0.048637169730495936,0.43616518319985415,0.5386858847715297,0.8869371209678604,0.8007828594973218,44.08086671705719,0.9690987497031038,0.959971165675572,0.9430211039734898,0.29508618471829173
641,train,normal_intermediate,Normal,none,0.03904962829013462,0.7080010290712632,2.424669603524229,0.31749583475832194,0.048637169730495936,0.43616518319985415,0.5386858847715297,0.8869371209678604,0.8007828594973218,44.08086671705719,0.9690987497031038,0.959971165675572,0.9430211039734898,0.29508618471829173
642,train,normal_intermediate,Normal,none,0.21815832181282682,0.07590577214492354,0.0821407274895647,0.355801472545461,0.057727448812949264,0.532722901539874,0.6172228508541163,0.5181415066216182,0.8054368932038835,374.8523546625637,0.8434627903986188,0.7750689074511985,0.9537052652425544,0.04849152775864444
643,train,normal_intermediate,Normal,none,0.21815832181282682,0.07590577214492354,0.0821407274895647,0.355801472545461,0.057727448812949264,0.532722901539874,0.6172228508541163,0.5181415066216182,0.8054368932038835,374.8523546625637,0.8434627903986188,0.7750689074511985,0.9537052652425544,0.04849152775864444
644,train,normal_intermediate,Normal,none,0.8093913043478261,0.23119896862913622,0.30072666294019007,0.4097907892339091,0.07342456064128394,0.45238212899259317,0.5805047355297626,0.7413066572282603,0.9828414550446122,287.3291803278689,0.4540372055688359,0.18606123391101606,0.9563628303896765,0.06660936828534594
645,train,normal_intermediate,Normal,none,0.8093913043478261,0.23119896862913622,0.30072666294019007,0.4097907892339091,0.07342456064128394,0.45238212899259317,0.5805047355297626,0.7413066572282603,0.9828414550446122,287.3291803278689,0.4540372055688359,0.18606123391101606,0.9563628303896765,0.06660936828534594
646,train,normal_intermediate,Normal,none,0.42706783490384087,0.12378494623655914,0.14127233457687022,0.4064160893321888,0.07829571712012837,0.43245152836171724,0.6728882259002168,0.826723488763988,0.718368608064267,874.3818453368735,0.6731938806059037,0.560001660696838,0.9354912623275679,0.0935483870967742
647,train,normal_intermediate,Normal,none,0.42706783490384087,0.12378494623655914,0.14127233457687022,0.4064160893321888,0.07829571712012837,0.43245152836171724,0.6728882259002168,0.826723488763988,0.718368608064267,874.3818453368735,0.6731938806059037,0.560001660696838,0.9354912623275679,0.0935483870967742
648,train,normal_intermediate,Normal,none,0.05097994788716438,0.22777777777777777,0.2949640287769784,0.3315574672405548,0.03989732917246144,0.2429678226949514,0.4514919430102977,0.9953403768325899,0.63950734249171,93.13786558864278,0.9567278341206252,0.9469560725569052,0.9175025173064659,0.4192592592592593
649,train,normal_intermediate,Normal,none,0.05097994788716438,0.22777777777777777,0.2949640287769784,0.3315574672405548,0.03989732917246144,0.2429678226949514,0.4514919430102977,0.9953403768325899,0.63950734249171,93.13786558864278,0.9567278341206252,0.9469560725569052,0.9175025173064659,0.4192592592592593
650,train,normal_intermediate,Normal,none,0.656325283506669,0.030752014324082363,0.03172770516787512,0.33468735451094556,0.046373404899369274,0.2901453733068487,0.5777795376631233,0.7459643509856757,0.8821671141999684,621.423714832818,0.6348482421037973,0.33463482615084184,0.9358065840518759,0.1020367054610564
651,train,normal_intermediate,Normal,none,0.656325283506669,0.030752014324082363,0.03172770516787512,0.33468735451094556,0.046373404899369274,0.2901453733068487,0.5777795376631233,0.7459643509856757,0.8821671141999684,621.423714832818,0.6348482421037973,0.33463482615084184,0.9358065840518759,0.1020367054610564
652,train,normal_intermediate,Normal,none,0.7385656565656565,0.3132197270166033,0.45606977855663533,0.3959284793005492,0.051233474670640385,0.25960119300782347,0.5161481575749625,0.27947815195168507,0.9124466518581377,416.5419439935065,0.4923394127289643,0.2515326123545958,0.9319381430474809,0.08588856369156705
653,train,normal_intermediate,Normal,none,0.7385656565656565,0.3132197270166033,0.45606977855663533,0.3959284793005492,0.051233474670640385,0.25960119300782347,0.5161481575749625,0.27947815195168507,0.9124466518581377,416.5419439935065,0.4923394127289643,0.2515326123545958,0.9319381430474809,0.08588856369156705
654,train,normal_intermediate,Normal,none,0.5206555558978466,0.3938820188154547,0.6498438110113237,0.3636577604585473,0.03690682350373186,0.3549988800444009,0.43812061212302184,0.6409449520917608,0.8252038474683854,161.86009344637662,0.6672823966108843,0.4747154234117149,0.9706904748953253,0.06561741908762796
655,train,normal_intermediate,Normal,none,0.5206555558978466,0.3938820188154547,0.6498438110113237,0.3636577604585473,0.03690682350373186,0.3549988800444009,0.43812061212302184,0.6409449520917608,0.8252038474683854,161.86009344637662,0.6672823966108843,0.4747154234117149,0.9706904748953253,0.06561741908762796
656,train,normal_intermediate,Normal,none,0.6826735471636185,0.12417698358641506,0.14178319279037496,0.4490572398027828,0.06882642165527524,0.21102617553000613,0.5523948415696203,0.5674303249581718,0.9281313913851875,195.07332443111144,0.5804355368807033,0.3151989648970794,0.9765880584166318,0.10644123028433297
657,train,normal_intermediate,Normal,none,0.6826735471636185,0.12417698358641506,0.14178319279037496,0.4490572398027828,0.06882642165527524,0.21102617553000613,0.5523948415696203,0.5674303249581718,0.9281313913851875,195.07332443111144,0.5804355368807033,0.3151989648970794,0.9765880584166318,0.10644123028433297
658,train,normal_intermediate,Normal,none,0.4212416542733285,0.22734272300469482,0.2942348823643788,0.3543849448822979,0.055668968645518555,0.2986910780957858,0.506441279752033,0.7782659523720853,0.6465360238945145,581.6776223776224,0.6983653601627896,0.5632061946873291,0.9204950146598814,0.12007511737089202
659,train,normal_intermediate,Normal,none,0.4212416542733285,0.22734272300469482,0.2942348823643788,0.3543849448822979,0.055668968645518555,0.2986910780957858,0.506441279752033,0.7782659523720853,0.6465360238945145,581.6776223776224,0.6983653601627896,0.5632061946873291,0.9204950146598814,0.12007511737089202
660,train,normal_intermediate,Normal,none,0.6641603525591464,0.4655568813480399,0.871106512742322,0.37477444251189257,0.04447343237502269,0.2884586032805833,0.47863931366142626,0.5533368892340059,0.8594332307846227,180.16719089779437,0.5798163236339386,0.33184145999423625,0.968227812417834,0.09318704345042345
661,train,normal_intermediate,Normal,none,0.6641603525591464,0.4655568813480399,0.871106512742322,0.37477444251189257,0.04447343237502269,0.2884586032805833,0.47863931366142626,0.5533368892340059,0.8594332307846227,180.16719089779437,0.5798163236339386,0.33184145999423625,0.968227812417834,0.09318704345042345
662,train,normal_intermediate,Normal,none,0.5607839027457556,0.20521397869557093,0.25820028686308166,0.42266349419942817,0.053871167388257805,0.2563077792333652,0.5295330383005092,0.8085733132326217,0.9074567130768056,234.85387767969735,0.662780137139943,0.4341191893132821,0.9720970796476808,0.13175107456550178
663,train,normal_intermediate,Normal,none,0.5607839027457556,0.20521397869557093,0.25820028686308166,0.42266349419942817,0.053871167388257805,0.2563077792333652,0.5295330383005092,0.8085733132326217,0.9074567130768056,234.85387767969735,0.662780137139943,0.4341191893132821,0.9720970796476808,0.13175107456550178
664,train,normal_intermediate,Normal,none,0.6169961489088575,0.3727946071904128,0.5943740463079679,0.4021016006250698,0.04536138805367834,0.28632338951221004,0.49654350859802554,0.5792438372730918,0.8848306332842415,214.4937927474513,0.6081965420030158,0.37771612912439706,0.968239942987787,0.11447237017310254
665,train,normal_intermediate,Normal,none,0.6169961489088575,0.3727946071904128,0.5943740463079679,0.4021016006250698,0.04536138805367834,0.28632338951221004,0.49654350859802554,0.5792438372730918,0.8848306332842415,214.4937927474513,0.6081965420030158,0.37771612912439706,0.968239942987787,0.11447237017310254
666,train,normal_intermediate,Normal,none,0.6780163160154573,0.3901589513013742,0.6397715472481827,0.3248446471956743,0.0397700412813683,0.2912357391261962,0.43425199690509636,0.6330000072455816,0.862472008301928,276.62229516693304,0.5295951911093894,0.31346314116089063,0.9407936737125401,0.07561269077322526
667,train,normal_intermediate,Normal,none,0.6780163160154573,0.3901589513013742,0.6397715472481827,0.3248446471956743,0.0397700412813683,0.2912357391261962,0.43425199690509636,0.6330000072455816,0.862472008301928,276.62229516693304,0.5295951911093894,0.31346314116089063,0.9407936737125401,0.07561269077322526
668,train,normal_intermediate,Normal,none,0.6110913488901537,0.20411548984224925,0.25646370451636497,0.34306624381051437,0.04806722635697129,0.33751398574505553,0.48521596910931136,0.4774079812901017,0.7522276956759716,512.8578749999999,0.585266180269079,0.37430351775746407,0.923805729587597,0.08670469759590198
669,train,normal_intermediate,Normal,none,0.6110913488901537,0.20411548984224925,0.25646370451636497,0.34306624381051437,0.04806722635697129,0.33751398574505553,0.48521596910931136,0.4774079812901017,0.7522276956759716,512.8578749999999,0.585266180269079,0.37430351775746407,0.923805729587597,0.08670469759590198
670,train,normal_intermediate,Normal,none,0.5619872664648784,0.017841666047594285,0.018165773715726443,0.3624974600971547,0.0451005988122023,0.22722805047160846,0.5841177806269814,0.5625822645769241,0.9091789179818538,445.9197796066397,0.6666782008631423,0.4306223223337385,0.9587906598365321,0.12714508580343215
671,train,normal_intermediate,Normal,none,0.5619872664648784,0.017841666047594285,0.018165773715726443,0.3624974600971547,0.0451005988122023,0.22722805047160846,0.5841177806269814,0.5625822645769241,0.9091789179818538,445.9197796066397,0.6666782008631423,0.4306223223337385,0.9587906598365321,0.12714508580343215
672,train,normal_intermediate,Normal,none,0.41891963952434275,0.16675152749490835,0.20012221203788574,0.393185638826523,0.06401518884827613,0.18363157130070382,0.547498288851746,0.5626972382750961,0.6794378378378378,951.6295196833548,0.6719012113111792,0.5590248661919086,0.8923850202923593,0.16165987780040733
673,train,normal_intermediate,Normal,none,0.41891963952434275,0.16675152749490835,0.20012221203788574,0.393185638826523,0.06401518884827613,0.18363157130070382,0.547498288851746,0.5626972382750961,0.6794378378378378,951.6295196833548,0.6719012113111792,0.5590248661919086,0.8923850202923593,0.16165987780040733
674,train,normal_intermediate,Normal,none,0.4909090909090909,0.08752204585537919,0.09591688813723122,0.3724692132167728,0.07151543448161475,0.19130600656765823,0.5385750278081757,0.7359214516433048,0.6092884247288357,904.8561346362649,0.6642857242985398,0.48838554038689896,0.9006179145250147,0.1428020282186949
675,train,normal_intermediate,Normal,none,0.4909090909090909,0.08752204585537919,0.09591688813723122,0.3724692132167728,0.07151543448161475,0.19130600656765823,0.5385750278081757,0.7359214516433048,0.6092884247288357,904.8561346362649,0.6642857242985398,0.48838554038689896,0.9006179145250147,0.1428020282186949
676,train,normal_intermediate,Normal,none,0.6372130632047078,0.2611561508635883,0.3534659605934831,0.3986445525976621,0.056478544836450796,0.19406704771576747,0.5041111956004194,0.4571891791011625,0.8395726672782694,345.6931099873578,0.5506683174292067,0.3529352686900405,0.9510518313960882,0.08931970391258372
677,train,normal_intermediate,Normal,none,0.6372130632047078,0.2611561508635883,0.3534659605934831,0.3986445525976621,0.056478544836450796,0.19406704771576747,0.5041111956004194,0.4571891791011625,0.8395726672782694,345.6931099873578,0.5506683174292067,0.3529352686900405,0.9510518313960882,0.08931970391258372
678,train,normal_intermediate,Normal,none,0.15150240384615385,0.05011238926351977,0.05275612472160356,0.34960098556573027,0.0559206502148483,0.21027954581862932,0.5590878882538538,0.7914480254993044,0.8662238002519758,244.8577449947313,0.8850373353841785,0.8429166507285375,0.9516791610320464,0.16197276213142933
679,train,normal_intermediate,Normal,none,0.15150240384615385,0.05011238926351977,0.05275612472160356,0.34960098556573027,0.0559206502148483,0.21027954581862932,0.5590878882538538,0.7914480254993044,0.8662238002519758,244.8577449947313,0.8850373353841785,0.8429166507285375,0.9516791610320464,0.16197276213142933
680,train,normal_intermediate,Normal,none,0.5686538174211864,0.19780171658784376,0.24657459468311588,0.3770160328519276,0.06865082813851349,0.21351350987439724,0.5239557801018766,0.6656007944487655,0.7772634445200817,792.9572615353818,0.5739875999803005,0.41228737712837754,0.9026926706473991,0.12051147311262918
681,train,normal_intermediate,Normal,none,0.5686538174211864,0.19780171658784376,0.24657459468311588,0.3770160328519276,0.06865082813851349,0.21351350987439724,0.5239557801018766,0.6656007944487655,0.7772634445200817,792.9572615353818,0.5739875999803005,0.41228737712837754,0.9026926706473991,0.12051147311262918
682,train,normal_intermediate,Normal,none,0.5953894685755885,0.22239430496685142,0.28599881197805654,0.4056206212703774,0.0582561411069668,0.18016050237396053,0.5434914271815858,0.7550734652426266,0.8017951287525598,599.8081888841914,0.5760065308609252,0.39061897417691677,0.9298408587237091,0.12221497663297468
683,train,normal_intermediate,Normal,none,0.5953894685755885,0.22239430496685142,0.28599881197805654,0.4056206212703774,0.0582561411069668,0.18016050237396053,0.5434914271815858,0.7550734652426266,0.8017951287525598,599.8081888841914,0.5760065308609252,0.39061897417691677,0.9298408587237091,0.12221497663297468
684,train,normal_intermediate,Normal,none,0.6052576235541535,0.12275596479036367,0.13993365570280394,0.3832790337373303,0.0665808919919718,0.19229218979343052,0.5340903611269405,0.7956753189299853,0.8147492834141336,370.92255625879045,0.603041553686312,0.386972455577509,0.9564179462653832,0.10643965716933056
685,train,normal_intermediate,Normal,none,0.6052576235541535,0.12275596479036367,0.13993365570280394,0.3832790337373303,0.0665808919919718,0.19229218979343052,0.5340903611269405,0.7956753189299853,0.8147492834141336,370.92255625879045,0.603041553686312,0.386972455577509,0.9564179462653832,0.10643965716933056
686,train,normal_intermediate,Normal,none,0.5766320572276149,0.13411695754102632,0.15489038468769978,0.3751902068368012,0.07496694784634877,0.1854473573859435,0.555430616991203,0.537992553528117,0.7892275273680424,1070.130165912519,0.564990311275726,0.39955488653360793,0.8851519882502314,0.11519927064339672
687,train,normal_intermediate,Normal,none,0.5766320572276149,0.13411695754102632,0.15489038468769978,0.3751902068368012,0.07496694784634877,0.1854473573859435,0.555430616991203,0.537992553528117,0.7892275273680424,1070.130165912519,0.564990311275726,0.39955488653360793,0.8851519882502314,0.11519927064339672
688,train,normal_intermediate,Normal,none,0.6097922246570895,0.17751971516986656,0.21583461445100735,0.4108217201242259,0.07194033608431007,0.1711988623376306,0.552551218021637,0.7613913715813992,0.878614237684549,719.4626798744446,0.5649514013253534,0.37440467691182805,0.9192604698265744,0.12388114331347952
689,train,normal_intermediate,Normal,none,0.6097922246570895,0.17751971516986656,0.21583461445100735,0.4108217201242259,0.07194033608431007,0.1711988623376306,0.552551218021637,0.7613913715813992,0.878614237684549,719.4626798744446,0.5649514013253534,0.37440467691182805,0.9192604698265744,0.12388114331347952
690,train,normal_intermediate,Normal,none,0.5216869535402023,0.026618468616496877,0.027346387575962187,0.3140220309852336,0.05315012875080678,0.25138414155811895,0.5863963302154083,0.33304409893092823,0.6787392134721816,1310.8902863777093,0.6391771588594222,0.45268549223229404,0.8808957696661288,0.1045021360499507
691,train,normal_intermediate,Normal,none,0.5216869535402023,0.026618468616496877,0.027346387575962187,0.3140220309852336,0.05315012875080678,0.25138414155811895,0.5863963302154083,0.33304409893092823,0.6787392134721816,1310.8902863777093,0.6391771588594222,0.45268549223229404,0.8808957696661288,0.1045021360499507
692,train,normal_intermediate,Normal,none,0.6539109234404061,0.19228182115196127,0.23805558199295707,0.3989772378908585,0.06529797084758124,0.20506318682440172,0.5153670076344996,0.7776299454771702,0.8123429035330118,797.1449258923171,0.5459254656298757,0.32789143863491127,0.892385229595802,0.10180078027405685
693,train,normal_intermediate,Normal,none,0.6539109234404061,0.19228182115196127,0.23805558199295707,0.3989772378908585,0.06529797084758124,0.20506318682440172,0.5153670076344996,0.7776299454771702,0.8123429035330118,797.1449258923171,0.5459254656298757,0.32789143863491127,0.892385229595802,0.10180078027405685
694,train,normal_intermediate,Normal,none,0.596470970302746,0.020306513409961684,0.02072741493938209,0.30504324006464556,0.05858735330664855,0.22322784818780167,0.5783412482458763,0.6100875163408895,0.908940943582976,508.2103764478764,0.6012574065790226,0.39389384010713424,0.9510632408693517,0.12875579753982658
695,train,normal_intermediate,Normal,none,0.596470970302746,0.020306513409961684,0.02072741493938209,0.30504324006464556,0.05858735330664855,0.22322784818780167,0.5783412482458763,0.6100875163408895,0.908940943582976,508.2103764478764,0.6012574065790226,0.39389384010713424,0.9510632408693517,0.12875579753982658
696,train,normal_intermediate,Normal,none,0.584813653779171,0.03797895572761564,0.03947830034876282,0.34352274079312856,0.06036409556920561,0.213810579853301,0.5465589620067438,0.5161131455158464,0.9095012820049836,260.141998602376,0.6406013831955544,0.4100729356855346,0.9720108163805115,0.11097875719674409
697,train,normal_intermediate,Normal,none,0.584813653779171,0.03797895572761564,0.03947830034876282,0.34352274079312856,0.06036409556920561,0.213810579853301,0.5465589620067438,0.5161131455158464,0.9095012820049836,260.141998602376,0.6406013831955544,0.4100729356855346,0.9720108163805115,0.11097875719674409
698,train,normal_intermediate,Normal,none,0.7190901881623531,0.1361137567463699,0.1575598150906172,0.47495726684093725,0.0640799674805581,0.1305262787024439,0.5718570284717821,0.6809298366029971,0.9221417565485363,469.8418013021461,0.5317198941181049,0.27439674101281486,0.9435948947499762,0.10725683827092419
699,train,normal_intermediate,Normal,none,0.7190901881623531,0.1361137567463699,0.1575598150906172,0.47495726684093725,0.0640799674805581,0.1305262787024439,0.5718570284717821,0.6809298366029971,0.9221417565485363,469.8418013021461,0.5317198941181049,0.27439674101281486,0.9435948947499762,0.10725683827092419
700,train,normal_intermediate,Normal,none,0.6742963037163178,0.028695932060709597,0.029543716543461638,0.30852632323334855,0.06215616308971498,0.22234581555979946,0.5457936986799818,0.7460935144106037,0.9108109327079199,565.241577181208,0.5456437646346415,0.3129962965931153,0.9330707430222287,0.10094332615316051
701,train,normal_intermediate,Normal,none,0.6742963037163178,0.028695932060709597,0.029543716543461638,0.30852632323334855,0.06215616308971498,0.22234581555979946,0.5457936986799818,0.7460935144106037,0.9108109327079199,565.241577181208,0.5456437646346415,0.3129962965931153,0.9330707430222287,0.10094332615316051
702,train,normal_intermediate,Normal,none,0.08854749330072587,0.10547965329807552,0.11791755624897356,0.3262412594898683,0.04806129945170402,0.2420440448546613,0.5306320355253286,0.9510313375713122,0.38984021533703683,305.5199718045112,0.9279295548822337,0.9036523592654521,0.8897255513600194,0.2448949610694873
703,train,normal_intermediate,Normal,none,0.08854749330072587,0.10547965329807552,0.11791755624897356,0.3262412594898683,0.04806129945170402,0.2420440448546613,0.5306320355253286,0.9510313375713122,0.38984021533703683,305.5199718045112,0.9279295548822337,0.9036523592654521,0.8897255513600194,0.2448949610694873
704,train,normal_intermediate,Normal,none,0.6226245505906522,0.03499985269422267,0.03626927186689055,0.32411273915626854,0.06948386552273361,0.22874780791946336,0.5458970699997904,0.39246824998736785,0.905653832813042,463.992428847748,0.5822366351474308,0.3671116958540369,0.9484873527822513,0.1110980172642371
705,train,normal_intermediate,Normal,none,0.6226245505906522,0.03499985269422267,0.03626927186689055,0.32411273915626854,0.06948386552273361,0.22874780791946336,0.5458970699997904,0.39246824998736785,0.905653832813042,463.992428847748,0.5822366351474308,0.3671116958540369,0.9484873527822513,0.1110980172642371
706,train,normal_intermediate,Normal,none,0.5919554509712215,0.1585639860744179,0.18844449661081605,0.4161057309127326,0.0678962947724106,0.1875145442692129,0.5546591711185487,0.5436372096409108,0.8967739078449173,430.99724105544306,0.580730163105909,0.39785123468016637,0.95290615631061,0.1281202933260907
707,train,normal_intermediate,Normal,none,0.5919554509712215,0.1585639860744179,0.18844449661081605,0.4161057309127326,0.0678962947724106,0.1875145442692129,0.5546591711185487,0.5436372096409108,0.8967739078449173,430.99724105544306,0.580730163105909,0.39785123468016637,0.95290615631061,0.1281202933260907
708,train,normal_intermediate,Normal,none,0.19046474358974358,0.4028887954003646,0.6747299201503053,0.5265654219474075,0.017548701660314442,0.13387723232823373,0.5665772929080823,0.8912888906661165,0.7750525324251866,320.00857380167724,0.8753940741242983,0.8022187643514335,0.947033408778503,0.05211985228813163
709,train,normal_intermediate,Normal,none,0.19046474358974358,0.4028887954003646,0.6747299201503053,0.5265654219474075,0.017548701660314442,0.13387723232823373,0.5665772929080823,0.8912888906661165,0.7750525324251866,320.00857380167724,0.8753940741242983,0.8022187643514335,0.947033408778503,0.05211985228813163
710,train,normal_intermediate,Normal,none,0.3040749622867752,0.2782000318015583,0.38542538661497117,0.3980735347911455,0.051008286609492186,0.26925854223343115,0.5141850255410795,0.7969742322700316,0.8469805527123848,190.86918506024563,0.8084948235245171,0.690918865923066,0.9706998522523522,0.17032914612816027
711,train,normal_intermediate,Normal,none,0.3040749622867752,0.2782000318015583,0.38542538661497117,0.3980735347911455,0.051008286609492186,0.26925854223343115,0.5141850255410795,0.7969742322700316,0.8469805527123848,190.86918506024563,0.8084948235245171,0.690918865923066,0.9706998522523522,0.17032914612816027
712,train,normal_intermediate,Normal,none,0.6089941972920696,0.022444550314964798,0.022959874370498727,0.33029417961524227,0.05849287670849388,0.36608174401904753,0.5781016643360654,0.4719572484529161,0.9008154117590959,721.426316044752,0.6675127353388737,0.3798773003907416,0.9293942070444896,0.10347519983060717
713,train,normal_intermediate,Normal,none,0.6089941972920696,0.022444550314964798,0.022959874370498727,0.33029417961524227,0.05849287670849388,0.36608174401904753,0.5781016643360654,0.4719572484529161,0.9008154117590959,721.426316044752,0.6675127353388737,0.3798773003907416,0.9293942070444896,0.10347519983060717
714,train,normal_intermediate,Normal,none,0.07158088591644858,0.4018280297901151,0.6717600452744765,0.537479367659448,0.029056464105843272,0.2717180729292035,0.6156147701321616,0.5606627392674767,0.9720302731161566,101.6592105263158,0.9446160212645444,0.9262492550343431,0.9657532455016055,0.21834800270819227
715,train,normal_intermediate,Normal,none,0.07158088591644858,0.4018280297901151,0.6717600452744765,0.537479367659448,0.029056464105843272,0.2717180729292035,0.6156147701321616,0.5606627392674767,0.9720302731161566,101.6592105263158,0.9446160212645444,0.9262492550343431,0.9657532455016055,0.21834800270819227
716,train,normal_intermediate,Normal,none,0.4319816699525763,0.20533695160560833,0.25839499146272055,0.28895072746118877,0.055579066945765906,0.41314335817863773,0.439364453304683,0.5091514376153193,0.8906018272698977,292.9166577625815,0.7183888246108896,0.5575813302147313,0.9472441639435659,0.1253032358866823
717,train,normal_intermediate,Normal,none,0.4319816699525763,0.20533695160560833,0.25839499146272055,0.28895072746118877,0.055579066945765906,0.41314335817863773,0.439364453304683,0.5091514376153193,0.8906018272698977,292.9166577625815,0.7183888246108896,0.5575813302147313,0.9472441639435659,0.1253032358866823
718,train,normal_intermediate,Normal,none,0.5381932333449599,0.027738172391445236,0.028529529396080524,0.14676326186549388,0.05395511496282632,0.6102170184414207,0.4025386597691115,0.7382454777489673,0.9353404728227925,188.92739046730065,0.6548223796951185,0.4547426679591722,0.9636451575482651,0.10054007344998919
719,train,normal_intermediate,Normal,none,0.5381932333449599,0.027738172391445236,0.028529529396080524,0.14676326186549388,0.05395511496282632,0.6102170184414207,0.4025386597691115,0.7382454777489673,0.9353404728227925,188.92739046730065,0.6548223796951185,0.4547426679591722,0.9636451575482651,0.10054007344998919
720,train,normal_intermediate,Normal,none,0.07841785974278088,0.6204975863349425,1.6350293542074363,0.18558533131505148,0.0325709609032336,0.5729733962907688,0.3110368379315197,0.9600782416676866,0.8840135682240945,27.49570627409744,0.9460001849475831,0.9205488953467981,0.9501257891854339,0.06745884391632628
721,train,normal_intermediate,Normal,none,0.07841785974278088,0.6204975863349425,1.6350293542074363,0.18558533131505148,0.0325709609032336,0.5729733962907688,0.3110368379315197,0.9600782416676866,0.8840135682240945,27.49570627409744,0.9460001849475831,0.9205488953467981,0.9501257891854339,0.06745884391632628
722,train,normal_intermediate,Normal,none,0.4530946486383546,0.2191913248150639,0.28072347526511277,0.30513277521478394,0.06720653930617754,0.4180811425451904,0.42775648870044874,0.8110280560032186,0.9199953598082055,144.26650997477643,0.6984648939883426,0.5414148551508201,0.9732790024038516,0.08149798251513114
723,train,normal_intermediate,Normal,none,0.4530946486383546,0.2191913248150639,0.28072347526511277,0.30513277521478394,0.06720653930617754,0.4180811425451904,0.42775648870044874,0.8110280560032186,0.9199953598082055,144.26650997477643,0.6984648939883426,0.5414148551508201,0.9732790024038516,0.08149798251513114
724,train,normal_intermediate,Normal,none,0.5738583463905352,0.34668196747259705,0.5306480920654149,0.2038492328076077,0.05986165029722943,0.5439279374435985,0.35924556625218235,0.777433298579772,0.8111378590916386,233.9228837549082,0.5638028561234959,0.41507565579607303,0.933685371692943,0.11400419453128091
725,train,normal_intermediate,Normal,none,0.5738583463905352,0.34668196747259705,0.5306480920654149,0.2038492328076077,0.05986165029722943,0.5439279374435985,0.35924556625218235,0.777433298579772,0.8111378590916386,233.9228837549082,0.5638028561234959,0.41507565579607303,0.933685371692943,0.11400419453128091
726,train,normal_intermediate,Normal,none,0.5524212051684579,0.1387225112578149,0.16106598984771572,0.214888548352212,0.07483767492478395,0.5475569369298644,0.41385361891111777,0.6920759711188679,0.8594994739215391,241.66513605442177,0.5883337133451819,0.43991841091304434,0.9544167898742946,0.1072006295632405
727,train,normal_intermediate,Normal,none,0.5524212051684579,0.1387225112578149,0.16106598984771572,0.214888548352212,0.07483767492478395,0.5475569369298644,0.41385361891111777,0.6920759711188679,0.8594994739215391,241.66513605442177,0.5883337133451819,0.43991841091304434,0.9544167898742946,0.1072006295632405
728,train,normal_intermediate,Normal,none,0.13089726308386568,0.20304454891426013,0.2547752808988764,0.2212765661413408,0.06612034896458711,0.48782585208675316,0.41736246566791513,0.9005224062337541,0.26575049080849544,314.8326032203374,0.8801235125885543,0.8572325419415396,0.8594552120597966,0.19797030072382657
729,train,normal_intermediate,Normal,none,0.13089726308386568,0.20304454891426013,0.2547752808988764,0.2212765661413408,0.06612034896458711,0.48782585208675316,0.41736246566791513,0.9005224062337541,0.26575049080849544,314.8326032203374,0.8801235125885543,0.8572325419415396,0.8594552120597966,0.19797030072382657
730,train,normal_intermediate,Normal,none,0.5936468646864687,0.22248783877692843,0.2861535161417182,0.17533092120606364,0.06511435222291334,0.5625805009714719,0.3840149684161677,0.6336377975028862,0.7835300779718605,583.2013576158939,0.527077903272954,0.38173551824253865,0.8644769223329029,0.09653926337734538
731,train,normal_intermediate,Normal,none,0.5936468646864687,0.22248783877692843,0.2861535161417182,0.17533092120606364,0.06511435222291334,0.5625805009714719,0.3840149684161677,0.6336377975028862,0.7835300779718605,583.2013576158939,0.527077903272954,0.38173551824253865,0.8644769223329029,0.09653926337734538
732,train,normal_intermediate,Normal,none,0.5329050925925926,0.09386877484090958,0.10359291483904988,0.24169974630481533,0.07894520815141043,0.43602993025529624,0.4311199464980019,0.6345332104948819,0.8142286199335078,532.4159758504586,0.6010499119230485,0.44840200342871456,0.9083349420845965,0.09973285841495994
733,train,normal_intermediate,Normal,none,0.5329050925925926,0.09386877484090958,0.10359291483904988,0.24169974630481533,0.07894520815141043,0.43602993025529624,0.4311199464980019,0.6345332104948819,0.8142286199335078,532.4159758504586,0.6010499119230485,0.44840200342871456,0.9083349420845965,0.09973285841495994
734,train,normal_intermediate,Normal,none,0.5701037050573348,0.11542591553810401,0.13048756182849275,0.2628784825565883,0.08476570035423092,0.4244834509657551,0.4507133554660065,0.7676568762930109,0.8640769976457554,463.04742098030226,0.5671558600036772,0.41544661236465513,0.9258373031917612,0.13137270614632582
735,train,normal_intermediate,Normal,none,0.5701037050573348,0.11542591553810401,0.13048756182849275,0.2628784825565883,0.08476570035423092,0.4244834509657551,0.4507133554660065,0.7676568762930109,0.8640769976457554,463.04742098030226,0.5671558600036772,0.41544661236465513,0.9258373031917612,0.13137270614632582
736,train,normal_intermediate,Normal,none,0.1160423106372118,0.3547165200391007,0.549706494982011,0.14928708394966667,0.05734634932241465,0.6041468437767301,0.35585637241906803,0.8634837606241453,0.5168950925282637,159.80403531971166,0.8998916767616978,0.8763921954120025,0.8715212620888847,0.21945259042033236
737,train,normal_intermediate,Normal,none,0.1160423106372118,0.3547165200391007,0.549706494982011,0.14928708394966667,0.05734634932241465,0.6041468437767301,0.35585637241906803,0.8634837606241453,0.5168950925282637,159.80403531971166,0.8998916767616978,0.8763921954120025,0.8715212620888847,0.21945259042033236
738,train,normal_intermediate,Normal,none,0.5108364646590565,0.16705595258846087,0.20056083371698824,0.20481979279190812,0.07534336182461576,0.41792477358594504,0.3926780075549242,0.792435898797448,0.9144378207784756,235.7614823293748,0.6022572335504712,0.479069007324414,0.9496788397259265,0.11396200104584278
739,train,normal_intermediate,Normal,none,0.5108364646590565,0.16705595258846087,0.20056083371698824,0.20481979279190812,0.07534336182461576,0.41792477358594504,0.3926780075549242,0.792435898797448,0.9144378207784756,235.7614823293748,0.6022572335504712,0.479069007324414,0.9496788397259265,0.11396200104584278
740,train,normal_intermediate,Normal,none,0.4714071687019448,0.09018678979402153,0.09912670950733235,0.2612272481226533,0.08725302274713294,0.3908669442947003,0.48834172989703384,0.7485621775717749,0.8444652623050436,736.9178253220589,0.6151214586054257,0.5078463512223886,0.9009578527215547,0.09867178364764789
741,train,normal_intermediate,Normal,none,0.4714071687019448,0.09018678979402153,0.09912670950733235,0.2612272481226533,0.08725302274713294,0.3908669442947003,0.48834172989703384,0.7485621775717749,0.8444652623050436,736.9178253220589,0.6151214586054257,0.5078463512223886,0.9009578527215547,0.09867178364764789
742,train,normal_intermediate,Normal,none,0.4714071687019448,0.09018678979402153,0.09912670950733235,0.2612272481226533,0.08725302274713294,0.3908669442947003,0.48834172989703384,0.7485621775717749,0.8444652623050436,736.9178253220589,0.6151214586054257,0.5078463512223886,0.9009578527215547,0.09867178364764789
743,train,normal_intermediate,Normal,none,0.5041233276527394,0.11843332297171277,0.1343441466854725,0.2501532430137409,0.08051864805647266,0.40302430083882523,0.44730602225586996,0.8034441916447548,0.8699885065242378,589.754121581743,0.6056459407079755,0.4760657832116898,0.9049250067614478,0.09574137395088592
744,train,normal_intermediate,Normal,none,0.5041233276527394,0.11843332297171277,0.1343441466854725,0.2501532430137409,0.08051864805647266,0.40302430083882523,0.44730602225586996,0.8034441916447548,0.8699885065242378,589.754121581743,0.6056459407079755,0.4760657832116898,0.9049250067614478,0.09574137395088592
745,train,normal_intermediate,Normal,none,0.5041233276527394,0.11843332297171277,0.1343441466854725,0.2501532430137409,0.08051864805647266,0.40302430083882523,0.44730602225586996,0.8034441916447548,0.8699885065242378,589.754121581743,0.6056459407079755,0.4760657832116898,0.9049250067614478,0.09574137395088592
746,train,normal_intermediate,Normal,none,0.02169050887993268,0.7478305257784584,2.965587044534413,0.22718582721006492,0.02879657570945607,0.5700236863474631,0.3156742065571168,0.31549303437952386,0.9669299111549852,10.91252403338557,0.9836646580191012,0.9776399416960284,0.938216384045262,0.2659520163348647
747,train,normal_intermediate,Normal,none,0.02169050887993268,0.7478305257784584,2.965587044534413,0.22718582721006492,0.02879657570945607,0.5700236863474631,0.3156742065571168,0.31549303437952386,0.9669299111549852,10.91252403338557,0.9836646580191012,0.9776399416960284,0.938216384045262,0.2659520163348647
748,train,normal_intermediate,Normal,none,0.02169050887993268,0.7478305257784584,2.965587044534413,0.22718582721006492,0.02879657570945607,0.5700236863474631,0.3156742065571168,0.31549303437952386,0.9669299111549852,10.91252403338557,0.9836646580191012,0.9776399416960284,0.938216384045262,0.2659520163348647
749,train,normal_intermediate,Normal,none,0.3869445442567972,0.085154460471739,0.09308069700558282,0.2208786888190391,0.063682002418378,0.5711253274537486,0.43034677963650353,0.7287961341513447,0.7481011485735457,631.4684316740343,0.7093530706417176,0.5895656631576125,0.8838788436058659,0.1392311025815638
750,train,normal_intermediate,Normal,none,0.3869445442567972,0.085154460471739,0.09308069700558282,0.2208786888190391,0.063682002418378,0.5711253274537486,0.43034677963650353,0.7287961341513447,0.7481011485735457,631.4684316740343,0.7093530706417176,0.5895656631576125,0.8838788436058659,0.1392311025815638
751,train,normal_intermediate,Normal,none,0.3869445442567972,0.085154460471739,0.09308069700558282,0.2208786888190391,0.063682002418378,0.5711253274537486,0.43034677963650353,0.7287961341513447,0.7481011485735457,631.4684316740343,0.7093530706417176,0.5895656631576125,0.8838788436058659,0.1392311025815638
752,train,normal_intermediate,Normal,none,0.01612328234379051,0.8165829145728644,4.4520547945205475,0.22046257182503773,0.020542336377459003,0.5826594293852644,0.2935469567553049,0.5683952179498447,0.9726295210166178,5.707716049382716,0.9885611852453964,0.9834639710287998,0.9499341585956446,0.20452261306532662
753,train,normal_intermediate,Normal,none,0.01612328234379051,0.8165829145728644,4.4520547945205475,0.22046257182503773,0.020542336377459003,0.5826594293852644,0.2935469567553049,0.5683952179498447,0.9726295210166178,5.707716049382716,0.9885611852453964,0.9834639710287998,0.9499341585956446,0.20452261306532662
754,train,normal_intermediate,Normal,none,0.01612328234379051,0.8165829145728644,4.4520547945205475,0.22046257182503773,0.020542336377459003,0.5826594293852644,0.2935469567553049,0.5683952179498447,0.9726295210166178,5.707716049382716,0.9885611852453964,0.9834639710287998,0.9499341585956446,0.20452261306532662
755,train,normal_intermediate,Normal,none,0.048504580607944936,0.4618020560370893,0.8580524344569288,0.24394449585333916,0.03320255245447321,0.5605591999113329,0.3636067497980466,0.6616179558421916,0.7230724384200554,48.67933705991959,0.9606849032351352,0.9491243171147958,0.9181690815361292,0.24833702882483372
756,train,normal_intermediate,Normal,none,0.048504580607944936,0.4618020560370893,0.8580524344569288,0.24394449585333916,0.03320255245447321,0.5605591999113329,0.3636067497980466,0.6616179558421916,0.7230724384200554,48.67933705991959,0.9606849032351352,0.9491243171147958,0.9181690815361292,0.24833702882483372
757,train,normal_intermediate,Normal,none,0.048504580607944936,0.4618020560370893,0.8580524344569288,0.24394449585333916,0.03320255245447321,0.5605591999113329,0.3636067497980466,0.6616179558421916,0.7230724384200554,48.67933705991959,0.9606849032351352,0.9491243171147958,0.9181690815361292,0.24833702882483372
758,train,normal_intermediate,Normal,none,0.19060401225847118,0.23211129482866755,0.3022720522720523,0.22978991084716865,0.05218037819141802,0.5720316255525166,0.3823054166448284,0.8212362065938237,0.42239240902632275,247.8789949858295,0.847069444691778,0.7986558992658217,0.9020474030649641,0.1216717030617481
759,train,normal_intermediate,Normal,none,0.19060401225847118,0.23211129482866755,0.3022720522720523,0.22978991084716865,0.05218037819141802,0.5720316255525166,0.3823054166448284,0.8212362065938237,0.42239240902632275,247.8789949858295,0.847069444691778,0.7986558992658217,0.9020474030649641,0.1216717030617481
760,train,normal_intermediate,Normal,none,0.19060401225847118,0.23211129482866755,0.3022720522720523,0.22978991084716865,0.05218037819141802,0.5720316255525166,0.3823054166448284,0.8212362065938237,0.42239240902632275,247.8789949858295,0.847069444691778,0.7986558992658217,0.9020474030649641,0.1216717030617481
761,train,normal_intermediate,Normal,none,0.04199215827122804,0.27049180327868855,0.3707865168539326,0.23153423338241752,0.03478730345575055,0.6052088252000377,0.3999466873569164,0.946959510216384,0.6782692772540488,68.32663301484287,0.9686256644852478,0.955055026752622,0.900635396603611,0.2765502494654312
762,train,normal_intermediate,Normal,none,0.04199215827122804,0.27049180327868855,0.3707865168539326,0.23153423338241752,0.03478730345575055,0.6052088252000377,0.3999466873569164,0.946959510216384,0.6782692772540488,68.32663301484287,0.9686256644852478,0.955055026752622,0.900635396603611,0.2765502494654312
763,train,normal_intermediate,Normal,none,0.04199215827122804,0.27049180327868855,0.3707865168539326,0.23153423338241752,0.03478730345575055,0.6052088252000377,0.3999466873569164,0.946959510216384,0.6782692772540488,68.32663301484287,0.9686256644852478,0.955055026752622,0.900635396603611,0.2765502494654312
764,train,normal_intermediate,Normal,none,0.0263724853990915,0.3213582677165354,0.47353154459753444,0.24927947272017537,0.04658657536373204,0.531507503520829,0.3724926502580728,0.9149156057609764,0.4124213517353359,41.40663889612081,0.976994768296534,0.971714112221915,0.8912920965106899,0.3794291338582677
765,train,normal_intermediate,Normal,none,0.0263724853990915,0.3213582677165354,0.47353154459753444,0.24927947272017537,0.04658657536373204,0.531507503520829,0.3724926502580728,0.9149156057609764,0.4124213517353359,41.40663889612081,0.976994768296534,0.971714112221915,0.8912920965106899,0.3794291338582677
766,train,normal_intermediate,Normal,none,0.0263724853990915,0.3213582677165354,0.47353154459753444,0.24927947272017537,0.04658657536373204,0.531507503520829,0.3724926502580728,0.9149156057609764,0.4124213517353359,41.40663889612081,0.976994768296534,0.971714112221915,0.8912920965106899,0.3794291338582677
767,train,normal_intermediate,Normal,none,0.11439073040632915,0.147923197492163,0.17360312715566797,0.3415144381249189,0.0727377010294164,0.4180179037782175,0.46098221137155715,0.9091713718453555,0.2822150341433745,323.3521373865515,0.8994542359547517,0.8752979151268202,0.87628021617556,0.219435736677116
768,train,normal_intermediate,Normal,none,0.11439073040632915,0.147923197492163,0.17360312715566797,0.3415144381249189,0.0727377010294164,0.4180179037782175,0.46098221137155715,0.9091713718453555,0.2822150341433745,323.3521373865515,0.8994542359547517,0.8752979151268202,0.87628021617556,0.219435736677116
769,train,normal_intermediate,Normal,none,0.11439073040632915,0.147923197492163,0.17360312715566797,0.3415144381249189,0.0727377010294164,0.4180179037782175,0.46098221137155715,0.9091713718453555,0.2822150341433745,323.3521373865515,0.8994542359547517,0.8752979151268202,0.87628021617556,0.219435736677116
770,train,normal_intermediate,Normal,none,0.03290660951951275,0.8239074550128535,4.678832116788321,0.25137985255880824,0.026483119208406285,0.5617396926685483,0.3676704412957397,0.6636724198880082,0.9174528301886793,20.408743633276746,0.9772534615470858,0.9660184109275683,0.9350317349162198,0.17480719794344474
771,train,normal_intermediate,Normal,none,0.03290660951951275,0.8239074550128535,4.678832116788321,0.25137985255880824,0.026483119208406285,0.5617396926685483,0.3676704412957397,0.6636724198880082,0.9174528301886793,20.408743633276746,0.9772534615470858,0.9660184109275683,0.9350317349162198,0.17480719794344474
772,train,normal_intermediate,Normal,none,0.03290660951951275,0.8239074550128535,4.678832116788321,0.25137985255880824,0.026483119208406285,0.5617396926685483,0.3676704412957397,0.6636724198880082,0.9174528301886793,20.408743633276746,0.9772534615470858,0.9660184109275683,0.9350317349162198,0.17480719794344474
773,train,normal_intermediate,Normal,none,0.26863728164971834,0.05810004286609292,0.061683878872746366,0.24246950079010038,0.062129399091855116,0.5612254216980362,0.5139940162889592,0.6520185920073822,0.4962771441195241,707.8776587238126,0.7907884385949319,0.7124175111669574,0.890952945164544,0.1372044712632308
774,train,normal_intermediate,Normal,none,0.26863728164971834,0.05810004286609292,0.061683878872746366,0.24246950079010038,0.062129399091855116,0.5612254216980362,0.5139940162889592,0.6520185920073822,0.4962771441195241,707.8776587238126,0.7907884385949319,0.7124175111669574,0.890952945164544,0.1372044712632308
775,train,normal_intermediate,Normal,none,0.26863728164971834,0.05810004286609292,0.061683878872746366,0.24246950079010038,0.062129399091855116,0.5612254216980362,0.5139940162889592,0.6520185920073822,0.4962771441195241,707.8776587238126,0.7907884385949319,0.7124175111669574,0.890952945164544,0.1372044712632308
776,train,normal_intermediate,Normal,none,0.065625,0.20463980463980463,0.25729198649063556,0.13017625251532594,0.043532027435768506,0.7049417380838401,0.3212780005659003,0.9049679860768126,0.7916102841677943,39.51888888888889,0.9506047842410039,0.9324363640633949,0.9426812009134314,0.23882783882783884
777,train,normal_intermediate,Normal,none,0.065625,0.20463980463980463,0.25729198649063556,0.13017625251532594,0.043532027435768506,0.7049417380838401,0.3212780005659003,0.9049679860768126,0.7916102841677943,39.51888888888889,0.9506047842410039,0.9324363640633949,0.9426812009134314,0.23882783882783884
778,train,normal_intermediate,Normal,none,0.065625,0.20463980463980463,0.25729198649063556,0.13017625251532594,0.043532027435768506,0.7049417380838401,0.3212780005659003,0.9049679860768126,0.7916102841677943,39.51888888888889,0.9506047842410039,0.9324363640633949,0.9426812009134314,0.23882783882783884
779,train,normal_intermediate,Normal,none,0.4656066165763877,0.05514135601701276,0.05835937086268072,0.21143121098893278,0.04782846262708928,0.6203522937048305,0.45630367914702824,0.7792138792953767,0.6209124943687571,982.2715254237289,0.6428643586449635,0.5024849813104877,0.8501129607989443,0.1319239429572179
780,train,normal_intermediate,Normal,none,0.4656066165763877,0.05514135601701276,0.05835937086268072,0.21143121098893278,0.04782846262708928,0.6203522937048305,0.45630367914702824,0.7792138792953767,0.6209124943687571,982.2715254237289,0.6428643586449635,0.5024849813104877,0.8501129607989443,0.1319239429572179
781,train,normal_intermediate,Normal,none,0.4656066165763877,0.05514135601701276,0.05835937086268072,0.21143121098893278,0.04782846262708928,0.6203522937048305,0.45630367914702824,0.7792138792953767,0.6209124943687571,982.2715254237289,0.6428643586449635,0.5024849813104877,0.8501129607989443,0.1319239429572179
782,train,normal_intermediate,Normal,none,0.42888303646817577,0.06260107342911383,0.06678167816781679,0.2451867979239618,0.057167996104853305,0.5436961689300401,0.46396785580518846,0.9072270654222429,0.669244282711673,695.6973356837068,0.6933754603380932,0.5498354365746353,0.8951259042678401,0.12410059296411746
783,train,normal_intermediate,Normal,none,0.42888303646817577,0.06260107342911383,0.06678167816781679,0.2451867979239618,0.057167996104853305,0.5436961689300401,0.46396785580518846,0.9072270654222429,0.669244282711673,695.6973356837068,0.6933754603380932,0.5498354365746353,0.8951259042678401,0.12410059296411746
784,train,normal_intermediate,Normal,none,0.42888303646817577,0.06260107342911383,0.06678167816781679,0.2451867979239618,0.057167996104853305,0.5436961689300401,0.46396785580518846,0.9072270654222429,0.669244282711673,695.6973356837068,0.6933754603380932,0.5498354365746353,0.8951259042678401,0.12410059296411746
785,train,normal_intermediate,Normal,none,0.30572400180732917,0.06638923459863098,0.07111018537804624,0.21872822219924878,0.038975908419857055,0.5747317797270981,0.4420918054163553,0.9195201344324836,0.632614900108257,665.3737595419848,0.7703512554957993,0.6703543666995108,0.8711616445687779,0.1713985687616677
786,train,normal_intermediate,Normal,none,0.30572400180732917,0.06638923459863098,0.07111018537804624,0.21872822219924878,0.038975908419857055,0.5747317797270981,0.4420918054163553,0.9195201344324836,0.632614900108257,665.3737595419848,0.7703512554957993,0.6703543666995108,0.8711616445687779,0.1713985687616677
787,train,normal_intermediate,Normal,none,0.30572400180732917,0.06638923459863098,0.07111018537804624,0.21872822219924878,0.038975908419857055,0.5747317797270981,0.4420918054163553,0.9195201344324836,0.632614900108257,665.3737595419848,0.7703512554957993,0.6703543666995108,0.8711616445687779,0.1713985687616677
788,train,normal_intermediate,Normal,none,0.2745950962054316,0.08702080473122822,0.09531521110468479,0.2363830715781458,0.043544321794598655,0.5607115305543238,0.43417174601662534,0.5843127125234515,0.4691688343862257,649.5638942279688,0.7874862336340988,0.7011816015749133,0.8595308458418077,0.19415989016791635
789,train,normal_intermediate,Normal,none,0.2745950962054316,0.08702080473122822,0.09531521110468479,0.2363830715781458,0.043544321794598655,0.5607115305543238,0.43417174601662534,0.5843127125234515,0.4691688343862257,649.5638942279688,0.7874862336340988,0.7011816015749133,0.8595308458418077,0.19415989016791635
790,train,normal_intermediate,Normal,none,0.2745950962054316,0.08702080473122822,0.09531521110468479,0.2363830715781458,0.043544321794598655,0.5607115305543238,0.43417174601662534,0.5843127125234515,0.4691688343862257,649.5638942279688,0.7874862336340988,0.7011816015749133,0.8595308458418077,0.19415989016791635
791,train,normal_intermediate,Normal,none,0.028063165905631657,0.8197740112994351,4.54858934169279,0.20762373157119499,0.025393975874589636,0.6137237998132372,0.3324975991148811,0.5143735761548605,0.9730621220450797,14.587501590938018,0.9795279906735503,0.9710784478968545,0.925789882285919,0.207909604519774
792,train,normal_intermediate,Normal,none,0.028063165905631657,0.8197740112994351,4.54858934169279,0.20762373157119499,0.025393975874589636,0.6137237998132372,0.3324975991148811,0.5143735761548605,0.9730621220450797,14.587501590938018,0.9795279906735503,0.9710784478968545,0.925789882285919,0.207909604519774
793,train,normal_intermediate,Normal,none,0.028063165905631657,0.8197740112994351,4.54858934169279,0.20762373157119499,0.025393975874589636,0.6137237998132372,0.3324975991148811,0.5143735761548605,0.9730621220450797,14.587501590938018,0.9795279906735503,0.9710784478968545,0.925789882285919,0.207909604519774
794,train,normal_intermediate,Normal,none,0.5457334688103919,0.04994158878504673,0.052566861358745776,0.2542412005503956,0.0547398555289856,0.5133658710575975,0.4726340571599067,0.547602362514099,0.8116148148148148,875.4033064129218,0.6106159605000805,0.42778047664303376,0.8755523951590028,0.1224627628504673
795,train,normal_intermediate,Normal,none,0.5457334688103919,0.04994158878504673,0.052566861358745776,0.2542412005503956,0.0547398555289856,0.5133658710575975,0.4726340571599067,0.547602362514099,0.8116148148148148,875.4033064129218,0.6106159605000805,0.42778047664303376,0.8755523951590028,0.1224627628504673
796,train,normal_intermediate,Normal,none,0.5457334688103919,0.04994158878504673,0.052566861358745776,0.2542412005503956,0.0547398555289856,0.5133658710575975,0.4726340571599067,0.547602362514099,0.8116148148148148,875.4033064129218,0.6106159605000805,0.42778047664303376,0.8755523951590028,0.1224627628504673
797,train,normal_intermediate,Normal,none,0.0504154344458527,0.5905493482309124,1.4422967595224558,0.22816694010990288,0.04285052227292339,0.5383416047450652,0.35140925882575885,0.8229611217988947,0.6241464477698678,46.8580206947698,0.9565849945899713,0.9472405907031359,0.9088280975449562,0.3531191806331471
798,train,normal_intermediate,Normal,none,0.0504154344458527,0.5905493482309124,1.4422967595224558,0.22816694010990288,0.04285052227292339,0.5383416047450652,0.35140925882575885,0.8229611217988947,0.6241464477698678,46.8580206947698,0.9565849945899713,0.9472405907031359,0.9088280975449562,0.3531191806331471
799,train,normal_intermediate,Normal,none,0.0504154344458527,0.5905493482309124,1.4422967595224558,0.22816694010990288,0.04285052227292339,0.5383416047450652,0.35140925882575885,0.8229611217988947,0.6241464477698678,46.8580206947698,0.9565849945899713,0.9472405907031359,0.9088280975449562,0.3531191806331471
800,train,normal_superficiel,Normal,none,0.41480124813458147,0.046279640228945214,0.04852537722908093,0.33637187556294607,0.05503389623088908,0.5112867780224489,0.6994724415664757,0.43881334929792565,0.7044930875576036,1028.0675804691762,0.6899818575559219,0.5707809490117385,0.9320451709484167,0.08656309621150177
801,train,normal_superficiel,Normal,none,0.41480124813458147,0.046279640228945214,0.04852537722908093,0.33637187556294607,0.05503389623088908,0.5112867780224489,0.6994724415664757,0.43881334929792565,0.7044930875576036,1028.0675804691762,0.6899818575559219,0.5707809490117385,0.9320451709484167,0.08656309621150177
802,train,normal_superficiel,Normal,none,0.6980646059593428,0.3621222698713474,0.5676985616010006,0.46906959310080404,0.07479268534650776,0.4736454908445813,0.6071292308305436,0.496198632382846,0.8888002481939459,535.5239145658263,0.5133000333579723,0.2909478413917605,0.941089741312018,0.07739104418071208
803,train,normal_superficiel,Normal,none,0.6980646059593428,0.3621222698713474,0.5676985616010006,0.46906959310080404,0.07479268534650776,0.4736454908445813,0.6071292308305436,0.496198632382846,0.8888002481939459,535.5239145658263,0.5133000333579723,0.2909478413917605,0.941089741312018,0.07739104418071208
804,train,normal_superficiel,Normal,none,0.19266599597585513,0.22594120411466764,0.2918915272531031,0.29856812699103213,0.036043630478860854,0.28132968901851324,0.4103848955059628,0.9329365803204058,0.5373155266258908,221.15993744955614,0.8688738693212656,0.7982063495532645,0.927376168596016,0.11294449376011696
805,train,normal_superficiel,Normal,none,0.19266599597585513,0.22594120411466764,0.2918915272531031,0.29856812699103213,0.036043630478860854,0.28132968901851324,0.4103848955059628,0.9329365803204058,0.5373155266258908,221.15993744955614,0.8688738693212656,0.7982063495532645,0.927376168596016,0.11294449376011696
806,train,normal_superficiel,Normal,none,0.475322265625,0.05475314856285826,0.05792470874630499,0.3633920965309201,0.0613771091588347,0.29514172493149077,0.5408554852267807,0.7829503672536884,0.8596887860536588,169.84301369863016,0.6831863564787384,0.5210012930594418,0.9816305416722149,0.13040083824707743
807,train,normal_superficiel,Normal,none,0.475322265625,0.05475314856285826,0.05792470874630499,0.3633920965309201,0.0613771091588347,0.29514172493149077,0.5408554852267807,0.7829503672536884,0.8596887860536588,169.84301369863016,0.6831863564787384,0.5210012930594418,0.9816305416722149,0.13040083824707743
808,train,normal_superficiel,Normal,none,0.7200653265965281,0.3063020189951601,0.4415495321919108,0.4571279103915541,0.04838978006677678,0.30340962448915565,0.539953508607892,0.6386910925022999,0.8697896025434402,415.528084876137,0.5617221357450507,0.27337818820629056,0.9416707617053331,0.11482149004677912
809,train,normal_superficiel,Normal,none,0.7200653265965281,0.3063020189951601,0.4415495321919108,0.4571279103915541,0.04838978006677678,0.30340962448915565,0.539953508607892,0.6386910925022999,0.8697896025434402,415.528084876137,0.5617221357450507,0.27337818820629056,0.9416707617053331,0.11482149004677912
810,train,normal_superficiel,Normal,none,0.27707519752974297,0.09243249887327407,0.10184641776894948,0.30426004450006955,0.03815537068037019,0.25055212895372553,0.48630875125365025,0.5612913106062363,0.4612143086604055,457.38669945131255,0.8187314540092369,0.7097953205142489,0.9214994066871325,0.14717089359609947
811,train,normal_superficiel,Normal,none,0.27707519752974297,0.09243249887327407,0.10184641776894948,0.30426004450006955,0.03815537068037019,0.25055212895372553,0.48630875125365025,0.5612913106062363,0.4612143086604055,457.38669945131255,0.8187314540092369,0.7097953205142489,0.9214994066871325,0.14717089359609947
812,train,normal_superficiel,Normal,none,0.6900611100749339,0.1828704071736331,0.223796089113727,0.49581083218263833,0.04875630668927744,0.23889699977541645,0.5748314016965869,0.39966850897350614,0.9349446661761318,308.76256817382125,0.5644164050698022,0.3063205448720964,0.9649350875497875,0.1266594591156971
813,train,normal_superficiel,Normal,none,0.6900611100749339,0.1828704071736331,0.223796089113727,0.49581083218263833,0.04875630668927744,0.23889699977541645,0.5748314016965869,0.39966850897350614,0.9349446661761318,308.76256817382125,0.5644164050698022,0.3063205448720964,0.9649350875497875,0.1266594591156971
814,train,normal_superficiel,Normal,none,0.5168533389687235,0.06544881061900382,0.07003234425537899,0.4389010461016178,0.07897052506056244,0.30353956790486275,0.5824541072057193,0.4167105400385094,0.9408410842595518,223.467365967366,0.689874668824551,0.47904238733901267,0.9792019754382529,0.1547436515237803
815,train,normal_superficiel,Normal,none,0.5168533389687235,0.06544881061900382,0.07003234425537899,0.4389010461016178,0.07897052506056244,0.30353956790486275,0.5824541072057193,0.4167105400385094,0.9408410842595518,223.467365967366,0.689874668824551,0.47904238733901267,0.9792019754382529,0.1547436515237803
816,train,normal_superficiel,Normal,none,0.6190837696335079,0.39038648568649836,0.6403835815977942,0.5066242610966778,0.04229663065573524,0.2608815310253824,0.5736280484743884,0.7568441339763937,0.8300224624455987,429.1790470941753,0.6363667232098066,0.3729142121939833,0.9537467951042626,0.12757410461330287
817,train,normal_superficiel,Normal,none,0.6190837696335079,0.39038648568649836,0.6403835815977942,0.5066242610966778,0.04229663065573524,0.2608815310253824,0.5736280484743884,0.7568441339763937,0.8300224624455987,429.1790470941753,0.6363667232098066,0.3729142121939833,0.9537467951042626,0.12757410461330287
818,train,normal_superficiel,Normal,none,0.8314339804744051,0.2836972051075989,0.3960576548500195,0.45678452868120534,0.041545046761096896,0.29325671818650356,0.5334900537959165,0.47471930131956613,0.8556039422415769,232.5424702159345,0.4930635905919186,0.17160844825965835,0.953069279920256,0.08207206000535762
819,train,normal_superficiel,Normal,none,0.8314339804744051,0.2836972051075989,0.3960576548500195,0.45678452868120534,0.041545046761096896,0.29325671818650356,0.5334900537959165,0.47471930131956613,0.8556039422415769,232.5424702159345,0.4930635905919186,0.17160844825965835,0.953069279920256,0.08207206000535762
820,train,normal_superficiel,Normal,none,0.7119934982003947,0.24183027852064445,0.3189658880715791,0.4812946707918501,0.054307545167571046,0.22945224533072758,0.5621076773473618,0.647921903545929,0.80300649486696,224.61167592495542,0.5671701314135342,0.28653401499981657,0.971846457508051,0.10325484312830213
821,train,normal_superficiel,Normal,none,0.7119934982003947,0.24183027852064445,0.3189658880715791,0.4812946707918501,0.054307545167571046,0.22945224533072758,0.5621076773473618,0.647921903545929,0.80300649486696,224.61167592495542,0.5671701314135342,0.28653401499981657,0.971846457508051,0.10325484312830213
822,train,normal_superficiel,Normal,none,0.5726506288790025,0.14250089917276107,0.16618198087355293,0.4079700994744188,0.054410346821427334,0.36796480950365673,0.5176879745945691,0.6740174102782861,0.719672131147541,946.1794345110907,0.6308351520819755,0.40462546393851584,0.88355045331947,0.11804340007193383
823,train,normal_superficiel,Normal,none,0.5726506288790025,0.14250089917276107,0.16618198087355293,0.4079700994744188,0.054410346821427334,0.36796480950365673,0.5176879745945691,0.6740174102782861,0.719672131147541,946.1794345110907,0.6308351520819755,0.40462546393851584,0.88355045331947,0.11804340007193383
824,train,normal_superficiel,Normal,none,0.6758454723571002,0.06834725066960769,0.07336129337752824,0.3302277728057567,0.052519803061314554,0.4078605131992099,0.4955776440346822,0.8167455344673609,0.7468991974393372,697.9515970410912,0.5734884347008774,0.308972573747971,0.8979759304789101,0.08438632424767607
825,train,normal_superficiel,Normal,none,0.6758454723571002,0.06834725066960769,0.07336129337752824,0.3302277728057567,0.052519803061314554,0.4078605131992099,0.4955776440346822,0.8167455344673609,0.7468991974393372,697.9515970410912,0.5734884347008774,0.308972573747971,0.8979759304789101,0.08438632424767607
826,train,normal_superficiel,Normal,none,0.8309787833012908,0.3686673070368419,0.5839509202453987,0.47853780827666986,0.03594561117860714,0.3056253555132634,0.550629130521673,0.44401767634398176,0.8439077113495516,428.42479407131975,0.5189720938085919,0.16821579624976862,0.916937124950496,0.09409310156064409
827,train,normal_superficiel,Normal,none,0.8309787833012908,0.3686673070368419,0.5839509202453987,0.47853780827666986,0.03594561117860714,0.3056253555132634,0.550629130521673,0.44401767634398176,0.8439077113495516,428.42479407131975,0.5189720938085919,0.16821579624976862,0.916937124950496,0.09409310156064409
828,train,normal_superficiel,Normal,none,0.7080137922834552,0.3733783953986313,0.5958594351948009,0.42208014366077007,0.044342238328736475,0.3687800424749441,0.4995027741836743,0.3210699997814869,0.9188365544111406,214.64702985809572,0.5827401803214741,0.2880425898570112,0.9648581028423863,0.09542801964818003
829,train,normal_superficiel,Normal,none,0.7080137922834552,0.3733783953986313,0.5958594351948009,0.42208014366077007,0.044342238328736475,0.3687800424749441,0.4995027741836743,0.3210699997814869,0.9188365544111406,214.64702985809572,0.5827401803214741,0.2880425898570112,0.9648581028423863,0.09542801964818003
830,train,normal_superficiel,Normal,none,0.7459729298543565,0.6674715419110038,2.0072614107883817,0.3128000667173329,0.034685972318683485,0.4752266878607007,0.41183026995362465,0.6405191549086,0.9013742926434923,251.4531185246581,0.48070712670531446,0.24626891725714906,0.9221075764636335,0.06409106588478786
831,train,normal_superficiel,Normal,none,0.7459729298543565,0.6674715419110038,2.0072614107883817,0.3128000667173329,0.034685972318683485,0.4752266878607007,0.41183026995362465,0.6405191549086,0.9013742926434923,251.4531185246581,0.48070712670531446,0.24626891725714906,0.9221075764636335,0.06409106588478786
832,train,normal_superficiel,Normal,none,0.7314081875318499,0.412234660225742,0.701359253990833,0.3033366066832367,0.03246268297478646,0.4588883985369527,0.37755501991155244,0.7326679150084203,0.9033273192632065,185.80102424035505,0.532984317141668,0.2634366867787619,0.9428049085866338,0.06786195364392215
833,train,normal_superficiel,Normal,none,0.7314081875318499,0.412234660225742,0.701359253990833,0.3033366066832367,0.03246268297478646,0.4588883985369527,0.37755501991155244,0.7326679150084203,0.9033273192632065,185.80102424035505,0.532984317141668,0.2634366867787619,0.9428049085866338,0.06786195364392215
834,train,normal_superficiel,Normal,none,0.8059111988816651,0.28441629955947134,0.397460561754521,0.3768867280906555,0.04610844319393717,0.4235724565178432,0.4742028139631382,0.6802481155621557,0.9297086981006502,266.3065285204991,0.47993994497047304,0.1908701044606717,0.9385652058108267,0.08012114537444934
835,train,normal_superficiel,Normal,none,0.8059111988816651,0.28441629955947134,0.397460561754521,0.3768867280906555,0.04610844319393717,0.4235724565178432,0.4742028139631382,0.6802481155621557,0.9297086981006502,266.3065285204991,0.47993994497047304,0.1908701044606717,0.9385652058108267,0.08012114537444934
836,train,normal_superficiel,Normal,none,0.8100545481350435,0.29325155607323555,0.4149306002626632,0.37641974462223293,0.0393188411718201,0.42635594515288955,0.46374962729798747,0.5883302742927446,0.8888493456492551,390.26819741981296,0.48538357970475055,0.18326216816138802,0.9034871861805605,0.0852291340588942
837,train,normal_superficiel,Normal,none,0.8100545481350435,0.29325155607323555,0.4149306002626632,0.37641974462223293,0.0393188411718201,0.42635594515288955,0.46374962729798747,0.5883302742927446,0.8888493456492551,390.26819741981296,0.48538357970475055,0.18326216816138802,0.9034871861805605,0.0852291340588942
838,train,normal_superficiel,Normal,none,0.690885230255309,0.5474443101364186,1.2096728035867594,0.3479331746893221,0.03844317268642481,0.43623432021346914,0.452515516026882,0.8383160681366327,0.9203385116611705,250.12699125643795,0.5364474642740624,0.30171933417431546,0.9462254400389162,0.09195303056466932
839,train,normal_superficiel,Normal,none,0.690885230255309,0.5474443101364186,1.2096728035867594,0.3479331746893221,0.03844317268642481,0.43623432021346914,0.452515516026882,0.8383160681366327,0.9203385116611705,250.12699125643795,0.5364474642740624,0.30171933417431546,0.9462254400389162,0.09195303056466932
840,train,normal_superficiel,Normal,none,0.6500159300896636,0.44445611455379336,0.8000378119485757,0.32591043792136787,0.03495669814688081,0.46867937013699956,0.4035175173119412,0.7338954290526707,0.8246860112602858,213.302337270671,0.5557143631919372,0.34207348004785776,0.949060466343682,0.07464201939572174
841,train,normal_superficiel,Normal,none,0.6500159300896636,0.44445611455379336,0.8000378119485757,0.32591043792136787,0.03495669814688081,0.46867937013699956,0.4035175173119412,0.7338954290526707,0.8246860112602858,213.302337270671,0.5557143631919372,0.34207348004785776,0.949060466343682,0.07464201939572174
842,train,normal_superficiel,Normal,none,0.7414954984096178,0.46193834520866656,0.8585230727653537,0.38453543685200525,0.041546622540491594,0.40269135695709807,0.4780711646139437,0.6945458732067269,0.8637005871455933,321.2371368900702,0.47462058398950907,0.24968205798478213,0.9354662747828554,0.08499345644903301
843,train,normal_superficiel,Normal,none,0.7414954984096178,0.46193834520866656,0.8585230727653537,0.38453543685200525,0.041546622540491594,0.40269135695709807,0.4780711646139437,0.6945458732067269,0.8637005871455933,321.2371368900702,0.47462058398950907,0.24968205798478213,0.9354662747828554,0.08499345644903301
844,train,normal_superficiel,Normal,none,0.38340138551176767,0.2567607993299031,0.345461863554035,0.39986710117811536,0.03971877508227696,0.3936106004163628,0.4674169743231565,0.5931857830812497,0.45862144660300735,634.1623975881432,0.7329878690256537,0.5957554103705984,0.8984814745345284,0.09665549838458777
845,train,normal_superficiel,Normal,none,0.38340138551176767,0.2567607993299031,0.345461863554035,0.39986710117811536,0.03971877508227696,0.3936106004163628,0.4674169743231565,0.5931857830812497,0.45862144660300735,634.1623975881432,0.7329878690256537,0.5957554103705984,0.8984814745345284,0.09665549838458777
846,train,normal_superficiel,Normal,none,0.40742743825491257,0.05368731563421829,0.05673316708229426,0.37053854422538246,0.0775787130513769,0.2735386832996515,0.5579225885347905,0.8112737916309628,0.6342153572723127,925.1030545848898,0.7270996022723917,0.5727207307655717,0.9028117938762952,0.11528392330383481
847,train,normal_superficiel,Normal,none,0.40742743825491257,0.05368731563421829,0.05673316708229426,0.37053854422538246,0.0775787130513769,0.2735386832996515,0.5579225885347905,0.8112737916309628,0.6342153572723127,925.1030545848898,0.7270996022723917,0.5727207307655717,0.9028117938762952,0.11528392330383481
848,train,normal_superficiel,Normal,none,0.5144990944425225,0.4341454732428905,0.7672386677384405,0.38595053371596894,0.0331440843795643,0.4479586969015725,0.4419101619379098,0.7176142183480565,0.6806935357940931,463.7316600149027,0.6633909195157834,0.4706709829601183,0.9187853555299925,0.07455602578807895
849,train,normal_superficiel,Normal,none,0.5144990944425225,0.4341454732428905,0.7672386677384405,0.38595053371596894,0.0331440843795643,0.4479586969015725,0.4419101619379098,0.7176142183480565,0.6806935357940931,463.7316600149027,0.6633909195157834,0.4706709829601183,0.9187853555299925,0.07455602578807895
850,train,normal_superficiel,Normal,none,0.7625625148844963,0.17487232244553036,0.21193365245463652,0.39578550037180543,0.06021952009320987,0.21133197805997048,0.5204888746281103,0.5365165383686138,0.8701782431460315,612.9680282442963,0.49989724312937667,0.22629957797048894,0.9002327938888555,0.10175625528162545
851,train,normal_superficiel,Normal,none,0.7625625148844963,0.17487232244553036,0.21193365245463652,0.39578550037180543,0.06021952009320987,0.21133197805997048,0.5204888746281103,0.5365165383686138,0.8701782431460315,612.9680282442963,0.49989724312937667,0.22629957797048894,0.9002327938888555,0.10175625528162545
852,train,normal_superficiel,Normal,none,0.5322103346232643,0.30713572854291415,0.44328411955347496,0.4893784427954774,0.03784733055015257,0.29061868634099913,0.5707930111389173,0.8381341477104752,0.8761750101495893,348.8795694016509,0.6906819957399124,0.4606035308842669,0.9640915400385769,0.12320002851439978
853,train,normal_superficiel,Normal,none,0.5322103346232643,0.30713572854291415,0.44328411955347496,0.4893784427954774,0.03784733055015257,0.29061868634099913,0.5707930111389173,0.8381341477104752,0.8761750101495893,348.8795694016509,0.6906819957399124,0.4606035308842669,0.9640915400385769,0.12320002851439978
854,train,normal_superficiel,Normal,none,0.608277541083384,0.287158009091169,0.40283542882351764,0.4687103777991858,0.035059241968200434,0.3001743546530505,0.5231706630902376,0.5681138913519294,0.768068684606348,590.0677942458587,0.6140687020220088,0.37879694440171646,0.9262418187286955,0.085980159524286
855,train,normal_superficiel,Normal,none,0.608277541083384,0.287158009091169,0.40283542882351764,0.4687103777991858,0.035059241968200434,0.3001743546530505,0.5231706630902376,0.5681138913519294,0.768068684606348,590.0677942458587,0.6140687020220088,0.37879694440171646,0.9262418187286955,0.085980159524286
856,train,normal_superficiel,Normal,none,0.6795012834616795,0.39397261198057204,0.6500904410741617,0.4862976606393596,0.035852573379798476,0.25756408948926507,0.5444927535282932,0.5919339124832007,0.8334996696700918,356.68154433406926,0.5778479115547498,0.3141153709514197,0.9539863596226246,0.08008971937398812
857,train,normal_superficiel,Normal,none,0.6795012834616795,0.39397261198057204,0.6500904410741617,0.4862976606393596,0.035852573379798476,0.25756408948926507,0.5444927535282932,0.5919339124832007,0.8334996696700918,356.68154433406926,0.5778479115547498,0.3141153709514197,0.9539863596226246,0.08008971937398812
858,train,normal_superficiel,Normal,none,0.6853882263174482,0.3820425943852856,0.6182345108482807,0.5079105685106933,0.039591667952530475,0.24508468237406797,0.5679180294017819,0.5543073434929761,0.8555662535847025,446.24124251497005,0.5718626604294763,0.30806306637767106,0.946883833012924,0.11136253630203291
859,train,normal_superficiel,Normal,none,0.6853882263174482,0.3820425943852856,0.6182345108482807,0.5079105685106933,0.039591667952530475,0.24508468237406797,0.5679180294017819,0.5543073434929761,0.8555662535847025,446.24124251497005,0.5718626604294763,0.30806306637767106,0.946883833012924,0.11136253630203291
860,train,normal_superficiel,Normal,none,0.555085284323445,0.07208114853570856,0.07768044417026526,0.40303559060218747,0.06868945230771295,0.2706628859770092,0.5468095204751364,0.7672530458111473,0.7938669041862833,571.5812796571254,0.6475274661285861,0.432097420893256,0.938821672828203,0.12277608591120372
861,train,normal_superficiel,Normal,none,0.555085284323445,0.07208114853570856,0.07768044417026526,0.40303559060218747,0.06868945230771295,0.2706628859770092,0.5468095204751364,0.7672530458111473,0.7938669041862833,571.5812796571254,0.6475274661285861,0.432097420893256,0.938821672828203,0.12277608591120372
862,train,normal_superficiel,Normal,none,0.5972648261758691,0.00773592980954419,0.007796240982563594,0.37337722344262736,0.04215546198394052,0.29940899255609305,0.6097088684995118,0.7718372771124484,0.9277531815203796,442.6614880182385,0.6785486155098763,0.39923488729614015,0.9615679606693132,0.11251872458805906
863,train,normal_superficiel,Normal,none,0.5972648261758691,0.00773592980954419,0.007796240982563594,0.37337722344262736,0.04215546198394052,0.29940899255609305,0.6097088684995118,0.7718372771124484,0.9277531815203796,442.6614880182385,0.6785486155098763,0.39923488729614015,0.9615679606693132,0.11251872458805906
864,train,normal_superficiel,Normal,none,0.13532075585244027,0.4340430262938462,0.7669187702583243,0.42115482752732236,0.027314145345577766,0.41385414722751407,0.49890043830202746,0.8571921848223334,0.7823005001087193,81.98864613666883,0.9169689959675711,0.8631258477450666,0.9750448593366912,0.22441492022902884
865,train,normal_superficiel,Normal,none,0.13532075585244027,0.4340430262938462,0.7669187702583243,0.42115482752732236,0.027314145345577766,0.41385414722751407,0.49890043830202746,0.8571921848223334,0.7823005001087193,81.98864613666883,0.9169689959675711,0.8631258477450666,0.9750448593366912,0.22441492022902884
866,train,normal_superficiel,Normal,none,0.5711300364989623,0.21105458373013883,0.26751481075586475,0.48484398564365483,0.05552102858605022,0.24493585057417805,0.5672763950045641,0.6703311716218961,0.9042126492782524,389.74493601882136,0.6478394368834824,0.42138418186969895,0.9598591712722463,0.1357951982356774
867,train,normal_superficiel,Normal,none,0.5711300364989623,0.21105458373013883,0.26751481075586475,0.48484398564365483,0.05552102858605022,0.24493585057417805,0.5672763950045641,0.6703311716218961,0.9042126492782524,389.74493601882136,0.6478394368834824,0.42138418186969895,0.9598591712722463,0.1357951982356774
868,train,normal_superficiel,Normal,none,0.1854165089459207,0.14562776454576387,0.1704500199123855,0.2875661264431006,0.04885032091994194,0.27593370421601715,0.4836067024308728,0.5697798115973087,0.5348693310038581,347.23638204949674,0.8600568849686814,0.8048412050478003,0.9169574264625471,0.16685947601224907
869,train,normal_superficiel,Normal,none,0.1854165089459207,0.14562776454576387,0.1704500199123855,0.2875661264431006,0.04885032091994194,0.27593370421601715,0.4836067024308728,0.5697798115973087,0.5348693310038581,347.23638204949674,0.8600568849686814,0.8048412050478003,0.9169574264625471,0.16685947601224907
870,train,normal_superficiel,Normal,none,0.623654803106221,0.486416344561016,0.9471024621008494,0.34787059704980866,0.04129574609713976,0.38946098768316223,0.4536308676486399,0.3740381392605047,0.8230508782693662,315.7235381583043,0.5404244393498794,0.3659100077800175,0.9395807086236753,0.09740474875759249
871,train,normal_superficiel,Normal,none,0.623654803106221,0.486416344561016,0.9471024621008494,0.34787059704980866,0.04129574609713976,0.38946098768316223,0.4536308676486399,0.3740381392605047,0.8230508782693662,315.7235381583043,0.5404244393498794,0.3659100077800175,0.9395807086236753,0.09740474875759249
872,train,normal_superficiel,Normal,none,0.6164104952647105,0.1431377981512732,0.16704879482657262,0.39296915051081144,0.0661725770334816,0.17126815246150817,0.531344394808129,0.7469286025831143,0.856831473768263,286.8220428767294,0.5753669083680468,0.37690616704452157,0.965384515652746,0.10445054529884391
873,train,normal_superficiel,Normal,none,0.6164104952647105,0.1431377981512732,0.16704879482657262,0.39296915051081144,0.0661725770334816,0.17126815246150817,0.531344394808129,0.7469286025831143,0.856831473768263,286.8220428767294,0.5753669083680468,0.37690616704452157,0.965384515652746,0.10445054529884391
874,train,normal_superficiel,Normal,none,0.5877166766288106,0.19916094584286803,0.248690351462044,0.4158974487525126,0.06103867232219359,0.2336112409639784,0.530630152837463,0.65066586836515,0.7810390023035984,580.5760861414797,0.5721686653992952,0.398163078692968,0.9301705353732254,0.10101703534197813
875,train,normal_superficiel,Normal,none,0.5877166766288106,0.19916094584286803,0.248690351462044,0.4158974487525126,0.06103867232219359,0.2336112409639784,0.530630152837463,0.65066586836515,0.7810390023035984,580.5760861414797,0.5721686653992952,0.398163078692968,0.9301705353732254,0.10101703534197813
876,train,normal_superficiel,Normal,none,0.4646279703934554,0.1168776725077555,0.13234596031519985,0.38862012771823223,0.07409531418659704,0.17772357832208813,0.5433435033995243,0.765775162633237,0.7998256437768241,591.6177578007948,0.664589889777249,0.5213199552022564,0.9351180742898987,0.1127972946535871
877,train,normal_superficiel,Normal,none,0.4646279703934554,0.1168776725077555,0.13234596031519985,0.38862012771823223,0.07409531418659704,0.17772357832208813,0.5433435033995243,0.765775162633237,0.7998256437768241,591.6177578007948,0.664589889777249,0.5213199552022564,0.9351180742898987,0.1127972946535871
878,train,normal_superficiel,Normal,none,0.508572291389274,0.05244264507422402,0.05534508787421312,0.36292671207855254,0.06731135899337115,0.23461965509842625,0.5154033781542925,0.5307569570082223,0.6781987918725975,1178.9995866288202,0.6295488089513835,0.46128867542727,0.8602631152081514,0.0953306342780027
879,train,normal_superficiel,Normal,none,0.508572291389274,0.05244264507422402,0.05534508787421312,0.36292671207855254,0.06731135899337115,0.23461965509842625,0.5154033781542925,0.5307569570082223,0.6781987918725975,1178.9995866288202,0.6295488089513835,0.46128867542727,0.8602631152081514,0.0953306342780027
880,train,normal_superficiel,Normal,none,0.5838833883388339,0.19996411188121033,0.24994392732981946,0.4364400387098194,0.06988069212947604,0.232604310792401,0.5454623733252413,0.5836779117227648,0.7869208366428382,709.9750473036896,0.6059015652823065,0.40033162186283294,0.9197364057112747,0.12363456923042415
881,train,normal_superficiel,Normal,none,0.5838833883388339,0.19996411188121033,0.24994392732981946,0.4364400387098194,0.06988069212947604,0.232604310792401,0.5454623733252413,0.5836779117227648,0.7869208366428382,709.9750473036896,0.6059015652823065,0.40033162186283294,0.9197364057112747,0.12363456923042415
882,train,normal_superficiel,Normal,none,0.5838833883388339,0.19996411188121033,0.24994392732981946,0.4364400387098194,0.06988069212947604,0.232604310792401,0.5454623733252413,0.5836779117227648,0.7869208366428382,709.9750473036896,0.6059015652823065,0.40033162186283294,0.9197364057112747,0.12363456923042415
883,train,normal_superficiel,Normal,none,0.6826322707854091,0.21089946279499774,0.2672656434147221,0.47231007083887716,0.05210704427700304,0.27356794764894427,0.5493377059832156,0.6468218420045205,0.816966999177661,267.6768238800605,0.5829114528605468,0.31467119978681013,0.9669821236911988,0.09298788827011237
884,train,normal_superficiel,Normal,none,0.6826322707854091,0.21089946279499774,0.2672656434147221,0.47231007083887716,0.05210704427700304,0.27356794764894427,0.5493377059832156,0.6468218420045205,0.816966999177661,267.6768238800605,0.5829114528605468,0.31467119978681013,0.9669821236911988,0.09298788827011237
885,train,normal_superficiel,Normal,none,0.6826322707854091,0.21089946279499774,0.2672656434147221,0.47231007083887716,0.05210704427700304,0.27356794764894427,0.5493377059832156,0.6468218420045205,0.816966999177661,267.6768238800605,0.5829114528605468,0.31467119978681013,0.9669821236911988,0.09298788827011237
886,train,normal_superficiel,Normal,none,0.5250248718144945,0.5069783543473507,1.0283085110314498,0.45182107804027277,0.04070601184105629,0.3149928107329224,0.5265919455307901,0.7924434518463828,0.8936433502670313,259.5678983922336,0.6553738513805673,0.46839887467869723,0.9669371546559198,0.14293783251949566
887,train,normal_superficiel,Normal,none,0.5250248718144945,0.5069783543473507,1.0283085110314498,0.45182107804027277,0.04070601184105629,0.3149928107329224,0.5265919455307901,0.7924434518463828,0.8936433502670313,259.5678983922336,0.6553738513805673,0.46839887467869723,0.9669371546559198,0.14293783251949566
888,train,normal_superficiel,Normal,none,0.5250248718144945,0.5069783543473507,1.0283085110314498,0.45182107804027277,0.04070601184105629,0.3149928107329224,0.5265919455307901,0.7924434518463828,0.8936433502670313,259.5678983922336,0.6553738513805673,0.46839887467869723,0.9669371546559198,0.14293783251949566
889,train,normal_superficiel,Normal,none,0.7573729788651365,0.3962639427497701,0.6563529509146594,0.4855216354129111,0.0446517112065133,0.30021188958432926,0.5536380432213279,0.5433335154545391,0.8681301518438178,304.21685247444356,0.532417120090523,0.2402587010909978,0.9551329529561776,0.10074761124215408
890,train,normal_superficiel,Normal,none,0.7573729788651365,0.3962639427497701,0.6563529509146594,0.4855216354129111,0.0446517112065133,0.30021188958432926,0.5536380432213279,0.5433335154545391,0.8681301518438178,304.21685247444356,0.532417120090523,0.2402587010909978,0.9551329529561776,0.10074761124215408
891,train,normal_superficiel,Normal,none,0.5508837641989816,0.3172536384846128,0.4646727633677222,0.3864348923477501,0.044481326819700046,0.39312082591645114,0.47649468379664817,0.7140672997330654,0.9092470250722265,157.04554163596165,0.6246545866931049,0.4441937065710633,0.9762275386899714,0.12740806577046995
892,train,normal_superficiel,Normal,none,0.5508837641989816,0.3172536384846128,0.4646727633677222,0.3864348923477501,0.044481326819700046,0.39312082591645114,0.47649468379664817,0.7140672997330654,0.9092470250722265,157.04554163596165,0.6246545866931049,0.4441937065710633,0.9762275386899714,0.12740806577046995
893,train,normal_superficiel,Normal,none,0.5166377314814815,0.32591911029323517,0.4835014836795252,0.37693326276724015,0.0457457102510605,0.39669405148715536,0.47153265568161984,0.8893020710787574,0.8362438110531246,245.69606229097423,0.6292668133155783,0.47618154033112736,0.9620267366411306,0.07408889066688003
894,train,normal_superficiel,Normal,none,0.5166377314814815,0.32591911029323517,0.4835014836795252,0.37693326276724015,0.0457457102510605,0.39669405148715536,0.47153265568161984,0.8893020710787574,0.8362438110531246,245.69606229097423,0.6292668133155783,0.47618154033112736,0.9620267366411306,0.07408889066688003
895,train,normal_superficiel,Normal,none,0.5992323344432112,0.1534056707157079,0.18120328167730174,0.4125938074016205,0.055246757219148075,0.352026078508838,0.5239477189339911,0.612619578556572,0.8847330329100096,300.28623773213855,0.6243355788891134,0.3942137822613534,0.963216550881307,0.10703977527049345
896,train,normal_superficiel,Normal,none,0.5992323344432112,0.1534056707157079,0.18120328167730174,0.4125938074016205,0.055246757219148075,0.352026078508838,0.5239477189339911,0.612619578556572,0.8847330329100096,300.28623773213855,0.6243355788891134,0.3942137822613534,0.963216550881307,0.10703977527049345
897,train,normal_superficiel,Normal,none,0.5523047746010585,0.14621706272808252,0.17125788809423642,0.41568226862957036,0.05329259270565537,0.35307783966820727,0.5253634765984476,0.40905326732801434,0.8719105064702419,267.22688353439224,0.6674782164272748,0.4415741886785726,0.9684137127261547,0.12034136950087641
898,train,normal_superficiel,Normal,none,0.5523047746010585,0.14621706272808252,0.17125788809423642,0.41568226862957036,0.05329259270565537,0.35307783966820727,0.5253634765984476,0.40905326732801434,0.8719105064702419,267.22688353439224,0.6674782164272748,0.4415741886785726,0.9684137127261547,0.12034136950087641
899,train,normal_superficiel,Normal,none,0.7185859580052494,0.17020888026480996,0.20512256183113703,0.3844411277665573,0.058763504348862634,0.32967522898807816,0.5055824724363321,0.5888636285770859,0.8471445976522463,217.218407260221,0.5208439959340012,0.27745899242792543,0.9662437278643211,0.09399611916447895
900,train,normal_superficiel,Normal,none,0.7185859580052494,0.17020888026480996,0.20512256183113703,0.3844411277665573,0.058763504348862634,0.32967522898807816,0.5055824724363321,0.5888636285770859,0.8471445976522463,217.218407260221,0.5208439959340012,0.27745899242792543,0.9662437278643211,0.09399611916447895
901,train,normal_superficiel,Normal,none,0.596325445727403,0.33820060491165105,0.5110319039601146,0.4958065697097838,0.042014314671359396,0.23699101642044465,0.5591444933093398,0.8461314217702409,0.8525514484528451,443.5662869450138,0.6357561680698367,0.3951326910281705,0.9512863841921312,0.11792882881579138
902,train,normal_superficiel,Normal,none,0.596325445727403,0.33820060491165105,0.5110319039601146,0.4958065697097838,0.042014314671359396,0.23699101642044465,0.5591444933093398,0.8461314217702409,0.8525514484528451,443.5662869450138,0.6357561680698367,0.3951326910281705,0.9512863841921312,0.11792882881579138
903,train,normal_superficiel,Normal,none,0.7369402985074627,0.28095378274948485,0.3907311880782772,0.40212185405058926,0.045387233951216355,0.27741061119440746,0.5369140988628318,0.5242830731952478,0.8821360312448063,310.421696183804,0.5194066523075581,0.25762384244239345,0.9535049950519279,0.10863703267589049
904,train,normal_superficiel,Normal,none,0.7369402985074627,0.28095378274948485,0.3907311880782772,0.40212185405058926,0.045387233951216355,0.27741061119440746,0.5369140988628318,0.5242830731952478,0.8821360312448063,310.421696183804,0.5194066523075581,0.25762384244239345,0.9535049950519279,0.10863703267589049
905,train,normal_superficiel,Normal,none,0.49708297376484994,0.3839284786111544,0.6231881612473212,0.4624174648691926,0.03487789132426267,0.3049927651933533,0.5249648315303037,0.8282463098920763,0.8782765893341368,156.55072298641034,0.6812447850604102,0.4997446989580891,0.9809108921626775,0.14199282707001404
906,train,normal_superficiel,Normal,none,0.49708297376484994,0.3839284786111544,0.6231881612473212,0.4624174648691926,0.03487789132426267,0.3049927651933533,0.5249648315303037,0.8282463098920763,0.8782765893341368,156.55072298641034,0.6812447850604102,0.4997446989580891,0.9809108921626775,0.14199282707001404
907,train,normal_superficiel,Normal,none,0.4789615328091704,0.20819629690002014,0.2629392816488653,0.4799463542849093,0.05416307360643579,0.24412983003238412,0.5767209816411246,0.796597956820329,0.8108459026589955,620.058696302432,0.6709714151807731,0.5086768232985105,0.9388248026908352,0.1398011333672129
908,train,normal_superficiel,Normal,none,0.4789615328091704,0.20819629690002014,0.2629392816488653,0.4799463542849093,0.05416307360643579,0.24412983003238412,0.5767209816411246,0.796597956820329,0.8108459026589955,620.058696302432,0.6709714151807731,0.5086768232985105,0.9388248026908352,0.1398011333672129
909,train,normal_superficiel,Normal,none,0.5967304208347953,0.14785081719346246,0.1735034430315576,0.4207788787197372,0.056327967011912,0.3611087861010337,0.5362780997348456,0.6099229016648742,0.8479846956946465,275.6205784779768,0.6195955870340435,0.3977090618408206,0.9678743411676014,0.11414308685530515
910,train,normal_superficiel,Normal,none,0.5967304208347953,0.14785081719346246,0.1735034430315576,0.4207788787197372,0.056327967011912,0.3611087861010337,0.5362780997348456,0.6099229016648742,0.8479846956946465,275.6205784779768,0.6195955870340435,0.3977090618408206,0.9678743411676014,0.11414308685530515
911,train,normal_superficiel,Normal,none,0.7412626640375332,0.3453573967482285,0.5275510561530108,0.3489188915449314,0.0421809374810804,0.4167103727106469,0.45996719078341397,0.8519907060913702,0.8210076439356855,292.04746150041785,0.48723620785877053,0.25181436457800804,0.9388079538760004,0.0841837319696379
912,train,normal_superficiel,Normal,none,0.7412626640375332,0.3453573967482285,0.5275510561530108,0.3489188915449314,0.0421809374810804,0.4167103727106469,0.45996719078341397,0.8519907060913702,0.8210076439356855,292.04746150041785,0.48723620785877053,0.25181436457800804,0.9388079538760004,0.0841837319696379
913,train,normal_superficiel,Normal,none,0.6724852879100142,0.3695307019163313,0.5861200585651537,0.3532454996395041,0.04576791703078692,0.45003064291926903,0.46987239491287,0.8576136194646239,0.8663510444323598,256.4964525765496,0.5713453159439115,0.3210579011965693,0.9538903273906938,0.08811800760624747
914,train,normal_superficiel,Normal,none,0.6724852879100142,0.3695307019163313,0.5861200585651537,0.3532454996395041,0.04576791703078692,0.45003064291926903,0.46987239491287,0.8576136194646239,0.8663510444323598,256.4964525765496,0.5713453159439115,0.3210579011965693,0.9538903273906938,0.08811800760624747
915,train,normal_superficiel,Normal,none,0.6724852879100142,0.3695307019163313,0.5861200585651537,0.3532454996395041,0.04576791703078692,0.45003064291926903,0.46987239491287,0.8576136194646239,0.8663510444323598,256.4964525765496,0.5713453159439115,0.3210579011965693,0.9538903273906938,0.08811800760624747
916,train,normal_superficiel,Normal,none,0.753131469979296,0.23298168447819662,0.30374983199677436,0.38625693440916187,0.03785502244252016,0.46039658008228546,0.4536668004543334,0.7294862867030585,0.8689978499761108,283.0025584415585,0.5355392905989707,0.2429390321345209,0.9401366484004035,0.07145802549740558
917,train,normal_superficiel,Normal,none,0.753131469979296,0.23298168447819662,0.30374983199677436,0.38625693440916187,0.03785502244252016,0.46039658008228546,0.4536668004543334,0.7294862867030585,0.8689978499761108,283.0025584415585,0.5355392905989707,0.2429390321345209,0.9401366484004035,0.07145802549740558
918,train,normal_superficiel,Normal,none,0.753131469979296,0.23298168447819662,0.30374983199677436,0.38625693440916187,0.03785502244252016,0.46039658008228546,0.4536668004543334,0.7294862867030585,0.8689978499761108,283.0025584415585,0.5355392905989707,0.2429390321345209,0.9401366484004035,0.07145802549740558
919,train,normal_superficiel,Normal,none,0.7013583568475622,0.24567739520958085,0.32569273895462775,0.4032139098149733,0.0413766497941356,0.4925131489452907,0.5030530004703625,0.8066933667373934,0.8228120958305105,499.894641821728,0.5743226307775008,0.28715834107114563,0.9219597864533444,0.08817365269461078
920,train,normal_superficiel,Normal,none,0.7013583568475622,0.24567739520958085,0.32569273895462775,0.4032139098149733,0.0413766497941356,0.4925131489452907,0.5030530004703625,0.8066933667373934,0.8228120958305105,499.894641821728,0.5743226307775008,0.28715834107114563,0.9219597864533444,0.08817365269461078
921,train,normal_superficiel,Normal,none,0.7013583568475622,0.24567739520958085,0.32569273895462775,0.4032139098149733,0.0413766497941356,0.4925131489452907,0.5030530004703625,0.8066933667373934,0.8228120958305105,499.894641821728,0.5743226307775008,0.28715834107114563,0.9219597864533444,0.08817365269461078
922,train,normal_superficiel,Normal,none,0.5491560179338948,0.33093889433878676,0.49463179302842547,0.48660902673251366,0.04203488876827356,0.3959993822334178,0.5542687984311006,0.45671217631128386,0.9023185426303466,470.38369257211866,0.673664352607735,0.4406993524465796,0.9486927653444339,0.122010906827843
923,train,normal_superficiel,Normal,none,0.5491560179338948,0.33093889433878676,0.49463179302842547,0.48660902673251366,0.04203488876827356,0.3959993822334178,0.5542687984311006,0.45671217631128386,0.9023185426303466,470.38369257211866,0.673664352607735,0.4406993524465796,0.9486927653444339,0.122010906827843
924,train,normal_superficiel,Normal,none,0.5491560179338948,0.33093889433878676,0.49463179302842547,0.48660902673251366,0.04203488876827356,0.3959993822334178,0.5542687984311006,0.45671217631128386,0.9023185426303466,470.38369257211866,0.673664352607735,0.4406993524465796,0.9486927653444339,0.122010906827843
925,train,normal_superficiel,Normal,none,0.06937735934870605,0.6294742362658975,1.6988676574663837,0.33718933767883325,0.030722171740259697,0.5721722665781435,0.43331157931254605,0.7766354801971738,0.6874887326482784,42.82001350537478,0.9526203383499939,0.9296595268764195,0.9635887088544108,0.18736069227743543
926,train,normal_superficiel,Normal,none,0.06937735934870605,0.6294742362658975,1.6988676574663837,0.33718933767883325,0.030722171740259697,0.5721722665781435,0.43331157931254605,0.7766354801971738,0.6874887326482784,42.82001350537478,0.9526203383499939,0.9296595268764195,0.9635887088544108,0.18736069227743543
927,train,normal_superficiel,Normal,none,0.06937735934870605,0.6294742362658975,1.6988676574663837,0.33718933767883325,0.030722171740259697,0.5721722665781435,0.43331157931254605,0.7766354801971738,0.6874887326482784,42.82001350537478,0.9526203383499939,0.9296595268764195,0.9635887088544108,0.18736069227743543
928,train,normal_superficiel,Normal,none,0.7456140350877193,0.4315775983596053,0.7592550840961356,0.38009802151529337,0.034116295773379296,0.4894722849874232,0.46081109198984643,0.5046419110569297,0.8779154149930807,173.78002070393373,0.53712221657971,0.2519189806945632,0.9627568236100028,0.10030757400999615
929,train,normal_superficiel,Normal,none,0.7456140350877193,0.4315775983596053,0.7592550840961356,0.38009802151529337,0.034116295773379296,0.4894722849874232,0.46081109198984643,0.5046419110569297,0.8779154149930807,173.78002070393373,0.53712221657971,0.2519189806945632,0.9627568236100028,0.10030757400999615
930,train,normal_superficiel,Normal,none,0.7456140350877193,0.4315775983596053,0.7592550840961356,0.38009802151529337,0.034116295773379296,0.4894722849874232,0.46081109198984643,0.5046419110569297,0.8779154149930807,173.78002070393373,0.53712221657971,0.2519189806945632,0.9627568236100028,0.10030757400999615
931,train,normal_superficiel,Normal,none,0.3283054400739083,0.3408463661453542,0.5170969993021632,0.5768854630498702,0.09471320372323,0.31752730572695553,0.7247312545043468,0.6543051788891968,0.7289690131955265,816.6319039726245,0.7507212890893333,0.6604390936719171,0.9388840101204703,0.09253747497158937
932,train,normal_superficiel,Normal,none,0.3283054400739083,0.3408463661453542,0.5170969993021632,0.5768854630498702,0.09471320372323,0.31752730572695553,0.7247312545043468,0.6543051788891968,0.7289690131955265,816.6319039726245,0.7507212890893333,0.6604390936719171,0.9388840101204703,0.09253747497158937
933,train,normal_superficiel,Normal,none,0.3283054400739083,0.3408463661453542,0.5170969993021632,0.5768854630498702,0.09471320372323,0.31752730572695553,0.7247312545043468,0.6543051788891968,0.7289690131955265,816.6319039726245,0.7507212890893333,0.6604390936719171,0.9388840101204703,0.09253747497158937
934,train,normal_superficiel,Normal,none,0.5815127262239527,0.07691258524488531,0.08332102032318293,0.5076827973814063,0.10966667128496779,0.2630458780610576,0.7665389966437499,0.7752497315977462,0.8104550205000401,884.7421590950162,0.5820348398430342,0.40886552696613404,0.9511477885358048,0.12252944823310602
935,train,normal_superficiel,Normal,none,0.5815127262239527,0.07691258524488531,0.08332102032318293,0.5076827973814063,0.10966667128496779,0.2630458780610576,0.7665389966437499,0.7752497315977462,0.8104550205000401,884.7421590950162,0.5820348398430342,0.40886552696613404,0.9511477885358048,0.12252944823310602
936,train,normal_superficiel,Normal,none,0.5815127262239527,0.07691258524488531,0.08332102032318293,0.5076827973814063,0.10966667128496779,0.2630458780610576,0.7665389966437499,0.7752497315977462,0.8104550205000401,884.7421590950162,0.5820348398430342,0.40886552696613404,0.9511477885358048,0.12252944823310602
937,train,normal_superficiel,Normal,none,0.6039477845321339,0.04245756425361086,0.04434013853445133,0.4172897046396496,0.08196882049832613,0.31838554439317973,0.7406097203457881,0.7177743455368552,0.8619734202607824,720.9388915331324,0.5863588740336759,0.3875181598164482,0.957115565807065,0.1207255167197568
938,train,normal_superficiel,Normal,none,0.6039477845321339,0.04245756425361086,0.04434013853445133,0.4172897046396496,0.08196882049832613,0.31838554439317973,0.7406097203457881,0.7177743455368552,0.8619734202607824,720.9388915331324,0.5863588740336759,0.3875181598164482,0.957115565807065,0.1207255167197568
939,train,normal_superficiel,Normal,none,0.09443578366710637,0.0714920634920635,0.07699671772428884,0.3194981283739073,0.05624144382461193,0.3894450801547451,0.7043982151285022,0.8951679896107269,0.42200310808638336,376.916682715455,0.9255745688244855,0.9004301739408271,0.9281334904753432,0.18425396825396825
940,train,normal_superficiel,Normal,none,0.09443578366710637,0.0714920634920635,0.07699671772428884,0.3194981283739073,0.05624144382461193,0.3894450801547451,0.7043982151285022,0.8951679896107269,0.42200310808638336,376.916682715455,0.9255745688244855,0.9004301739408271,0.9281334904753432,0.18425396825396825
941,train,normal_superficiel,Normal,none,0.47688003076474256,0.03769256437350536,0.039168942250733245,0.23034427061861262,0.088655179554304,0.5319892958166206,0.43833027168476507,0.3749076821113752,0.9131814834564892,140.75678586386394,0.7161426650914298,0.5187230900321594,0.9771058217647095,0.0991324175518603
942,train,normal_superficiel,Normal,none,0.47688003076474256,0.03769256437350536,0.039168942250733245,0.23034427061861262,0.088655179554304,0.5319892958166206,0.43833027168476507,0.3749076821113752,0.9131814834564892,140.75678586386394,0.7161426650914298,0.5187230900321594,0.9771058217647095,0.0991324175518603
943,train,normal_superficiel,Normal,none,0.49544179523141657,0.3451016075219897,0.526954427565765,0.3274147974591489,0.05587511441115348,0.4840722667117249,0.41663662048640626,0.4302492338341448,0.9095172413793103,152.813847854487,0.6896353304632871,0.49867476154429546,0.9695340222447125,0.08387422909715904
944,train,normal_superficiel,Normal,none,0.49544179523141657,0.3451016075219897,0.526954427565765,0.3274147974591489,0.05587511441115348,0.4840722667117249,0.41663662048640626,0.4302492338341448,0.9095172413793103,152.813847854487,0.6896353304632871,0.49867476154429546,0.9695340222447125,0.08387422909715904
945,train,normal_superficiel,Normal,none,0.7034804367606915,0.15691188358932903,0.18611563908332535,0.2839915174106737,0.07802093466228771,0.5699614322421445,0.4491915666282494,0.3793745144358851,0.8374990126493721,445.64204891221664,0.5291202430734708,0.2844479124728876,0.916500110553183,0.0953651306925357
946,train,normal_superficiel,Normal,none,0.7034804367606915,0.15691188358932903,0.18611563908332535,0.2839915174106737,0.07802093466228771,0.5699614322421445,0.4491915666282494,0.3793745144358851,0.8374990126493721,445.64204891221664,0.5291202430734708,0.2844479124728876,0.916500110553183,0.0953651306925357
947,train,normal_superficiel,Normal,none,0.4934818217944617,0.24810464705189142,0.32997231074656497,0.33833780277912306,0.07167228809390662,0.35300635275299125,0.4477178263884834,0.7609076281843921,0.8802558782849239,307.3365818549642,0.6835606090203067,0.49576765043443827,0.9484308933933377,0.10959657461601917
948,train,normal_superficiel,Normal,none,0.4934818217944617,0.24810464705189142,0.32997231074656497,0.33833780277912306,0.07167228809390662,0.35300635275299125,0.4477178263884834,0.7609076281843921,0.8802558782849239,307.3365818549642,0.6835606090203067,0.49576765043443827,0.9484308933933377,0.10959657461601917
949,train,normal_superficiel,Normal,none,0.5639388764832085,0.007795152098635072,0.007856393883906913,0.08192792125615186,0.05920470941411659,0.7904665407934591,0.3911854429570629,0.4597215855833163,0.9167247932354909,85.31391835874376,0.6579496121009072,0.4337369644516666,0.982587068400392,0.10520349694871038
950,train,normal_superficiel,Normal,none,0.5639388764832085,0.007795152098635072,0.007856393883906913,0.08192792125615186,0.05920470941411659,0.7904665407934591,0.3911854429570629,0.4597215855833163,0.9167247932354909,85.31391835874376,0.6579496121009072,0.4337369644516666,0.982587068400392,0.10520349694871038
951,train,normal_superficiel,Normal,none,0.4479013254786451,0.3865187011919441,0.6300415382553932,0.2931717017094658,0.048649409478149594,0.5324186808974298,0.3821444631686254,0.40262276131891767,0.9543421981642739,83.86546798029559,0.7173234997723061,0.5478831050511197,0.9792154604484968,0.10069872585285655
952,train,normal_superficiel,Normal,none,0.4479013254786451,0.3865187011919441,0.6300415382553932,0.2931717017094658,0.048649409478149594,0.5324186808974298,0.3821444631686254,0.40262276131891767,0.9543421981642739,83.86546798029559,0.7173234997723061,0.5478831050511197,0.9792154604484968,0.10069872585285655
953,train,normal_superficiel,Normal,none,0.6027048187431678,0.18507579749751835,0.22710798983412786,0.33697430139106366,0.07140870582938433,0.326034073962024,0.4458197471388213,0.5704707603586316,0.7874831113684617,499.4202449898538,0.5641095521035371,0.38124936247662083,0.9146100203643145,0.10549148886628512
954,train,normal_superficiel,Normal,none,0.6027048187431678,0.18507579749751835,0.22710798983412786,0.33697430139106366,0.07140870582938433,0.326034073962024,0.4458197471388213,0.5704707603586316,0.7874831113684617,499.4202449898538,0.5641095521035371,0.38124936247662083,0.9146100203643145,0.10549148886628512
955,train,normal_superficiel,Normal,none,0.6192918888843654,0.12676673605785033,0.1451693851944793,0.24564629755791684,0.08636683563295439,0.553821081999575,0.4183736331045342,0.6766411419349421,0.9225155656181774,154.6895461360229,0.5715592105656364,0.37489673606690527,0.9702580919767221,0.1045469486140024
956,train,normal_superficiel,Normal,none,0.6192918888843654,0.12676673605785033,0.1451693851944793,0.24564629755791684,0.08636683563295439,0.553821081999575,0.4183736331045342,0.6766411419349421,0.9225155656181774,154.6895461360229,0.5715592105656364,0.37489673606690527,0.9702580919767221,0.1045469486140024
957,train,normal_superficiel,Normal,none,0.47641642166137843,0.17478971058473697,0.21181232569045091,0.17001385133498753,0.07203176224743661,0.547514167070219,0.3994761781619625,0.651442963670698,0.8482602536194327,263.05112784881567,0.6623881535158757,0.5135372384857455,0.945140482717107,0.1628953746512149
958,train,normal_superficiel,Normal,none,0.47641642166137843,0.17478971058473697,0.21181232569045091,0.17001385133498753,0.07203176224743661,0.547514167070219,0.3994761781619625,0.651442963670698,0.8482602536194327,263.05112784881567,0.6623881535158757,0.5135372384857455,0.945140482717107,0.1628953746512149
959,train,normal_superficiel,Normal,none,0.47641642166137843,0.17478971058473697,0.21181232569045091,0.17001385133498753,0.07203176224743661,0.547514167070219,0.3994761781619625,0.651442963670698,0.8482602536194327,263.05112784881567,0.6623881535158757,0.5135372384857455,0.945140482717107,0.1628953746512149
960,train,severe_dysplastic,Abnormal,severe,0.25146876623636144,0.7840114431023522,3.629874908020603,0.2558740313932182,0.020402598083112736,0.4560570923392355,0.3456479527911238,0.7639543380719509,0.954200788595693,93.44331056649256,0.8469481917177266,0.7430706804985409,0.9508166074624687,0.08471074380165289
961,train,severe_dysplastic,Abnormal,severe,0.5311340206185567,0.5458074534161491,1.2017094017094017,0.2542508537639807,0.01842566570037721,0.43930699561056524,0.3403615371208312,0.7652234198819979,0.6069745523091423,318.43104166666666,0.6646604723359986,0.4467724241247812,0.8902876345333562,0.032220496894409936
962,train,severe_dysplastic,Abnormal,severe,0.4736685214626391,0.696454793371093,2.294402211472011,0.29635860949681075,0.034676487254537314,0.4374552156680434,0.426692594549914,0.7147608104249895,0.8254545454545454,263.4005005005005,0.6927939897726287,0.5152005024102849,0.9326992861709206,0.10782462764841619
963,train,severe_dysplastic,Abnormal,severe,0.6872822299651568,0.6134347275031685,1.5868852459016394,0.28401572646248585,0.025024339866018472,0.4456062892927889,0.3932215688846031,0.769245425685272,0.9317430325932924,196.26754850088184,0.5816810794121856,0.30894968284282753,0.9399566123986295,0.08846641318124208
964,train,severe_dysplastic,Abnormal,severe,0.7233100233100234,0.6000644537544312,1.500402900886382,0.2715629704513384,0.03134854259330915,0.3933526816970175,0.38652446951383296,0.6863722426929565,0.9169621749408984,245.34532544378698,0.517526233154195,0.26912267808713036,0.9176433916978234,0.0647760232033516
965,train,severe_dysplastic,Abnormal,severe,0.563059163059163,0.6427473090722706,1.7991391678622668,0.2834470062857679,0.02234345593201882,0.4691204957365739,0.37237062030551105,0.7406971003425746,0.9531021006350757,229.84861845972958,0.6121622168575955,0.42426323168895297,0.9305060768530603,0.07227063044592516
966,train,severe_dysplastic,Abnormal,severe,0.7368266978922716,0.5502582439411998,1.2234982332155477,0.26678625214128976,0.013031305531156123,0.45372887056275146,0.3128163638883115,0.36869057643836306,0.7645808019441069,415.2952380952381,0.52021670860257,0.2391307467278356,0.8039168945364993,0.03734604688120779
967,train,severe_dysplastic,Abnormal,severe,0.5792592592592593,0.6005115089514067,1.503201024327785,0.28490516351003775,0.024334977472814497,0.46437966368147643,0.3749555512038362,0.8188342796290856,0.8830171635049684,294.612912912913,0.6205453157825784,0.4061148835834971,0.9138088475805005,0.055754475703324806
968,train,severe_dysplastic,Abnormal,severe,0.43862433862433864,0.6509047044632087,1.8645473393227368,0.29759587813776367,0.024285063667692633,0.4671493653861444,0.3970433811672561,0.8593061083430373,0.77781947832614,332.20801282051286,0.7055346019836943,0.5456842390640171,0.9093445426292769,0.0781664656212304
969,train,severe_dysplastic,Abnormal,severe,0.2354092128801431,0.5381144621230112,1.1650385604113112,0.3946603201633699,0.026164189125742292,0.4039385388956477,0.47662588961137153,0.6375227539995212,0.9774837511606314,151.23954116059377,0.8369693376100384,0.7594341274965792,0.9658669784214424,0.22583709332700072
970,train,severe_dysplastic,Abnormal,severe,0.21760643232656426,0.744197063003316,2.9092592592592594,0.27731567853621397,0.023714561179548524,0.4303876048526918,0.37738289760348587,0.6253873720465327,0.9415700267618198,151.67577147623024,0.8493693117949355,0.773683150111918,0.9277516936385034,0.1397441970630033
971,train,severe_dysplastic,Abnormal,severe,0.44199655765920826,0.6491433021806854,1.8501664816870145,0.2697374285142971,0.028837011410652275,0.4099804817008134,0.39673163239102527,0.8043346685748424,0.9023190442726634,240.62839721254355,0.714215935450399,0.5444606956996062,0.9291959539721051,0.08878504672897196
972,train,severe_dysplastic,Abnormal,severe,0.8306277056277056,0.5650380021715526,1.2990514228657015,0.26663030670223503,0.027381383265685722,0.38520526390979726,0.3882841815707811,0.6447942056362601,0.97625609497562,172.7497713554052,0.44767707343718377,0.1668929382747361,0.925661901860731,0.06558089033659066
973,train,severe_dysplastic,Abnormal,severe,0.21791895314478682,0.7215496368038741,2.591304347826087,0.27803158731412025,0.020526554409483398,0.4350459144577553,0.36306284876385336,0.6263284119803618,0.9529303184125519,135.4983463138803,0.8549413067882509,0.7736401934561952,0.9344970076954799,0.1152542372881356
974,train,severe_dysplastic,Abnormal,severe,0.4979091564527758,0.5230234578627281,1.0965391621129326,0.2756363555034417,0.03376366292951977,0.42373940679352784,0.43474978296843936,0.8761612086833112,0.8615269461077845,322.45351209559897,0.6762937490232983,0.48894938953761535,0.9274713973042354,0.08717057631045468
975,train,severe_dysplastic,Abnormal,severe,0.20799682245465378,0.6511775938892426,1.8667883211678833,0.369794816475955,0.018894235566345938,0.38823092590832414,0.43483156147130386,0.51305973353493,0.9715522572665429,190.36867469879516,0.8543347312805412,0.783403390269393,0.9428997920606043,0.12921705919796309
976,train,severe_dysplastic,Abnormal,severe,0.3561705989110708,0.8046709129511678,4.119565217391305,0.2856314681566558,0.016087469108378192,0.44927227221896887,0.3463896334185848,0.8153490272321714,0.9103208349439506,179.37348659003828,0.7755965541478999,0.630364911235136,0.932435081130209,0.07346072186836518
977,train,severe_dysplastic,Abnormal,severe,0.5386688782915198,0.5989222478829869,1.493282149712092,0.2838126997328495,0.02316931280755082,0.2778301529074855,0.38838926197734375,0.8374547133841334,0.8443288917777055,389.62045646661034,0.6129468496286297,0.439707912017798,0.8923130554505779,0.07082371054657428
978,train,severe_dysplastic,Abnormal,severe,0.27297998517420313,0.5655125594025797,1.3015625,0.36551541557799594,0.03369726054109962,0.27313666165311384,0.4702443578431373,0.7923716111202816,0.9602346805736637,341.93872180451126,0.789028868071404,0.7136429265464329,0.9239271845685771,0.11676849966055669
979,train,severe_dysplastic,Abnormal,severe,0.2698201199200533,0.762962962962963,3.21875,0.31297516170653805,0.020906680275940715,0.3007449989657712,0.4088920506535948,0.9422936862902783,0.9267734553775744,350.46609403254973,0.7855539385116582,0.7113415227456866,0.8817159709904343,0.10123456790123457
980,train,severe_dysplastic,Abnormal,severe,0.4943310657596372,0.5559633027522936,1.2520661157024793,0.3601692072736686,0.029229918918497477,0.2735504876229326,0.4682657194944093,0.8354366702350006,0.7619713386927648,750.8596774193547,0.5892843595472431,0.4777374869716462,0.8659311641777283,0.10917431192660551
981,train,severe_dysplastic,Abnormal,severe,0.2943641315734339,0.6765124555160142,2.0913091309130913,0.4625352860723459,0.02717117354778704,0.18223513907893973,0.5411221769235747,0.29335909150591827,0.9204061578774976,333.3029598308668,0.7888547820406203,0.6964988133315303,0.9485387346609856,0.1597864768683274
982,train,severe_dysplastic,Abnormal,severe,0.49744245524296676,0.5470758354755784,1.2078751330258957,0.47988452713713975,0.023826184717880564,0.1901971659053795,0.5530041563897641,0.4616821601437695,0.894381376634574,352.77133160956686,0.6670679684607883,0.49324720835727087,0.9590429174131658,0.12387532133676092
983,train,severe_dysplastic,Abnormal,severe,0.6527353041114509,0.4358146798542426,0.772467244879129,0.2863897308488613,0.018630066071632794,0.37474457702059866,0.34294216196461974,0.7966524654162617,0.8295189567320148,244.90791455566205,0.6265137918403266,0.3374688826928421,0.9195087009609219,0.026340447683498178
984,train,severe_dysplastic,Abnormal,severe,0.31150305670718853,0.5201894879314234,1.0841560883874002,0.335002795435607,0.03340981182727051,0.25785333444427505,0.48557958682485686,0.7569287205649995,0.7727035035732962,386.85131690739166,0.7871266844254586,0.6754854193896047,0.9207794159272404,0.07444168734491315
985,train,severe_dysplastic,Abnormal,severe,0.42106586224233283,0.5856716417910448,1.4135446685878963,0.2616324494813216,0.018207875309163575,0.28004024266598054,0.33346095778945584,0.9141484448925898,0.7717115871918913,154.31681034482762,0.7551403713378291,0.5702784510740871,0.9437411207213009,0.08656716417910448
986,train,severe_dysplastic,Abnormal,severe,0.5022257834757835,0.6204573657152987,1.6347501167678655,0.3229478749579832,0.029779314574813132,0.23541686149724975,0.4140729613246513,0.7614497637659515,0.8322514015933904,316.1953125,0.6432824060065434,0.48311388111700265,0.9263878632298761,0.08243219287360397
987,train,severe_dysplastic,Abnormal,severe,0.7257507507507508,0.5080169649322437,1.0325904121110177,0.2928828654361358,0.03382686800180088,0.2093286050329964,0.4134988946057817,0.6718290512217363,0.8208372250997708,234.57210884353742,0.5298240327816746,0.26712458733241007,0.9354368162814399,0.044170890658942794
988,train,severe_dysplastic,Abnormal,severe,0.646250252678391,0.36127619643415704,0.5656219392752204,0.2626070133265428,0.02480293855759062,0.2975621979459154,0.3564632532503697,0.7414831996171506,0.9139508290451687,277.514399509804,0.5795655636779097,0.33734101866240035,0.9148469139086693,0.045042227087894904
989,train,severe_dysplastic,Abnormal,severe,0.7625243981782693,0.6962457337883959,2.292134831460674,0.2355333141099577,0.02345848325519167,0.17799837848451125,0.3298072185503415,0.477580073691922,0.9650061753808151,284.86671087533153,0.5281929112308333,0.22334156962467633,0.8447996551060707,0.02687713310580205
990,train,severe_dysplastic,Abnormal,severe,0.25457446808510636,0.6623485165064772,1.9616336633663367,0.2463621629244758,0.01619333297261426,0.28782733882940664,0.33422471947194715,0.657548705095913,0.8337979094076655,176.32430689877498,0.818236180375805,0.7327375717216424,0.9088878999904725,0.15419974926870036
991,train,severe_dysplastic,Abnormal,severe,0.86450911725637,0.48959351864785583,0.9592227695675971,0.2289613826746105,0.01778006802072588,0.19398190531528348,0.2816390993485517,0.42742372831244774,0.9552975713904457,84.95848595848597,0.5575505199694978,0.1450578485010128,0.9213407779370305,0.042184662662383014
992,train,severe_dysplastic,Abnormal,severe,0.7894736842105263,0.3728395061728395,0.594488188976378,0.2250447763741258,0.018086285336651967,0.15812480156840436,0.30325580140717706,0.6767438295522638,0.9772492244053774,185.40759637188208,0.5385772815179405,0.2041947831324481,0.8954903589332619,0.05114638447971781
993,train,severe_dysplastic,Abnormal,severe,0.8237250554323725,0.8497083894122925,5.6537313432835825,0.22950385821065492,0.017846149232312158,0.20557864816832824,0.3095410945273632,0.8312323332146934,0.9699738903394256,146.29606003752346,0.5334649511762302,0.18039689877943058,0.87639648397075,0.04441453566621804
994,train,severe_dysplastic,Abnormal,severe,0.6283895502645502,0.43888961978687013,0.7821805392731536,0.26531265622795885,0.027077755208620935,0.2400272227746323,0.3658713048755258,0.9380892262138857,0.8455890532873512,192.51944813829792,0.6694400835084067,0.3632800425870841,0.9429189112385952,0.053282462833837654
995,train,severe_dysplastic,Abnormal,severe,0.41121276096645554,0.6851112378779236,2.175724637681159,0.2462243986220633,0.021852931898517794,0.28128437724560246,0.3527239485649333,0.666254383104803,0.8542884990253411,255.4200284765069,0.7064811866829223,0.5723550363791537,0.902020900070688,0.13405590416428978
996,train,severe_dysplastic,Abnormal,severe,0.5442901234567902,0.6090161610433796,1.557650471356055,0.2684956504911089,0.020650333521673427,0.30111838840665345,0.36098395370330877,0.5854125615012821,0.915390604723592,247.8209095171121,0.6789076836955831,0.4393632677575862,0.920761172215071,0.01587751630280692
997,train,severe_dysplastic,Abnormal,severe,0.6953551912568307,0.6656188605108055,1.990599294947121,0.24896436419195778,0.01979209678152433,0.26885625992962736,0.345323310522799,0.31489620006601476,0.9556890724746526,251.08168935815502,0.5790307398690379,0.2893114650260864,0.8929216058686084,0.03457760314341847
998,train,severe_dysplastic,Abnormal,severe,0.6847545219638242,0.6324528301886793,1.7207392197125257,0.26799990266273577,0.018412365133671036,0.33042437188564455,0.35044370576156536,0.5124314922426618,0.9390503189227498,317.99207188160676,0.5470807568296705,0.2959292838444696,0.8778434879717228,0.04377358490566038
999,train,severe_dysplastic,Abnormal,severe,0.46808510638297873,0.6027724049000645,1.5174484661580911,0.3046321150002412,0.03317384867025498,0.39318319904968263,0.42076891248237647,0.6894836735526966,0.7690400634668783,289.83827362550767,0.6923349712197832,0.5221340615391666,0.9311173831404013,0.10290135396518375
1000,train,severe_dysplastic,Abnormal,severe,0.4687988628287136,0.591570648878108,1.4484038604305864,0.3023933753429614,0.022424464862249496,0.39692593927571124,0.3908682667365388,0.8090963657137624,0.9433638443935927,236.79362801377727,0.7008772678139255,0.5180889149388614,0.9382606419303964,0.044269254093389936
1001,train,severe_dysplastic,Abnormal,severe,0.2759121061359867,0.5465815176558978,1.2054681027340515,0.40462294939694093,0.020647626873675606,0.29928798906846615,0.4618322114463018,0.8256266582803108,0.9779573842762674,190.534808475107,0.8274199428828004,0.7169111034370251,0.9606323926886178,0.1386175807663411
1002,train,severe_dysplastic,Abnormal,severe,0.29268416768416766,0.7017208413001912,2.3525641025641026,0.4263335559797365,0.015574180423888292,0.3062641267631721,0.4838103990127519,0.6476968791976401,0.9734348561759729,163.77010082399306,0.8238058605884276,0.7013381474457975,0.9690836537161851,0.09369024856596558
1003,train,severe_dysplastic,Abnormal,severe,0.18717862731947238,0.6509405792773962,1.864841745081266,0.331458005756431,0.019777798063447455,0.3739204919892575,0.4145990761334474,0.7047004014109512,0.8815477757304554,110.97932394366197,0.876106163792263,0.8096788884491909,0.9572290997088053,0.09943266646760227
1004,train,severe_dysplastic,Abnormal,severe,0.4227138097001111,0.5973286621414495,1.4834148994018488,0.33094587516531543,0.023692701310626625,0.36852836785939663,0.41171600891362536,0.9011088346522119,0.8818304692025487,309.3573573573574,0.7025827210330158,0.5621721594567193,0.9279036985640652,0.07291438581125466
1005,train,severe_dysplastic,Abnormal,severe,0.5817363195566844,0.47449890851359394,0.9029456193353474,0.3797278884050484,0.019670183362964326,0.33246399364391405,0.42242255790533734,0.9357449316675629,0.8687931034482759,477.64225352112675,0.5950377024740086,0.3987034005734909,0.9069319515092538,0.058940265925778924
1006,train,severe_dysplastic,Abnormal,severe,0.2003895597974289,0.76049766718507,3.175324675324675,0.3524583283211035,0.019431535005355053,0.35527934425937147,0.4481215991851286,0.8714414545598178,0.9452407203234106,121.70886274509806,0.8828858313303225,0.7945429991323338,0.9591442254494515,0.15590979782270606
1007,train,severe_dysplastic,Abnormal,severe,0.27154896522295713,0.8190925162050677,4.527687296416938,0.36720069798279026,0.017113025939970963,0.2861512689371009,0.4441902688893147,0.5702517103586848,0.9450529051420086,138.3886735572782,0.8376094230862199,0.7220080706637675,0.9632111765975019,0.10371243370654096
1008,train,severe_dysplastic,Abnormal,severe,0.36185317273400175,0.8165504416550442,4.451089711099848,0.28533197351088013,0.013476382975409158,0.33807394046300143,0.33810571539310097,0.5742690568793052,0.9701425220999459,75.47470238095238,0.8029622841096925,0.6332783853846158,0.9711526915926298,0.06871222687122269
1009,train,severe_dysplastic,Abnormal,severe,0.18905078661176222,0.8249092432281485,4.711323763955343,0.355636378987614,0.02018577356495673,0.29751085547604295,0.4297711254964505,0.5243334255591916,0.9778809393773894,98.71778521706787,0.8788057265639431,0.8064077016022846,0.9637954636203508,0.14772409941357162
1010,train,severe_dysplastic,Abnormal,severe,0.6721479958890031,0.7867422198237093,3.6891606916912694,0.38323735922904656,0.023841509245512267,0.23438424613380437,0.47061705741765286,0.6523713500678059,0.9554829838432451,199.12075264888563,0.624108019601126,0.3221248370060407,0.9578621115156156,0.06862745098039216
1011,train,severe_dysplastic,Abnormal,severe,0.20442846061631761,0.6191790272507761,1.6259057971014492,0.29143502408651484,0.023722794098369002,0.29666606162052955,0.3780665885194658,0.742551805629486,0.9605699138502319,104.11153682418049,0.8616693698491983,0.7901413332109286,0.9542811903691525,0.21248706450500174
1012,train,severe_dysplastic,Abnormal,severe,0.4367965367965368,0.5314667988107037,1.1343204653622423,0.3186659829059829,0.020675244984669584,0.3058664269261905,0.3830157148930434,0.7177121544248228,0.9573055028462998,236.55198776758408,0.6752074855942705,0.5496661248730335,0.9400784801242155,0.11645193260654113
1013,train,severe_dysplastic,Abnormal,severe,0.7137792103142627,0.55701061187627,1.2573904179408766,0.25375749191285757,0.023708048235684266,0.37811913001818576,0.3370730191281405,0.7355818249411129,0.9613631430431951,126.25554468362687,0.5848257579063131,0.28146024958857147,0.9479337825372227,0.02619101377286069
1014,train,severe_dysplastic,Abnormal,severe,0.30625,0.8055853920515574,4.143646408839779,0.29255439058823535,0.02128962725594966,0.3853996503324431,0.40112440255660275,0.44316306175941067,0.9755501222493888,181.05883656509695,0.8051006205432792,0.6842805576101921,0.9354807307628893,0.14822771213748656
1015,train,severe_dysplastic,Abnormal,severe,0.23189149560117303,0.4280746127094531,0.7484798231066888,0.3455051090450951,0.01989191203427496,0.3823244582542941,0.4152530428467684,0.9120958912179732,0.9669825741363497,138.28453364817005,0.8546552923587255,0.7620407922473486,0.9602141022294407,0.09611128675308252
1016,train,severe_dysplastic,Abnormal,severe,0.5970849802371542,0.5974348365742657,1.4840698869475848,0.38404186609454494,0.028360991904860088,0.35827025624266345,0.4721328128757498,0.7562574560948537,0.8851318359375,413.8794390972454,0.6056548503111432,0.38945377451972996,0.9266422051118326,0.10053785684733141
1017,train,severe_dysplastic,Abnormal,severe,0.4877130681818182,0.6387068588903452,1.7678355501813785,0.36387940523769935,0.018845635497180345,0.37585242626031223,0.4260375139689089,0.35570872883521076,0.9536175531176225,210.98625626342164,0.709090597386503,0.5022651267166791,0.9568223736949046,0.05242463958060288
1018,train,severe_dysplastic,Abnormal,severe,0.5671264367816092,0.6069112282124037,1.5439546274813096,0.3691733058319337,0.022194481119643613,0.3677392461047488,0.45123465437322136,0.6940948070331072,0.8746676121255097,375.6667824074075,0.6302940433348219,0.4205491357910568,0.9284388930500879,0.06151195784353466
1019,train,severe_dysplastic,Abnormal,severe,0.3898431665421957,0.6905259491466388,2.231288688801351,0.2771140445565364,0.012433373303614796,0.4655978463558075,0.3269206885365289,0.6955389787429159,0.9691139240506329,119.25257095845332,0.776123468478232,0.6005661860185347,0.9551779538038702,0.060083594566353184
1020,train,severe_dysplastic,Abnormal,severe,0.7326754877775286,0.7447199265381084,2.91726618705036,0.2546923655939976,0.02517920033638454,0.33032389630633097,0.37974633845864486,0.8833173651175137,0.8527799530148786,489.96222527472526,0.4866480073749058,0.23920174914900855,0.7935975312172093,0.04071013161922253
1021,train,severe_dysplastic,Abnormal,severe,0.515032679738562,0.500507614213198,1.0020325203252032,0.27722774171737663,0.03145106961545796,0.36193907609611564,0.43703800454328073,0.23020818377550478,0.8203206329377473,518.1404345521993,0.6254373959798158,0.46530030493684044,0.887580636424359,0.09492385786802031
1022,train,severe_dysplastic,Abnormal,severe,0.7010416666666667,0.6291233283803863,1.6963141025641026,0.3123560436059166,0.028298588926161182,0.3453592614706769,0.4226719306184013,0.6004991412606222,0.8253617856266863,566.0333333333333,0.4773810526695732,0.2763070833998141,0.8461802758168899,0.05794947994056464
1023,train,severe_dysplastic,Abnormal,severe,0.41398282340311326,0.747163695299838,2.9551282051282053,0.2789381076092042,0.029330730145935402,0.3408202804670026,0.3998420804424334,0.7510971426243322,0.8939437844103159,286.341847826087,0.7044529276597296,0.5723748664358299,0.9106260869313846,0.08687196110210697
1024,train,severe_dysplastic,Abnormal,severe,0.4015238095238095,0.6890417457305503,2.2158657513348587,0.37309137835375117,0.028284875406007524,0.29945655220385586,0.4626286648419856,0.844388238751433,0.915129151291513,302.871138996139,0.7177757237533943,0.5872551016672325,0.9407323489459423,0.14658444022770398
1025,train,severe_dysplastic,Abnormal,severe,0.6868734335839599,0.38015963511972634,0.6133186166298749,0.35025733723843466,0.03006425049290339,0.3107620416172641,0.4513418263140429,0.8648560312442074,0.8114359733530718,623.3095693779904,0.4755742762575294,0.2895673417584988,0.8741906700696801,0.04241733181299886
1026,train,severe_dysplastic,Abnormal,severe,0.30615384615384617,0.6515184618745904,1.8695924764890282,0.3677802958930051,0.03476078927409624,0.3848494701902093,0.4733041091646691,0.9420343431799999,0.6900346751093019,388.1309041835358,0.7635829953109663,0.680084774543479,0.9164792209223567,0.10640157308280533
1027,train,severe_dysplastic,Abnormal,severe,0.41710758377425045,0.5044397463002114,1.0179180887372015,0.3388714133096659,0.020470475972186392,0.3582177415059849,0.41101253630462425,0.8271558421347102,0.9344132753852232,294.8999464954522,0.7225922478392637,0.5675664012150833,0.9345932265591231,0.026215644820295984
1028,train,severe_dysplastic,Abnormal,severe,0.419636046638335,0.6099714359906517,1.5639147802929427,0.31987615689613436,0.03587048684724544,0.36072125274080424,0.436292226312629,0.9618108318816563,0.7795546558704454,281.77423245614034,0.7189872876517831,0.5704437206214384,0.9364480246129258,0.11996883926252921
1029,train,severe_dysplastic,Abnormal,severe,0.45028169014084507,0.663434469815452,1.971189591078067,0.3228555268972276,0.020453521862695813,0.3969688287270202,0.3876522574531672,0.7109758883566563,0.9439031591378801,231.31796841655998,0.6945780681913556,0.5362479351601495,0.9403271540581666,0.0772599311854864
1030,train,severe_dysplastic,Abnormal,severe,0.3638893435914225,0.5996401259559154,1.497752808988764,0.30079738199255696,0.017692052883722727,0.4175798521267662,0.35345037320995815,0.4980801028260388,0.9403553299492385,142.33421226104156,0.7552533559293633,0.6274634439000679,0.9547561333988586,0.033063427800269905
1031,train,severe_dysplastic,Abnormal,severe,0.4763198757763975,0.5533822330888346,1.239051094890511,0.32217918045568744,0.01785810678682466,0.39303234271214216,0.3745963017031631,0.6419096914705911,0.9656348373557188,221.53244374672943,0.685813057479363,0.509885062413849,0.9432767572421136,0.059494702526487364
1032,train,severe_dysplastic,Abnormal,severe,0.29241500521777336,0.5398196844477836,1.173061224489796,0.3083853343703522,0.021892339540988175,0.3914240833556304,0.3652013403761505,0.853430003428459,0.9458163084029135,153.85742771684946,0.7890037218677548,0.6985653410617157,0.9494858730909458,0.06329827197595793
1033,train,severe_dysplastic,Abnormal,severe,0.5216149304894306,0.5562248995983936,1.253393665158371,0.308235960797184,0.020117119021762636,0.38675118619975757,0.3678262872536921,0.7544425751406443,0.8920371275036639,212.78659476117105,0.6652926943466766,0.46587166240253214,0.94228635024898,0.05093099671412924
1034,train,severe_dysplastic,Abnormal,severe,0.32885514018691586,0.5957371225577265,1.4736379613356767,0.3953915937657114,0.01880092556140079,0.2871701555585376,0.456818808366932,0.6749303328250055,0.974554266920547,179.27467230941045,0.7876648068703009,0.6642132446152215,0.9648303358626177,0.13712255772646537
1035,train,severe_dysplastic,Abnormal,severe,0.32795304475421866,0.761744966442953,3.1971830985915495,0.301191942069045,0.02076962713895917,0.3819206298770996,0.39662615483752195,0.8313028349154626,0.8891098955743412,214.65035224323321,0.7794208995036925,0.6600940209426415,0.9304588252180914,0.1476510067114094
1036,train,severe_dysplastic,Abnormal,severe,0.5883982683982684,0.7151265450264862,2.510330578512397,0.29930890825465994,0.017950788664010314,0.3760769122416327,0.3626741273699563,0.8582332154202873,0.7321697909933204,310.1897707231041,0.5995083096471937,0.394675028051183,0.9036206086472742,0.061506768687463215
1037,train,severe_dysplastic,Abnormal,severe,0.25146652864044167,0.7440823327615781,2.9075067024128685,0.362571314873575,0.026684173707345746,0.2073297503941206,0.4837095147978763,0.4697670976532033,0.7691292875989446,277.39016336461594,0.8272018252628861,0.7384434001234449,0.9286803843348018,0.14545454545454545
1038,train,severe_dysplastic,Abnormal,severe,0.36809378185524977,0.7042370534477984,2.3810861423220975,0.3483974663243197,0.017534013404257743,0.2256665109970741,0.41005644488507015,0.6647192313718766,0.867195004803074,223.8823832594578,0.7593194965025939,0.6230451525946008,0.9452183391437954,0.09083356410966491
1039,train,severe_dysplastic,Abnormal,severe,0.4213598901098901,0.5737571312143439,1.3460803059273423,0.3167375562611408,0.021830466515584127,0.23096343943069222,0.38478463989802425,0.7832401148557925,0.9676656151419558,212.103125,0.7105074167084412,0.5660131338527983,0.9450215632441668,0.07416462917685411
1040,train,severe_dysplastic,Abnormal,severe,0.43950569358178054,0.5682320035330487,1.3160586430276169,0.33627888306410647,0.028415492577948915,0.23969914407748388,0.4471705308758348,0.8403545756394285,0.919339558803627,175.96360677083334,0.7270279523142467,0.554382752473382,0.9641402911762201,0.11143824525246578
1041,train,severe_dysplastic,Abnormal,severe,0.3163841807909605,0.5673701298701299,1.3114446529080674,0.3191033285646161,0.02229565795603592,0.2336481131249747,0.3884735305153956,0.7808185811702684,0.9731437598736177,165.06138306138305,0.7883427018845087,0.6748395635750527,0.9526126738494053,0.11444805194805195
1042,train,severe_dysplastic,Abnormal,severe,0.3375831485587583,0.6551724137931034,1.9,0.3854471830556784,0.02225776432883581,0.20345313247314156,0.45470362875816994,0.6921035765130772,0.9753363228699552,212.53076750950999,0.7780515943783358,0.6531905564589687,0.9568120859306292,0.11592775041050903
1043,train,severe_dysplastic,Abnormal,severe,0.36134453781512604,0.3931580721267273,0.6478755901138573,0.3002577379961843,0.04371609773690831,0.23032923916009346,0.4603441965467109,0.505153816417889,0.819047619047619,302.1246396368767,0.757551887966462,0.6308928360864213,0.9403028030195407,0.15874620829120323
1044,train,severe_dysplastic,Abnormal,severe,0.536990135963743,0.4087129204418518,0.6912258606213266,0.39568442650184893,0.030017242390456774,0.20891119320127327,0.46983379677647724,0.5934738731774784,0.7849001461276182,486.51804071759733,0.6010149979000026,0.4477417525801979,0.9231725250314524,0.1023954325431302
1045,train,severe_dysplastic,Abnormal,severe,0.38628633271490415,0.5643386031618971,1.2953605879650896,0.37408689472952295,0.022874556384971156,0.2247352006166715,0.4484296003674782,0.6695705389762847,0.9442554799697657,206.69341018850292,0.7288088314733693,0.6045833813760533,0.9598873227832879,0.12927756653992395
1046,train,severe_dysplastic,Abnormal,severe,0.663441712926249,0.5543868037293809,1.2440987124463518,0.3082762515959381,0.020331713019637085,0.2879176964958858,0.3706998308507952,0.7979554864008345,0.8968696397941681,230.8496794871795,0.5830375872366568,0.3254720895457966,0.9309150931422858,0.031317236433181926
1047,train,severe_dysplastic,Abnormal,severe,0.4940580985915493,0.6864142538975501,2.1889204545454546,0.43161490501456906,0.013697155465063953,0.17279578875914564,0.47704176470588244,0.6630353803755159,0.9706009511456982,410.1265369997765,0.6642395014897617,0.4875872228377846,0.936429920289745,0.04498886414253898
1048,train,severe_dysplastic,Abnormal,severe,0.6878639645935244,0.5204876396884525,1.08545197740113,0.3916431377651907,0.019849634212906083,0.19277933296357674,0.4573941951922012,0.6350002801513702,0.9856475300400535,229.08665716999053,0.5549241716754074,0.30371714626608914,0.9546031731895573,0.055875380968506604
1049,train,severe_dysplastic,Abnormal,severe,0.5276190476190477,0.585439229843562,1.4121915820029027,0.41764081897507205,0.015064015275693359,0.1803048069369682,0.4666161837274823,0.8142559278550758,0.9685314685314685,520.2561688311688,0.6313504441408176,0.4497377939636363,0.9161690261111989,0.0812274368231047
1050,train,severe_dysplastic,Abnormal,severe,0.43033237948492187,0.5468030690537085,1.2065462753950338,0.4123453812432363,0.022361366707559255,0.1877814273302326,0.47062006196609574,0.4218381225480795,0.9597447226313206,396.58028545941124,0.6948210791905348,0.5526849452136077,0.9357269646587371,0.043478260869565216
1051,train,severe_dysplastic,Abnormal,severe,0.46646341463414637,0.7226307189542484,2.605301914580265,0.3806200405679513,0.015502009195616276,0.43047388384015417,0.44763621935372083,0.6082292640291816,0.9390103567318757,390.7351916376307,0.6884647154669,0.5149168106230553,0.9246346004193707,0.07475490196078431
1052,train,severe_dysplastic,Abnormal,severe,0.5882475083056479,0.4821743734557007,0.9311520109066121,0.36742698762667586,0.01972820089102845,0.34414401809628564,0.4325111838218587,0.9167500062617645,0.868219429972418,528.3837159863946,0.5644975312590563,0.38531074067540627,0.8960148344652745,0.03635721849629368
1053,train,severe_dysplastic,Abnormal,severe,0.8117656526637695,0.39377416476653115,0.6495502861815209,0.38102330904567266,0.032705147598678486,0.24045313453624748,0.4798958158177416,0.5275125297810712,0.9600266489007329,378.02266081871346,0.46780172119149427,0.17815890357176736,0.9072543305835806,0.048577376821651634
1054,train,severe_dysplastic,Abnormal,severe,0.411214953271028,0.7182306940371457,2.549002601908066,0.36686330311096876,0.012998290285882345,0.2734651027346955,0.4102097450810333,0.7290903455572652,0.944380336948996,194.38172043010758,0.7454929459498052,0.5784581410829257,0.9569455526912133,0.10874877810361681
1055,train,severe_dysplastic,Abnormal,severe,0.3905063291139241,0.5416531604538087,1.1817538896746818,0.3074338569132022,0.02085264465743304,0.32213281927086895,0.3803646886873561,0.6579813253875284,0.8522099447513812,201.2994501981844,0.7343269455555624,0.5984463440327717,0.9449155874182603,0.09659643435980551
1056,train,severe_dysplastic,Abnormal,severe,0.42312378167641324,0.48027641808234955,0.9240997229916897,0.3122260506888607,0.02801866800363561,0.2480618350927691,0.42353344674379445,0.5917717109592328,0.8018933271761718,349.7641416625677,0.7160167124787684,0.5641008468742087,0.9222635346920574,0.15289375179959688
1057,train,severe_dysplastic,Abnormal,severe,0.4252205292702486,0.6181046676096181,1.6185185185185185,0.3278342776805611,0.024659193024701348,0.24501298346440475,0.40964545049624784,0.838554674968726,0.9376657824933687,420.6548347613219,0.6791879019574243,0.552730971207533,0.8999335063076125,0.08722300801508723
1058,train,severe_dysplastic,Abnormal,severe,0.40033783783783783,0.41856540084388183,0.7198838896952104,0.32120990037950664,0.03134109030089765,0.25825088860438394,0.41711648652494376,0.5996750725710293,0.9622411693057247,327.4133561643836,0.699234972143212,0.5836971246641123,0.9286113206067179,0.11814345991561181
1059,train,severe_dysplastic,Abnormal,severe,0.22747268341138072,0.5265127885215222,1.1119894598155469,0.35269778738035495,0.028309722768361738,0.22174973911470597,0.44979318246402644,0.8478808985807668,0.9306240928882439,224.1082400229687,0.8345242969650828,0.7628633621480264,0.9397883568962431,0.058640049906425455
1060,train,severe_dysplastic,Abnormal,severe,0.30036524413687044,0.71584,2.519144144144144,0.327726022772095,0.02263429827655148,0.22511959753370422,0.4057135497261968,0.8236123573404477,0.9314456035767511,220.87230514096186,0.7889354183538837,0.68655601317234,0.9352177852403145,0.08192
1061,train,severe_dysplastic,Abnormal,severe,0.4951948051948052,0.5350118017309206,1.1505922165820643,0.30835093118031526,0.03148432163283431,0.25593443513857256,0.4210533209471042,0.9277274162257265,0.6754650132860939,606.5451058201058,0.6542233296308314,0.4769966995587482,0.8634179003878316,0.04956726986624705
1062,train,severe_dysplastic,Abnormal,severe,0.2611279883767006,0.7261001517450683,2.6509695290858724,0.29792867416559105,0.02170208124081319,0.24833158613216053,0.37697859468071626,0.7654951866938582,0.9688801764273463,127.38232942430704,0.8219404037034964,0.7312076078065696,0.9511849742399824,0.10141628730399595
1063,train,severe_dysplastic,Abnormal,severe,0.5963178556924327,0.33348467650397273,0.5003405994550408,0.5001614559724503,0.053030741110812255,0.35314302409330867,0.6302196893198696,0.5088612829871935,0.8437081018961885,1066.217319813648,0.5679655259831539,0.38307765376441616,0.9041517902343315,0.07400681044267877
1064,train,severe_dysplastic,Abnormal,severe,0.23112712975098296,0.6977601360929969,2.3086303939962476,0.6551974102668291,0.024779870376292493,0.23763715889634568,0.724753991833131,0.4565729385390469,0.9647155361050328,367.6488680615141,0.8379833325268166,0.7625244356982102,0.9653990198884145,0.1335412531896796
1065,train,severe_dysplastic,Abnormal,severe,0.42763034067381894,0.4119718309859155,0.7005988023952096,0.5424444620412268,0.028673510755107642,0.2955331082573977,0.6249804344252672,0.6186294982510151,0.7839889579020014,1116.0068649885582,0.6888017426332372,0.5471503170324591,0.9005254061973932,0.04357394366197183
1066,train,severe_dysplastic,Abnormal,severe,0.5776545776545776,0.5639829378832312,1.2934882298991135,0.6042447405471288,0.02235397636072442,0.2698040748742215,0.6830842469473267,0.6608292244503647,0.8523062940240854,814.1495806150976,0.622464395875095,0.40853483057229745,0.9374146386401181,0.05998400426552919
1067,train,severe_dysplastic,Abnormal,severe,0.6850721689431367,0.503393665158371,1.0136674259681093,0.6044962681207314,0.04350294073741037,0.2580104418121205,0.7107359623029166,0.5404882471160075,0.9353260150773707,872.5908734821778,0.5160461108573521,0.30094163597260065,0.9293847179250991,0.06631787330316742
1068,train,severe_dysplastic,Abnormal,severe,0.26407964537460943,0.7641717116125482,3.2403733955659275,0.6272312530802743,0.025524908352377456,0.2317943369713597,0.7078336129224151,0.4403169222253576,0.9621392639661107,394.66739862392035,0.8138543853815353,0.728847239362957,0.9628406805336555,0.15134837644468904
1069,train,severe_dysplastic,Abnormal,severe,0.6538256701579975,0.3068150963888135,0.4426165295730513,0.4738066298802708,0.05483123317400418,0.36247155094855343,0.5673695907160358,0.8564783919638279,0.9215563618165895,540.931477323754,0.5702149993894077,0.33367252631489264,0.9380431979287697,0.07398859625305458
1070,train,severe_dysplastic,Abnormal,severe,0.34173669467787116,0.6741096664782363,2.0685169124024285,0.4659091107000452,0.02933683540353575,0.3567801477228486,0.5552315432886077,0.606241017305624,0.8887214267771917,429.3299785030291,0.7610421427980614,0.6453996985274268,0.9409252875540175,0.05624646693046919
1071,train,severe_dysplastic,Abnormal,severe,0.45707865168539324,0.6047197640117994,1.5298507462686568,0.35386305584781347,0.04057621378016019,0.4786745475390314,0.5440098169284298,0.860088301454058,0.8947214076246335,610.3051928332827,0.6371598803445135,0.5256369176194465,0.9065567463990796,0.09177318911832186
1072,train,severe_dysplastic,Abnormal,severe,0.3927116342236306,0.7645533141210374,3.2472460220318236,0.355910871451483,0.028243151152306918,0.501356404746394,0.46856055103559174,0.801554118733325,0.8434613514827418,345.39338824067727,0.7150894301396958,0.5944207201096036,0.9259191577779368,0.06455331412103746
1073,train,severe_dysplastic,Abnormal,severe,0.31198979591836734,0.7980376124284546,3.951417004048583,0.4174689754098361,0.028504123424712712,0.4339693037745766,0.5296414257362865,0.6707133295736564,0.9760574620909817,386.0599328338931,0.7609968443966529,0.6758537209670297,0.9301663140771105,0.1116107931316435
1074,train,severe_dysplastic,Abnormal,severe,0.5896380168124893,0.6077974978178644,1.5497032640949555,0.33202835356066795,0.032973564031147186,0.5243567186072196,0.45412087217082675,0.7244172038975665,0.8723350253807106,484.4566122874002,0.573226257095971,0.39533792346809304,0.9006989674019082,0.0622636019784696
1075,train,severe_dysplastic,Abnormal,severe,0.23439775910364147,0.7017208413001912,2.3525641025641026,0.3377215055831597,0.03504910028660221,0.5077526092490064,0.4818806146304676,0.6551740272381099,0.9466063348416289,292.7510204081633,0.8157125823926598,0.7558487154581977,0.9178789586374896,0.11376673040152964
1076,train,severe_dysplastic,Abnormal,severe,0.5332244008714597,0.7204630575417093,2.577344701583435,0.26573707216724124,0.02387979041649211,0.5679844694948594,0.38065405459625995,0.9039597494174315,0.7973394869010452,279.73625971650665,0.6468823121241689,0.4538599168207051,0.9085983888507234,0.044092611508341845
1077,train,severe_dysplastic,Abnormal,severe,0.3708984375,0.6614007372301212,1.953343701399689,0.31996570313475714,0.034085016331317025,0.5254584054870689,0.46283343640411057,0.5554440975107878,0.9055793991416309,388.9560917721519,0.7129339298059598,0.6139460971263312,0.9115398815191582,0.06740389678778304
1078,train,severe_dysplastic,Abnormal,severe,0.21011422254974207,0.7367382726874178,2.7985012489592007,0.37870597406234136,0.028451279948760032,0.47028863813818644,0.49328223016767075,0.43792482721722975,0.9482436083974226,154.81031768083727,0.8556978761034847,0.7849789707253455,0.958026752956182,0.08702323542306006
1079,train,severe_dysplastic,Abnormal,severe,0.32597054886211513,0.6391170431211499,1.770981507823613,0.3646391967871486,0.03665709900213976,0.4861527928345593,0.4945344891640867,0.8548037403633243,0.9516365412799218,402.1023035230353,0.7368520757061786,0.660355580544163,0.9205200876355102,0.044661190965092405
1080,train,severe_dysplastic,Abnormal,severe,0.2531707317073171,0.6226718047527297,1.6502127659574468,0.5088678077440363,0.028305147186366585,0.3411848962777236,0.5884793805590322,0.38405827218516586,0.9566820276497696,292.97380307136405,0.8121779060590133,0.7387150055915651,0.9594037837106251,0.12363519588953115
1081,train,severe_dysplastic,Abnormal,severe,0.2986666666666667,0.678088803088803,2.106446776611694,0.3911327497034401,0.03345262313564264,0.4719067147715499,0.4981890760502102,0.8396334614001846,0.9293563579277865,291.76184248764895,0.7600165553359179,0.6919819636226915,0.9423670647597078,0.06443050193050193
1082,train,severe_dysplastic,Abnormal,severe,0.6314591700133869,0.751748993004028,3.028181041844577,0.27437083441159876,0.019023715234657266,0.5860239863650044,0.3548759404564558,0.7732472314479233,0.8894965114086366,258.0558265582656,0.568219473249473,0.35211748527685344,0.904627732143684,0.05172779308882765
1083,train,severe_dysplastic,Abnormal,severe,0.4246575342465753,0.6697159364467983,2.0276967930029155,0.2997718729648582,0.021779280393202625,0.5446083251624483,0.3890578025495913,0.8603855216813852,0.8229001584786054,364.04960564549606,0.683446028337146,0.5549330091497102,0.8976017526880365,0.038998555609051515
1084,train,severe_dysplastic,Abnormal,severe,0.5835486649440138,0.5103321033210332,1.0422004521477015,0.32502567876029664,0.023874248371268246,0.5223196674896878,0.40431152267387743,0.7690986358468861,0.8310334253296535,454.071677559913,0.5655512476801111,0.39416903887465654,0.8942255782656752,0.043542435424354244
1085,train,severe_dysplastic,Abnormal,severe,0.6117941712204007,0.5459620394491999,1.2024590163934425,0.3293653324779128,0.027053826451824026,0.5313191707780556,0.402483944069431,0.7153829942058196,0.8801179168031444,484.88663126298775,0.5368587641403111,0.36410102199622585,0.8833522436698612,0.043542984741347227
1086,train,severe_dysplastic,Abnormal,severe,0.593224043715847,0.7733971997052321,3.413008130081301,0.3162282524825081,0.02717780925649517,0.5226631875489994,0.4532459365534832,0.6878847681005162,0.8840390879478828,456.6856446610544,0.568656621435192,0.3868672668574058,0.887129758046895,0.03131908621960206
1087,train,severe_dysplastic,Abnormal,severe,0.6470440251572327,0.6864307931570762,2.1890886546807193,0.3413075633742593,0.038879352381170074,0.49216730895822236,0.48291285511104626,0.7315320970592047,0.8315551244746201,555.4006884242733,0.4982983137438742,0.3337644709158322,0.8856282228585035,0.05734836702954899
1088,train,severe_dysplastic,Abnormal,severe,0.534516765285996,0.6684238270954138,2.0158982511923687,0.28897407125626273,0.027690771422188946,0.5193858196328898,0.38554932073942455,0.6701318609288179,0.9159826170931917,255.30869130869132,0.6278008261812008,0.4529305962868363,0.9272118869516353,0.01871375856615709
1089,train,severe_dysplastic,Abnormal,severe,0.34852250759458714,0.7290015847860539,2.690058479532164,0.31798561125319696,0.03576097165583371,0.5142982946502278,0.4381959431257884,0.5326047213668191,0.8242978445460484,292.2847580532701,0.7441267549951609,0.6386473300149655,0.9230698621257402,0.08835182250396197
1090,train,severe_dysplastic,Abnormal,severe,0.4280832556694626,0.530478955007257,1.1298299845440494,0.3383468125854993,0.015491909801483681,0.5594177818183261,0.38793973270297305,0.5661638097877133,0.9510006901311249,239.90194846008802,0.7222171298167597,0.5573142151343783,0.9426102739336099,0.0783744557329463
1091,train,severe_dysplastic,Abnormal,severe,0.46106442577030815,0.7120291616038882,2.4725738396624473,0.5767510214370162,0.03311851157120974,0.30098464239490896,0.681154102755026,0.8372955213590962,0.9362912400455062,672.2846907993968,0.6645373009527842,0.5253797782065741,0.9442027874887807,0.08626974483596597
1092,train,severe_dysplastic,Abnormal,severe,0.40763403263403264,0.5614724803431023,1.280358598207009,0.3389471414485591,0.01657882982577382,0.5545969067968278,0.3896092973456702,0.5735415175713311,0.9510537049626104,227.46802239905688,0.7315807373851289,0.5785572922215017,0.9447320409914711,0.08005718370264475
1093,train,severe_dysplastic,Abnormal,severe,0.5765969474279253,0.6397058823529411,1.7755102040816326,0.3706926313575239,0.04276652818469432,0.5042160865596569,0.5239205901027078,0.47438412450655315,0.9268514311676511,716.3353465631293,0.5462298907089042,0.40410567811744913,0.8854997776889563,0.08872549019607844
1094,train,severe_dysplastic,Abnormal,severe,0.20757073545659796,0.7546864151816709,3.0764150943396227,0.3390854808160615,0.03660744278213093,0.5086308505693331,0.5199928531261562,0.6535336480835557,0.9511336121505614,184.86206225680934,0.8507116757661866,0.7874198981656432,0.9440571806098456,0.1460310113399676
1095,train,severe_dysplastic,Abnormal,severe,0.5495041952707856,0.5820377568017768,1.3925606110926603,0.4249725250768087,0.04508148285985368,0.43233758665878896,0.5687138882919491,0.7048053719399329,0.87950189232084,460.156665386093,0.6201808872733047,0.4412777608972013,0.9425537898454307,0.07967795669072737
1096,train,severe_dysplastic,Abnormal,severe,0.42605815237394185,0.437456807187284,0.7776412776412777,0.4279451646377351,0.042065728849761536,0.4407794639730231,0.568215716384834,0.7959695794619306,0.9775375781118054,378.6311341734618,0.6923712660558493,0.5645689490988421,0.9554429180040795,0.12007601935038009
1097,train,severe_dysplastic,Abnormal,severe,0.591931216931217,0.7513966480446927,3.0224719101123596,0.2630407484510533,0.025352013910246725,0.5433465860717739,0.37120297157964316,0.865760588869192,0.8938826466916354,304.7451374916164,0.5535864371286485,0.39136935235798287,0.8924144311677197,0.05810055865921788
1098,train,severe_dysplastic,Abnormal,severe,0.5031884057971014,0.7530721966205837,3.0497667185069983,0.2866697815240324,0.022218683949053047,0.5463803644558021,0.37561618150214987,0.7490848686357457,0.9283422459893048,251.23274509803923,0.6370718909824913,0.481302039482801,0.921079615170449,0.07987711213517665
1099,train,severe_dysplastic,Abnormal,severe,0.43116104868913857,0.7675469075747047,3.301943198804185,0.3146350146903488,0.028161177340150584,0.49324956172868006,0.44372990181423844,0.7448417051339893,0.9233237086942573,318.7930303030304,0.6921087668022021,0.555317220456173,0.9201394104087848,0.059763724808895066
1100,train,severe_dysplastic,Abnormal,severe,0.567741935483871,0.8036616161616161,4.093247588424437,0.31382416678218816,0.02928742640739871,0.4945205330386819,0.43447392724292294,0.7233240799248322,0.9513513513513514,344.00199347589705,0.5935959821234603,0.41679816601779235,0.9103505436566539,0.034406565656565656
1101,train,severe_dysplastic,Abnormal,severe,0.4979247556567144,0.7211616025813391,2.5863066538090647,0.35815674226140864,0.029928251284163758,0.46308599420636437,0.45448293682757573,0.41626848890870205,0.9773981603153745,322.9420995670996,0.6244288930676378,0.4885428524798237,0.935001802710089,0.062382360849690774
1102,train,severe_dysplastic,Abnormal,severe,0.4389061093890611,0.5197630709648023,1.0823055028462998,0.434759163776841,0.051299547192860964,0.40301389126676634,0.6496569570636604,0.7100742756953347,0.7703580203580204,942.4377518130541,0.6361522109044259,0.5444772416909306,0.9059585892465657,0.09807495158901924
1103,train,severe_dysplastic,Abnormal,severe,0.23985265499026967,0.6925528832222544,2.2525918944392083,0.3668136467306588,0.04530184557847963,0.45444461372970346,0.5263360144887361,0.8114295984004241,0.9072029442691903,244.20995868057986,0.8012423583783058,0.7534526106005803,0.9435989791505729,0.13865546218487396
1104,train,severe_dysplastic,Abnormal,severe,0.35770107456854444,0.6513427401001366,1.8681462140992167,0.3803156766829723,0.046007360471608354,0.4392041311268645,0.6141911170839093,0.932986192863214,0.7877375403370384,557.5138411138412,0.7181828094646867,0.6310913842728028,0.9206213454355838,0.0999089667728721
1105,train,severe_dysplastic,Abnormal,severe,0.4879401408450704,0.47609597690781164,0.9087465564738292,0.42076297022787895,0.04122895938069108,0.4121873538338008,0.5413733787068548,0.782785540064704,0.921376329787234,640.0504546264931,0.580119191539553,0.4929194080927738,0.9189152508123891,0.05899332491430633
1106,train,severe_dysplastic,Abnormal,severe,0.48170882936507936,0.4318445102329772,0.760081558676937,0.3056229466117296,0.03095449004882731,0.5707589090618148,0.45995222704940614,0.4658556336654604,0.8301100544930013,454.56542932133476,0.6625227301620373,0.5027662714057514,0.9159425611092236,0.04556570987257047
1107,train,severe_dysplastic,Abnormal,severe,0.502815768302494,0.5569777777777778,1.257223113964687,0.3790645302691776,0.044159422707404666,0.43371586382005306,0.5738179476284897,0.7006139238522696,0.7885882517874667,661.424963924964,0.6298032872508486,0.4814368492444155,0.914590894699997,0.06133333333333333
1108,train,severe_dysplastic,Abnormal,severe,0.5696737293643572,0.482030804335425,0.9306167400881057,0.326420160668291,0.05388247408953227,0.4768890748979995,0.5428988896950852,0.8518965675725473,0.8044974759063791,645.3371271585559,0.5710340694245709,0.41550559668779424,0.9101308222456962,0.07335995436394752
1109,train,severe_dysplastic,Abnormal,severe,0.2558955223880597,0.647710702828813,1.8385761589403973,0.4428441687634081,0.056298361032241166,0.39086688781720463,0.641958987793793,0.837804416557761,0.875414858309931,483.90285714285716,0.7970435470963199,0.7347141207065392,0.9298351838692652,0.14639836687080782
1110,train,severe_dysplastic,Abnormal,severe,0.329641612742658,0.7278218195545488,2.6740638002773927,0.32502738792612484,0.038068664610251844,0.4910974894050677,0.48865037012863394,0.7774233595097413,0.8479513444302177,434.0530550666332,0.7459535864331828,0.6560682778174941,0.8967965784913108,0.04379010947527369
1111,train,severe_dysplastic,Abnormal,severe,0.39341454130186526,0.7493952588292211,2.9903474903474905,0.32255376751604453,0.035622175133075376,0.49943378401926214,0.49357539253539257,0.6820405430652144,0.9327617328519856,427.88732394366195,0.6955102041285424,0.5910940696741157,0.9045449224491219,0.07547169811320754
1112,train,severe_dysplastic,Abnormal,severe,0.3777331548415886,0.6854695806261075,2.179342723004695,0.38807241503408774,0.03740993804048897,0.44698726861172067,0.5649342605173525,0.5583636393213934,0.8801663634000519,392.79664452201325,0.7161831566910455,0.6142497276283732,0.9383440596204452,0.047844063792085056
1113,train,severe_dysplastic,Abnormal,severe,0.48185483870967744,0.5612671846981471,1.279291553133515,0.4063574635789709,0.04778278308492865,0.43132876403659454,0.6006672091325178,0.6489408514803184,0.9005921406782702,425.04113433991483,0.6576515388608805,0.508818606946346,0.9500848525224266,0.08208806535166367
1114,train,severe_dysplastic,Abnormal,severe,0.7728654970760234,0.5267857142857143,1.1132075471698113,0.2814103918752218,0.03095393993006143,0.5118015913766779,0.4057714569499051,0.4978049618064895,0.8136928949636745,350.0910703725606,0.44564154987202614,0.21654394131958837,0.8875627151006358,0.05099878934624697
1115,train,severe_dysplastic,Abnormal,severe,0.5557633855506195,0.5107278081615482,1.0438521066208082,0.3290363704493329,0.047940466865919094,0.4780012988626637,0.52774702386773,0.8011138868346447,0.8490296463864746,605.244583987441,0.5655366138308865,0.429646974017486,0.9095990095440147,0.05118496704529519
1116,train,severe_dysplastic,Abnormal,severe,0.3427743086529884,0.5917371502927782,1.449402390438247,0.41653997865666337,0.03707820883878439,0.4126461125311009,0.5290893161471759,0.6913482161796756,0.9654522613065326,312.99617633828154,0.7478851758920441,0.6482842855905551,0.9515246336698705,0.06994144437215355
1117,train,severe_dysplastic,Abnormal,severe,0.3476731601731602,0.6392996108949416,1.7723840345199569,0.3612687021588915,0.0312786805354784,0.46338605377712017,0.4608137216828479,0.9011233654668794,0.7932098765432098,332.7578039430449,0.7380762339536864,0.6404073011658907,0.9304438803510369,0.06498054474708172
1118,train,severe_dysplastic,Abnormal,severe,0.4602459870752554,0.40320681221125104,0.6756223436551305,0.36711656618252786,0.05681595705471657,0.46826739110466364,0.5914299817850638,0.8978034777697248,0.7085820656011297,751.616587042159,0.6430556759211323,0.5258870516650465,0.9162263551679115,0.07391973910680315
1119,train,severe_dysplastic,Abnormal,severe,0.26176002315819946,0.602156483273431,1.5135510771369007,0.3529756254163741,0.03503517852654778,0.43943489921834805,0.485283042417801,0.6586061515910282,0.9571315162741466,262.0811581487169,0.7841886789817524,0.7293844499166567,0.9394147166831911,0.0754769145700857
1120,test,carcinoma_in_situ,Abnormal,carcinoma_in_situ,0.7062111801242236,0.5793022574025213,1.3770034843205574,0.3422987429546717,0.022306829324034518,0.38437170856037894,0.4305293226754116,0.3640838423335017,0.9824308755760369,272.9031512605043,0.550207097874737,0.28296818130656837,0.9320046580693082,0.05452946350043975
1121,test,carcinoma_in_situ,Abnormal,carcinoma_in_situ,0.5038759689922481,0.5317851959361394,1.1357718536887786,0.4970316718040928,0.016416460718859514,0.21795341649661634,0.5408292534918493,0.8954150739882115,0.9604126010593811,641.6010733452595,0.6574106996407802,0.4731560002643996,0.9261415624672256,0.09608127721335269
1122,test,carcinoma_in_situ,Abnormal,carcinoma_in_situ,0.5135493372606774,0.5718382563808432,1.33556597454789,0.5274741180403957,0.015408787691582162,0.18487770660302807,0.570641178309234,0.7128029673569466,0.9592847317744154,457.372619047619,0.6930398618383395,0.47355629534000576,0.952610427196869,0.08689417837682822
1123,test,carcinoma_in_situ,Abnormal,carcinoma_in_situ,0.4230769230769231,0.6477764659582841,1.8391061452513966,0.3938516808424463,0.029625423741259132,0.33055128668895173,0.477356265089276,0.8323752534810512,0.8866015352407537,397.5031202563671,0.6981330140082092,0.5607562528447869,0.9313260168020102,0.09563164108618655
1124,test,carcinoma_in_situ,Abnormal,carcinoma_in_situ,0.5645161290322581,0.7263339070567987,2.6540880503144653,0.4383680052039774,0.016369239405972034,0.2902668882509088,0.4946268304353188,0.7528362865844132,0.9377017430600387,427.7197088906373,0.6604963845733329,0.4209604105936056,0.934871614125065,0.0657487091222031
1125,test,carcinoma_in_situ,Abnormal,carcinoma_in_situ,0.4561589805825243,0.5018290655138011,1.0073431241655542,0.4114328445016178,0.024629092686423968,0.3034411801091591,0.48972178748134776,0.8903586954653916,0.9515822784810126,320.67585784313724,0.7106930162221492,0.5312038057924932,0.9515461893269386,0.07615563684735617
1126,test,carcinoma_in_situ,Abnormal,carcinoma_in_situ,0.6386544190665343,0.4931000971817298,0.9727760736196319,0.30484732809323967,0.030518979799665127,0.38667728088642817,0.43669060808372423,0.7836215930743962,0.8769388102948696,451.74264150943395,0.5430653686952394,0.34488850312160224,0.900346107056571,0.07541302235179786
1127,test,carcinoma_in_situ,Abnormal,carcinoma_in_situ,0.5548848647440197,0.6462530217566479,1.826879271070615,0.2904392640946653,0.02375309574131077,0.40799490903095836,0.38382997900754834,0.8846423218123283,0.8156424581005587,350.7942176870748,0.6378463184379877,0.4287366431599287,0.9000377135619337,0.043513295729250605
1128,test,carcinoma_in_situ,Abnormal,carcinoma_in_situ,0.6114333057166529,0.8951219512195122,8.534883720930232,0.284019188022772,0.022492307624414502,0.40574921256458607,0.37923821249430006,0.7526586332868447,0.9557109557109557,299.72974789915963,0.6080061046210767,0.36948430252565034,0.8903276345261225,0.046341463414634146
1129,test,carcinoma_in_situ,Abnormal,carcinoma_in_situ,0.4748431017976811,0.6474014336917563,1.8360864040660736,0.3774585825361287,0.01952929460666283,0.3419973639917945,0.4327606746891896,0.7568979228724384,0.9536423841059603,275.76481361775484,0.6855402208852319,0.5121104330787081,0.9461855385224159,0.07818100358422939
1130,test,carcinoma_in_situ,Abnormal,carcinoma_in_situ,0.47561222424610405,0.6872340425531915,2.197278911564626,0.25559307521398655,0.012862630196850888,0.4575858940001251,0.3171287693744165,0.7731673032301827,0.947198710197501,233.42880658436215,0.6854487282107267,0.5033661605380261,0.9061020373357952,0.0574468085106383
1131,test,carcinoma_in_situ,Abnormal,carcinoma_in_situ,0.47604395604395605,0.734687596183441,2.769141531322506,0.2861464711632453,0.016549247590565745,0.45645051276120024,0.3626144934261408,0.6100414993016118,0.9567137809187279,235.51113751113755,0.7027131893828099,0.5077014196852864,0.9240743126210262,0.08618036318867343
1132,test,carcinoma_in_situ,Abnormal,carcinoma_in_situ,0.2356678486997636,0.6677115987460815,2.009433962264151,0.3479828916505569,0.02512092160204137,0.3631227762736832,0.4325395279319275,0.9159585066136934,0.9499702203692674,236.84557945041814,0.8304216136150174,0.753715899191505,0.9298662718554384,0.14420062695924765
1133,test,carcinoma_in_situ,Abnormal,carcinoma_in_situ,0.3217436974789916,0.7241266731962128,2.6248520710059173,0.3133338146006825,0.019055121504458067,0.40778361687961456,0.39871868755075995,0.9026142847857223,0.9304374240583232,175.5688559322034,0.7902623115401852,0.6691906405243667,0.9465666215401187,0.08553705517466537
1134,test,carcinoma_in_situ,Abnormal,carcinoma_in_situ,0.41675503711558853,0.771557817359344,3.3774752475247523,0.3439435460809461,0.019125852441373877,0.3745136121374552,0.4211709978644923,0.824517697788319,0.9449639326743254,201.2095509622238,0.7511515223440789,0.5739894301630318,0.9519417865549422,0.08170766186033361
1135,test,carcinoma_in_situ,Abnormal,carcinoma_in_situ,0.2049994601015009,0.6636818540953384,1.9733750978856694,0.2809062913165266,0.028193065506391134,0.43516360579846985,0.3985403958419703,0.9331934093659003,0.8613883847549909,132.0751250271798,0.8637990162914443,0.7888423602857497,0.9415914994248378,0.050829602317619176
1136,test,carcinoma_in_situ,Abnormal,carcinoma_in_situ,0.38248175182481753,0.7129225736095965,2.48338081671415,0.27172456161661607,0.025437742724654468,0.4423316210386445,0.4028974336629239,0.8423416349195021,0.8612350316975816,254.11197478991596,0.7520557616279204,0.6067504947479775,0.9184721678797001,0.09841875681570338
1137,test,carcinoma_in_situ,Abnormal,carcinoma_in_situ,0.25941176470588234,0.782312925170068,3.59375,0.25718709925709415,0.022428111346475727,0.4439605856965556,0.3866417647058824,0.8343604483315854,0.8280579399141631,188.20186440677966,0.8290119756584649,0.7308410309141666,0.9120977734335282,0.07742144476838354
1138,test,carcinoma_in_situ,Abnormal,carcinoma_in_situ,0.5071601941747573,0.8513998564249821,5.729468599033816,0.26794779640467764,0.020267740535506666,0.40097500397572083,0.36297111426857376,0.5674889778881054,0.9439801219787667,156.52303921568625,0.6978689483888765,0.48672576755183555,0.941345310197561,0.08231634362287629
1139,test,carcinoma_in_situ,Abnormal,carcinoma_in_situ,0.16064586754241927,0.67206132879046,2.0493506493506493,0.3116916692760755,0.02823994130578736,0.3727326102246061,0.46213479908326976,0.963092543398746,0.8718900854066097,99.22420662178871,0.8996427249555303,0.8356830659870929,0.9585177458172088,0.22444633730834754
1140,test,carcinoma_in_situ,Abnormal,carcinoma_in_situ,0.5257901013714967,0.6192231358094697,1.626209977661951,0.2826037283631401,0.02124333398868264,0.4261737315745143,0.38030286773830907,0.586595576962383,0.9052874743326489,204.84328808446458,0.6922773662102363,0.4667011066000932,0.9410241759094801,0.10093563935355826
1141,test,carcinoma_in_situ,Abnormal,carcinoma_in_situ,0.4428711784083685,0.6266475270781678,1.6784341139461727,0.34295982637953143,0.014274183634786991,0.36982065684829585,0.39204458717985624,0.6024802059013119,0.9418633235004916,165.30839160839162,0.7268691641631437,0.5476624681944112,0.9606799789277598,0.07673235025446953
1142,test,carcinoma_in_situ,Abnormal,carcinoma_in_situ,0.5263779527559055,0.450261780104712,0.819047619047619,0.3368536155299329,0.025270807492663014,0.3803680090853529,0.3999636052821129,0.6766840758675768,0.914500683994528,173.8363954505687,0.7140122103388591,0.46614977533235447,0.9616840068450955,0.08137621540762902
1143,test,carcinoma_in_situ,Abnormal,carcinoma_in_situ,0.48843012704174227,0.4997677659080353,0.9990714948932219,0.33205463930801565,0.02218852163751305,0.3735019295148824,0.40655283315430785,0.5832195449225648,0.8965852304275402,204.89313501144164,0.6986488605886041,0.5031249927666763,0.9545869937582356,0.1274191051246323
1144,test,carcinoma_in_situ,Abnormal,carcinoma_in_situ,0.6365261813537676,0.5738362760834671,1.3465160075329567,0.3111781195667078,0.026704271763528964,0.40346385322634154,0.4069588379306525,0.6163157957698943,0.8610919143054596,362.31899224806205,0.5818951312547506,0.34814544051042645,0.907675490436586,0.05056179775280899
1145,test,carcinoma_in_situ,Abnormal,carcinoma_in_situ,0.6052803129074316,0.6483575659666129,1.8437978560490047,0.24849438733632986,0.01886371307677184,0.4522490722803467,0.3303053466654656,0.5796665012842387,0.8897939626257786,356.69860742705566,0.5947582745230187,0.3694808678182838,0.8575706690951128,0.057619816908992996
1146,test,carcinoma_in_situ,Abnormal,carcinoma_in_situ,0.528584817244611,0.5695921985815603,1.3233779608650875,0.2805868558785382,0.017768653218215812,0.4323281427007425,0.3489153021950284,0.9173422081453108,0.8683602771362586,238.78598484848484,0.6807839160740853,0.45526522281954535,0.9249444809044072,0.04875886524822695
1147,test,carcinoma_in_situ,Abnormal,carcinoma_in_situ,0.5220588235294118,0.763302034428795,3.224793388429752,0.32750416860132064,0.020696817504054183,0.39611270319094005,0.4140215576081673,0.39512223696652987,0.9569449644327968,219.69987572493784,0.6768328388274063,0.4676874977515888,0.9452704206283148,0.0837245696400626
1148,test,carcinoma_in_situ,Abnormal,carcinoma_in_situ,0.40931213497728747,0.8474038842647642,5.5532467532467535,0.3068839817311396,0.01757286866204755,0.31151040460340174,0.39999650623885924,0.6253938195773971,0.9707579838399384,222.1141545022142,0.7362894791718734,0.5782536377018493,0.9326086370403446,0.08442330558858502
1149,test,carcinoma_in_situ,Abnormal,carcinoma_in_situ,0.4740740740740741,0.61484375,1.5963488843813387,0.2937412023818422,0.013602022373357928,0.3380559579250845,0.3430420578292169,0.6372454166191843,0.9552238805970149,203.04804804804803,0.7073789103664305,0.5102253974697016,0.9363559820622745,0.05625
1150,test,carcinoma_in_situ,Abnormal,carcinoma_in_situ,0.47295685026844303,0.68404456590288,2.1650033266799733,0.3074142593730793,0.01864806044408315,0.3295080386126165,0.37145204858257336,0.5315494030669943,0.973996723996724,173.18426334805298,0.7064453761071579,0.5165096655352125,0.9508702483230201,0.0748370821946605
1151,test,carcinoma_in_situ,Abnormal,carcinoma_in_situ,0.5760645604395604,0.8059612518628912,4.153609831029186,0.3243757176006497,0.01999401325324443,0.3244326221837165,0.3980751615915183,0.6531038756913745,0.9565217391304348,202.63009431513368,0.6308595535564607,0.41344248242315695,0.9450976687399896,0.035171385991058124
1152,test,carcinoma_in_situ,Abnormal,carcinoma_in_situ,0.4811909949164851,0.7401146996679746,2.847851335656214,0.3585725403832006,0.01622776260870247,0.27616626655688115,0.4138253175741841,0.6355647908687594,0.9755594817432274,243.5361552028219,0.6932859217871867,0.5060283109789239,0.9462589416578253,0.10292785994566858
1153,test,carcinoma_in_situ,Abnormal,carcinoma_in_situ,0.5058823529411764,0.7493925720236029,2.990304709141274,0.36906982099555896,0.01875715887869316,0.2856483466272727,0.43317020585519533,0.5851759453939289,0.9759485094850948,304.31556503198294,0.6638104446762271,0.47973587741976076,0.9372960652701626,0.08955223880597014
1154,test,carcinoma_in_situ,Abnormal,carcinoma_in_situ,0.6339477726574501,0.6130361037072934,1.5842204132748905,0.37087619344338524,0.021767440810992616,0.29578687514290963,0.42930530332608935,0.6600084359743293,0.937102633969119,417.45036621474213,0.5303608644501988,0.3468048459923703,0.911135510174014,0.06857281318148777
1155,test,carcinoma_in_situ,Abnormal,carcinoma_in_situ,0.45740295431123323,0.761171610965077,3.1871069182389937,0.3583965702235507,0.023152768053335326,0.2952820805882937,0.42712190652361576,0.6754144527812332,0.9768892149669846,327.5613240418118,0.6627171257024358,0.5256872583264259,0.9285814862404008,0.09575666541494555
1156,test,carcinoma_in_situ,Abnormal,carcinoma_in_situ,0.4863542254846603,0.871517027863777,6.783132530120482,0.3374006171420611,0.018637194975576518,0.3052447852768145,0.4195573304984645,0.5231116860696394,0.9787878787878788,286.75896262395116,0.6728678581770806,0.49858056127790706,0.9277916957954184,0.09481424148606811
1157,test,carcinoma_in_situ,Abnormal,carcinoma_in_situ,0.7436863092600797,0.5665773011617515,1.3072164948453608,0.23274001855631843,0.010184978320050822,0.3293981586098572,0.27651820982413583,0.7707557330582786,0.8947228144989339,156.82281607904784,0.5638091230272745,0.2501485182907296,0.9015363876637594,0.0247244563598451
1158,test,carcinoma_in_situ,Abnormal,carcinoma_in_situ,0.4427331622051094,0.6126449475427941,1.5816108339272987,0.33091426415361097,0.019932931328111657,0.34526500786235376,0.39912730479504704,0.6099668388179618,0.8847093307278945,266.02987654320987,0.7224252646516105,0.5429491167059849,0.9359373572823313,0.04638321369409166
1159,test,carcinoma_in_situ,Abnormal,carcinoma_in_situ,0.677378754824635,0.4010900532639663,0.6697001034126163,0.3526002179994913,0.023099084543686227,0.3818219974262144,0.40399321775452685,0.7453675114337959,0.8419899874843555,339.5148514851485,0.5997944841570813,0.3092424178526552,0.9190721934064318,0.042735042735042736
1160,test,light_dysplastic,Abnormal,mild,0.20485161885313397,0.43580673687595467,0.7724422912510687,0.47655180528880065,0.027318203232045087,0.1980605889026497,0.568834108818221,0.8510470416420072,0.8755543042162315,186.96818001586047,0.8857407805881933,0.7906949709211849,0.9686346044058411,0.19977490151941474
1161,test,light_dysplastic,Abnormal,mild,0.09228953884246363,0.6797317124292601,2.1223821989528795,0.32155699068279786,0.027071081652255843,0.31766301690178894,0.40839777435581565,0.8056505588481113,0.9551551551551551,37.36782278088144,0.936437040016322,0.9062451027659951,0.9723299487242161,0.11024942360092224
1162,test,light_dysplastic,Abnormal,mild,0.0761034294195766,0.8218025046191747,4.611751152073733,0.36996471920569374,0.03082942448063306,0.2828127597926171,0.46360060721062624,0.5924398693316746,0.952297165200391,45.29132549019609,0.9440873638556787,0.9223475721465716,0.967207740012239,0.2613426401149661
1163,test,light_dysplastic,Abnormal,mild,0.25452399685287175,0.5615662029881504,1.2808460634547592,0.31790221046950884,0.03960406107191297,0.3152680166702793,0.4533044335383977,0.5384653202794131,0.7378825318380536,266.74279481755684,0.8233718377685288,0.7357528463905922,0.9276728320222888,0.11463163317877383
1164,test,light_dysplastic,Abnormal,mild,0.4388862553329508,0.3111250071059064,0.45164218517907245,0.3495409619415097,0.03901104176915283,0.2920718764699142,0.5111864392946484,0.9374326384709227,0.8877169963665724,352.6298206951818,0.6984055714654083,0.5512686539704474,0.9506153461930057,0.0535501108521403
1165,test,light_dysplastic,Abnormal,mild,0.49553370606002184,0.29542212423810144,0.41928952696484445,0.3149073996798017,0.045970246890233706,0.30488428069660584,0.47044527877928277,0.6829711716267964,0.7542795656852196,608.228942522051,0.6299116102006597,0.48627740322170304,0.9025986039327653,0.07729218000259369
1166,test,light_dysplastic,Abnormal,mild,0.304421768707483,0.5527234636871509,1.2357533177205309,0.30754493850098474,0.021857242321005978,0.3520589617411189,0.37468343053068226,0.28344036150656865,0.9502322495023225,169.78560687432866,0.7818030173443161,0.685844213588473,0.9468002735802076,0.09986033519553073
1167,test,light_dysplastic,Abnormal,mild,0.15408933685424184,0.7284576393917451,2.6826666666666665,0.3085837848724646,0.019441764345717972,0.38471609614224456,0.3822141734204793,0.8086590875566186,0.926224010731053,82.90359281437128,0.9002496107388873,0.841841830642373,0.9551395878427622,0.11899589669321747
1168,test,light_dysplastic,Abnormal,mild,0.1949579831932773,0.8133433283358321,4.357429718875502,0.2952345195626638,0.029409639753626857,0.3382035493159855,0.4258570643357745,0.7219890935910525,0.9381153305203939,158.87339719970524,0.8630852238395185,0.7981092885980197,0.9265943758533952,0.15929535232383807
1169,test,light_dysplastic,Abnormal,mild,0.24330697235725168,0.4781571492470553,0.9162857142857143,0.3569186563705619,0.03429161105346954,0.3332233224659237,0.4876017225770308,0.56699862308521,0.6933016332437462,385.53837735298407,0.8162405694009314,0.7446018318693077,0.9135370983790664,0.14790517369912032
1170,test,light_dysplastic,Abnormal,mild,0.33616383616383616,0.5824665676077266,1.395017793594306,0.3457482099506469,0.0293871770566236,0.2921500585513652,0.43323961854255344,0.7798395616514978,0.9223389675650983,283.1774410774411,0.7566786117957252,0.6510920288822685,0.9347826613204838,0.0638930163447251
1171,test,light_dysplastic,Abnormal,mild,0.0905112989270515,0.6788079470198676,2.11340206185567,0.42246673974175036,0.034468619950480645,0.22389947017010642,0.5493388534465332,0.4518709465025099,0.8148947652455477,131.67390321121664,0.9341438527794895,0.906359726480995,0.9434611492756774,0.42185430463576157
1172,test,light_dysplastic,Abnormal,mild,0.08736555200609596,0.5521637034552164,1.2329588014981274,0.4254275629571391,0.02310927069036741,0.23778465533057644,0.49645657575089963,0.29773038941232177,0.9653497409326425,69.80742964794536,0.9394359875180917,0.9104406823938017,0.9679471563216849,0.3173431734317343
1173,test,light_dysplastic,Abnormal,mild,0.19364779874213836,0.4511204936667749,0.8218934911242604,0.39330864072050703,0.02369302433015036,0.2649670266834831,0.4545365211741501,0.5307061626572415,0.9424548515457606,142.55628719766997,0.8695897562430384,0.800907094543685,0.9617047448106019,0.14355310165638194
1174,test,light_dysplastic,Abnormal,mild,0.14941972920696325,0.11154261057173678,0.1255463817387081,0.2560965722304396,0.03840565673377005,0.32161368725821704,0.40475053319239307,0.7720336000442858,0.7426694439993591,172.21681401599795,0.8974491031329945,0.844073792173694,0.9315586248993644,0.11521035598705502
1175,test,light_dysplastic,Abnormal,mild,0.17299527163948664,0.5990796262724865,1.4942608695652173,0.31607957662394565,0.031686039952835386,0.3738592963146907,0.4263743162489344,0.8976474586734626,0.5744152515219481,201.93905038759692,0.8712571808050061,0.8195458651814184,0.9183359825488668,0.14572584018965276
1176,test,light_dysplastic,Abnormal,mild,0.5042436974789916,0.26914423798016834,0.3682590354577585,0.30533818709403265,0.0394907616903936,0.3431309842343729,0.4563701504735973,0.9182277483328373,0.6962752378742167,458.8035443037975,0.6754757795057211,0.4826448084719628,0.9231438474600518,0.07382718106824432
1177,test,light_dysplastic,Abnormal,mild,0.15021929824561403,0.8293361140076468,4.8594704684317716,0.29662169288167906,0.025767494343826906,0.40503379015526975,0.42698251188051595,0.6923424873711377,0.9567675424010642,94.76789656259857,0.9007002836792025,0.8457487740614242,0.9455506228591861,0.1286061870003476
1178,test,light_dysplastic,Abnormal,mild,0.19180876233988742,0.82475542322416,4.706310679611651,0.27878800675504856,0.024251074357695725,0.3393086896674865,0.39383399200456887,0.7200233262286978,0.9576374745417515,113.49744603723843,0.8709652720534565,0.8020556947106234,0.9389201243684248,0.1722671203743088
1179,test,light_dysplastic,Abnormal,mild,0.24253476179621608,0.8331766917293233,4.994366197183099,0.25687917454629905,0.021260418537834946,0.33803529180292125,0.3632021563104115,0.7953711723465484,0.9329241560718983,122.46341463414635,0.8456688766560683,0.7496875934813878,0.9339666254140647,0.1287593984962406
1180,test,light_dysplastic,Abnormal,mild,0.5332792207792207,0.526179604261796,1.1105043366527465,0.31715316102026586,0.033552902996466585,0.28858389402448437,0.4601360430326966,0.9061483265959143,0.948051948051948,271.8198168737737,0.6344328648284586,0.4562474055245789,0.9476436168017415,0.07260273972602739
1181,test,light_dysplastic,Abnormal,mild,0.24463914032625006,0.4126434507320934,0.7025433720734378,0.30479616944260324,0.049678639442165336,0.31819420906992113,0.4816715594791058,0.938506168204806,0.6642134314627415,165.86335373554846,0.8424822257518982,0.7507773166209937,0.9613022829546211,0.10031658092599921
1182,test,light_dysplastic,Abnormal,mild,0.5012732095490716,0.37347867499206266,0.5961148648648649,0.3225658654620817,0.029732118505827687,0.37355779350319923,0.3961255310015898,0.8914944692284884,0.5747916539935519,393.3899880175742,0.665828871693306,0.48233014859768364,0.9125590339425823,0.07027198645359298
1183,test,light_dysplastic,Abnormal,mild,0.2524073091212374,0.5869630519675578,1.4210909090909092,0.38206068035402496,0.021056723350192347,0.3277880895596265,0.45614241654188953,0.626737827607279,0.9716870986573263,179.21743119266057,0.8358952350486322,0.7403901885506582,0.9575636134071487,0.19555422048663262
1184,test,light_dysplastic,Abnormal,mild,0.27797894736842105,0.533474704634959,1.1435064935064936,0.3593283954081349,0.02453219677620887,0.362992865900713,0.4326913017570665,0.43090128823939033,0.9714537963507945,174.62825531914893,0.8144424751246586,0.7136309213429488,0.9574003092806753,0.17358376249621327
1185,test,light_dysplastic,Abnormal,mild,0.37982083922677984,0.6402681231380337,1.779848171152519,0.3885405356993515,0.018093445199712805,0.28008011424335033,0.4392810744394377,0.5566391291570781,0.952921693872723,201.3800456968774,0.751988951919333,0.6104702059875794,0.9604511154279459,0.06653426017874876
1186,test,light_dysplastic,Abnormal,mild,0.27576295986622074,0.5965510706841008,1.4786284640676375,0.3494820248150086,0.024452137812677008,0.3669071506029853,0.435966868547325,0.8148613891417008,0.7627375876273759,186.90597414880204,0.8251078389019455,0.7171509863604791,0.951976094306323,0.07902217168845935
1187,test,light_dysplastic,Abnormal,mild,0.37353334908260494,0.42268367239380206,0.7321526383056418,0.4084923731846854,0.03465159182435275,0.19948314508766263,0.5070693035760954,0.6745785226392647,0.8776945138310667,420.90694356372865,0.725002168878562,0.6132927817162229,0.9373364083900978,0.1824602087066512
1188,test,light_dysplastic,Abnormal,mild,0.24986577901857618,0.5156854318865493,1.064773735581189,0.38265431797385624,0.03285998924621973,0.24019208426361824,0.4649728969848809,0.5556299816135075,0.9445910290237467,190.51993292583978,0.8076818570643367,0.7427142040624607,0.956880992003602,0.2636441770519983
1189,test,light_dysplastic,Abnormal,mild,0.17526690391459074,0.47796954314720813,0.9155970439517698,0.41655531677411833,0.03402602378427012,0.21105667251366494,0.5050187010471244,0.5067024030920818,0.6869377222958365,272.33947316654445,0.86319946129499,0.8166208297356712,0.9331383804665071,0.44710659898477156
1190,test,light_dysplastic,Abnormal,mild,0.11359260685406238,0.4214689265536723,0.728515625,0.36965517741681125,0.02894991732335172,0.2504520031377871,0.44877573778339463,0.44450743880815535,0.9321922317314022,62.45895823254314,0.9168284251818957,0.8839389962577597,0.9726304872488115,0.42415254237288136
1191,test,light_dysplastic,Abnormal,mild,0.45851875397329944,0.28162911611785096,0.39203860072376356,0.42175043668174966,0.02846278631589646,0.17358953155516632,0.49563552420823587,0.6057453201183096,0.9629506008010681,334.69838722618954,0.6957884103605094,0.5290002651448624,0.9543008423937873,0.07677642980935875
1192,test,light_dysplastic,Abnormal,mild,0.2898968614838638,0.42348890589135424,0.73457199734572,0.45079515206263177,0.026433286086197556,0.15833166358894055,0.5085365853468129,0.4714161801559977,0.8444516233241802,285.20863349528116,0.8113189802090491,0.7011256697074647,0.9546720208284162,0.09162203519510329
1193,test,light_dysplastic,Abnormal,mild,0.13984940265858994,0.17747029628515565,0.2157615651855915,0.427408234629445,0.02845245932970968,0.17093509667947346,0.4802541123408589,0.4128802911027468,0.8994859307359307,142.35161263086798,0.906304005079299,0.8553895576162392,0.9589062079036128,0.04933072642502632
1194,test,light_dysplastic,Abnormal,mild,0.14814436499829758,0.5343599172603999,1.1475814412635736,0.37569601686696186,0.020399879075904216,0.22965505525295826,0.43672752492112343,0.6455865712555644,0.9712053571428572,89.29912304741025,0.8883836469181241,0.8481797923783311,0.9668916616333383,0.1785796368650885
1195,test,light_dysplastic,Abnormal,mild,0.6879273327828241,0.4837470591059682,0.9370349702380952,0.33708923435021654,0.026705559258912534,0.2555066487160376,0.42525523678221283,0.5385587161156596,0.8268619977767191,473.55930232558137,0.5414647544476026,0.29441228584292,0.8889201327691424,0.03917991069285063
1196,test,light_dysplastic,Abnormal,mild,0.15248188834189652,0.6989990131115184,2.322248243559719,0.46172766042600993,0.023742382555037186,0.13184241708107255,0.5444097526748405,0.8145621045452698,0.7671425481289206,230.95023778642457,0.8993286304663645,0.8410714345833716,0.9424070574323103,0.10700690821937121
1197,test,light_dysplastic,Abnormal,mild,0.13310141059855127,0.3376297887576083,0.5097297297297297,0.3388427879317156,0.03504752158104941,0.2768496833945003,0.4523585284578696,0.7740359625392655,0.6417738970588235,194.87331032499281,0.8955253980600424,0.8605807692543942,0.9254818928668246,0.20121732903687792
1198,test,light_dysplastic,Abnormal,mild,0.34433293978748525,0.732213269329676,2.734314980793854,0.3616338408142466,0.020630340862752856,0.24753361410124822,0.4329726132911551,0.5668593973354392,0.8101388888888889,308.61734997029123,0.7660900147698683,0.6423194821477158,0.9280697850134283,0.021258357620435455
1199,test,light_dysplastic,Abnormal,mild,0.15505150120534736,0.39593639575971734,0.6554548113483475,0.40885291755256326,0.022337530358673675,0.2071949570876268,0.46125664974852176,0.45606650941948856,0.9676867840656522,90.01166501595688,0.892149336157881,0.8415940386425551,0.9727954352657889,0.06837455830388693
1200,test,moderate_dysplastic,Abnormal,moderate,0.5111826226870475,0.7009757632987095,2.3442105263157895,0.24666480343731562,0.012218399472751766,0.4800371292707368,0.2943272833849329,0.5742804710096786,0.9219384793964016,130.88766233766233,0.6861936465361969,0.47646522529079705,0.9410932440906535,0.0511488825936418
1201,test,moderate_dysplastic,Abnormal,moderate,0.35813148788927335,0.45169082125603865,0.8237885462555066,0.27570034811785676,0.020563529223652025,0.4792836254317719,0.33868855489332306,0.6317394624361627,0.898534997287032,149.01198257080608,0.7824131768461788,0.6312706609429483,0.9488467344044414,0.07397342995169082
1202,test,moderate_dysplastic,Abnormal,moderate,0.5170110192837466,0.6970827227920607,2.301231310466139,0.24904034172277742,0.0124759679572356,0.4806213835711839,0.2991918836980702,0.49588640931457406,0.8948623197043748,150.01180555555555,0.6899534980551821,0.4720156691848466,0.9342826081474095,0.05514852804049554
1203,test,moderate_dysplastic,Abnormal,moderate,0.49901538461538464,0.4598594154642989,0.8513698630136987,0.3035822146504083,0.04514615712443641,0.4499895408269841,0.4506172369952548,0.6414501664893659,0.8530401851462235,430.0799379844961,0.6502076846101661,0.48809776372927033,0.9171938399358537,0.1090146750524109
1204,test,moderate_dysplastic,Abnormal,moderate,0.17048872180451127,0.7723263506063948,3.3922518159806296,0.35692384263341315,0.024695564352308963,0.4150916649040069,0.4524765569956797,0.7745647119598539,0.929779600205023,143.69746308216588,0.8863866888442934,0.8237212822668005,0.9462717171163598,0.149393605292172
1205,test,moderate_dysplastic,Abnormal,moderate,0.2070078031212485,0.49111997100398697,0.9650997150997151,0.3639611032486796,0.03096334912539076,0.3399397143855262,0.4543645159488297,0.7181202705022327,0.9553324099722992,158.5702172760996,0.8416888116421464,0.7865634599902227,0.9566581174022158,0.13664371148967017
1206,test,moderate_dysplastic,Abnormal,moderate,0.350305070481801,0.6756756756756757,2.0833333333333335,0.29844037019607844,0.026368059287326422,0.4288372352144955,0.4321198126361656,0.5348512602677107,0.8638132295719845,312.96333297906256,0.7564888521458855,0.6353751924403366,0.914343891115227,0.07537537537537538
1207,test,moderate_dysplastic,Abnormal,moderate,0.39004267425320055,0.35539752005835157,0.5513437057991514,0.3015905733458083,0.03310685840632303,0.4449767396071146,0.46308360140888044,0.9269523637447273,0.7936324167872648,429.06702470461875,0.7309532639236251,0.5954372483951967,0.9207850682716469,0.0962800875273523
1208,test,moderate_dysplastic,Abnormal,moderate,0.352919807465262,0.4433865156973752,0.7965788257050394,0.3555300495032604,0.030512357558161243,0.38510529213700645,0.515903326353195,0.8392143640602108,0.7807916415511352,494.4477775745381,0.7420064384984493,0.6322457316612909,0.9198910642454061,0.08646423057128153
1209,test,moderate_dysplastic,Abnormal,moderate,0.43701477585775106,0.5656160458452723,1.3021108179419525,0.32096114958512956,0.03803030690705824,0.4235292368386565,0.450374662596789,0.8506917615506531,0.7858000600420294,407.733164983165,0.6706379145359763,0.5499251371807844,0.9152597291247112,0.11117478510028653
1210,test,moderate_dysplastic,Abnormal,moderate,0.5281743765467352,0.48044692737430167,0.9247311827956989,0.3087052468999603,0.029287481514176615,0.4408810681031588,0.39521774485999744,0.6560230568002325,0.8715250510444479,267.3936364510238,0.6337477117088817,0.46170407918410505,0.9363006291236198,0.07622995134258424
1211,test,moderate_dysplastic,Abnormal,moderate,0.42403508771929826,0.564335953661564,1.295346628679962,0.3129161658329021,0.037402479104535896,0.4279833848621486,0.4401007373889727,0.8492937749424898,0.7798031940635587,388.8464396284829,0.670700357712947,0.5629857090435401,0.9145537361966211,0.13280926768721554
1212,test,moderate_dysplastic,Abnormal,moderate,0.4427298234032018,0.43821062441752096,0.7800265428002654,0.31123836198196847,0.03787729169078727,0.47211002688794745,0.4205002753164969,0.8543363502709572,0.904874346432788,193.0598255089323,0.6744832341076227,0.5498257341875789,0.9585944580986127,0.09506057781919851
1213,test,moderate_dysplastic,Abnormal,moderate,0.600330959061803,0.6131351869606904,1.5848822800495663,0.3013417046099128,0.031204473672043386,0.4160351877044909,0.4333980088441821,0.6656940473771105,0.8532569792412312,381.95579268292687,0.584965891980789,0.38453165920136223,0.9099475533093565,0.07790028763183125
1214,test,moderate_dysplastic,Abnormal,moderate,0.38056759952700037,0.43837389953392025,0.7805440295066851,0.30971624211960824,0.03597424754370966,0.3892591312497203,0.4603147104927725,0.941068227434731,0.8236297718063553,288.87612315010574,0.7367563968424474,0.6097115505342576,0.943323529221366,0.06257552218194372
1215,test,moderate_dysplastic,Abnormal,moderate,0.39783807878754107,0.5588235294117647,1.2666666666666666,0.3064884129932675,0.03117703603927517,0.4490468339702789,0.41944593638344224,0.5234775823568427,0.7866035033601411,258.8539584503088,0.7196287303686818,0.5930635092936601,0.9374001181503857,0.0984593837535014
1216,test,moderate_dysplastic,Abnormal,moderate,0.7203806672369547,0.43016179308297464,0.7548840843969784,0.30106889524892083,0.04593808777119636,0.4162503640771764,0.42858502918958674,0.7893247419056618,0.8468887492143307,485.80518502581754,0.489342900133842,0.26517420187430263,0.8833457952596065,0.06694374350601158
1217,test,moderate_dysplastic,Abnormal,moderate,0.5408504538939322,0.4531802120141343,0.8287560581583199,0.32695210258762375,0.03060775073612706,0.3820704235389827,0.46462148246697715,0.7206872489840812,0.8794509905477146,453.0688405797101,0.5979288980632129,0.4422628579758601,0.9189340525563204,0.07862190812720848
1218,test,moderate_dysplastic,Abnormal,moderate,0.1619966791199668,0.6210762331838565,1.6390532544378698,0.3683771080706651,0.023082632468888732,0.2900561783001663,0.4518244264332952,0.7424756859700473,0.8914905768132496,145.37042842215254,0.8878586609923446,0.8323470462467258,0.949241875066147,0.11563100576553491
1219,test,moderate_dysplastic,Abnormal,moderate,0.4956644484775156,0.5155614320585842,1.0642452235985724,0.2772406834313919,0.02706541417229735,0.4228174058023447,0.37142002692321946,0.8269788758892853,0.7424299629993204,315.507149376331,0.6593607923500419,0.4887197786878565,0.9107689746225162,0.0807567127746135
1220,test,moderate_dysplastic,Abnormal,moderate,0.26330982916094836,0.6155643421998562,1.6012155212716221,0.2863469396307428,0.03472069792343731,0.4116224780824329,0.42351487831037044,0.8656436655375581,0.8304477611940299,142.8225806451613,0.8246745569829044,0.7310190475090229,0.953448358591935,0.08554996405463695
1221,test,moderate_dysplastic,Abnormal,moderate,0.8275550443641143,0.555296336741785,1.2486884696952785,0.30168932440840823,0.023736228774656466,0.4301543364554861,0.3712165942014712,0.674121926690963,0.8483597928159347,288.4031864266501,0.49046475529887,0.16486663860072304,0.8687112585287948,0.05251662861113869
1222,test,moderate_dysplastic,Abnormal,moderate,0.6027827405121542,0.4149452128615053,0.7092416334049739,0.2780089264069264,0.03824123718377416,0.40076524114212375,0.40220699898258355,0.7422827196520193,0.8071040231968104,362.802400436443,0.5956313003654272,0.3841145962232016,0.9134956911618146,0.10858631219687444
1223,test,moderate_dysplastic,Abnormal,moderate,0.2614887567846989,0.497084115844618,0.9884040880503144,0.22372424175078662,0.019567091756024987,0.330704021750949,0.35509151112960907,0.5733701607153903,0.6228529212583882,120.43355645496058,0.8372035206792197,0.7336502743034662,0.9463220140105347,0.14025897005041021
1224,test,moderate_dysplastic,Abnormal,moderate,0.15977035636770986,0.813321647677476,4.356807511737089,0.2247244516283525,0.016659034806612207,0.30070618226985346,0.3732185393844549,0.44416018324427736,0.9409015942825728,61.29520191360632,0.9076302924541397,0.836962469410726,0.948019167266153,0.14168857727139936
1225,test,moderate_dysplastic,Abnormal,moderate,0.6054112554112554,0.47133833869622216,0.8915689810640216,0.33743623112962,0.026342221466910863,0.45046131216702573,0.441817166675507,0.7730693985369729,0.8753390360943042,367.05792682926824,0.6321778163735703,0.38258856056065454,0.9265413549484345,0.05279466094625194
1226,test,moderate_dysplastic,Abnormal,moderate,0.4312934771650368,0.7220663861617578,2.5979814970563497,0.30612359707754905,0.01462105006770558,0.4845099557964772,0.3872292768680223,0.7067089697715424,0.875742067553736,242.02777777777783,0.7368553989253809,0.5568866031773536,0.9306770265562806,0.036699392239364186
1227,test,moderate_dysplastic,Abnormal,moderate,0.39013532763532766,0.5369694203560018,1.1596845736816166,0.3356171789038608,0.022454356050703825,0.454181151290419,0.41335216034171185,0.8520745177996243,0.672911547911548,349.55307112068965,0.7379489610991825,0.5938585920824904,0.9195223208839219,0.05203103605659516
1228,test,moderate_dysplastic,Abnormal,moderate,0.21520408163265306,0.7291370317686107,2.6919037199124727,0.44605326715566734,0.016079872265837385,0.33127605696762985,0.5008541890419188,0.48736511221660045,0.9741339491916859,107.67076923076922,0.8770981801462139,0.7811258263184933,0.9769606409064213,0.13169748696064484
1229,test,moderate_dysplastic,Abnormal,moderate,0.6035623409669211,0.46814689900693274,0.8802184252245905,0.36314285182874434,0.023785434503901005,0.4279177745075604,0.4426068450956215,0.7479945225411232,0.8138772398017537,404.788538224906,0.6296128510052035,0.3840228710379711,0.9224950222943905,0.06913996627318718
1230,test,moderate_dysplastic,Abnormal,moderate,0.3015748031496063,0.6135770234986945,1.587837837837838,0.35306834125990827,0.023292564035066018,0.4320101900715974,0.4365298658585056,0.6122883076357306,0.9614057106997176,167.00248015873015,0.8081672034212227,0.6909087785228849,0.9596525652085014,0.05662532637075718
1231,test,moderate_dysplastic,Abnormal,moderate,0.5520755545793982,0.43061744112030553,0.7562884292901062,0.36130598669623065,0.026787396918170076,0.4313129601108396,0.43927018961189845,0.7296336272494643,0.8088036553188751,336.8036093418259,0.6699306767284043,0.4373581690064772,0.9375209251449864,0.05673138128580522
1232,test,moderate_dysplastic,Abnormal,moderate,0.32246753246753246,0.612565445026178,1.5810810810810811,0.35948755574462965,0.02502047274194633,0.42027186349244694,0.4493340904705611,0.7646115546120775,0.8436013590033975,249.2271319520174,0.7932205091001909,0.6675676076444206,0.9446976324997322,0.11155859846959323
1233,test,moderate_dysplastic,Abnormal,moderate,0.24343972514066622,0.6758028226631213,2.0845425867507887,0.31626421639842384,0.01894181023609536,0.46782058511325286,0.3815434240118761,0.6413628830592042,0.9394696387394312,111.41149909692956,0.8519840563814651,0.7499053523921547,0.9595423641026923,0.09674780118633668
1234,test,moderate_dysplastic,Abnormal,moderate,0.24266384358355114,0.5790047716428085,1.3753238341968912,0.37724727544702835,0.025251277399934574,0.4063704015868966,0.4586354330488673,0.4482974732898431,0.7163785525930266,251.31079012181323,0.8254435069541979,0.7480949680538223,0.9386261794508238,0.06912065439672802
1235,test,moderate_dysplastic,Abnormal,moderate,0.2782664467656221,0.6104708594007244,1.5672020287404902,0.3765362518772342,0.01746017409052446,0.42291755613654003,0.4410537112359737,0.6573903652847373,0.8352585258525853,261.7834736744703,0.8113070593610754,0.711562684470009,0.9381043489275315,0.037537043134672377
1236,test,moderate_dysplastic,Abnormal,moderate,0.3879310344827586,0.3844444444444444,0.6245487364620939,0.35949862722430015,0.0273403967174453,0.42707453372130333,0.435803805762016,0.7525689033619674,0.8021390374331551,299.4915534656914,0.7396545089166644,0.6020241886167494,0.9420811658531342,0.09266666666666666
1237,test,moderate_dysplastic,Abnormal,moderate,0.30047576568539996,0.524740227610094,1.1041124414367518,0.35195637573841415,0.02406730682686615,0.42389293360283414,0.43142099233446635,0.7671625767725563,0.9326257498846331,216.16784160791957,0.7933297481731076,0.6897063471244386,0.9487432009487441,0.07570509648688768
1238,test,moderate_dysplastic,Abnormal,moderate,0.35880758807588076,0.5537332757876564,1.2408123791102514,0.35946610701022425,0.018496464613043585,0.4197928730404744,0.42832707475253157,0.8533218404539477,0.7426282051282052,290.9423858661663,0.7729453063319118,0.6295162170410943,0.9365807411776708,0.07380233059991369
1239,test,moderate_dysplastic,Abnormal,moderate,0.2610180517157261,0.6884735202492211,2.21,0.3238066928104576,0.018595811297095734,0.4556704610069687,0.3864502384313726,0.6408318547672164,0.9532765788952683,123.7509833916084,0.841066720396109,0.7316780398592461,0.958483299896024,0.09470404984423676
1240,test,normal_columnar,Normal,none,0.18852848101265823,0.7767519932857743,3.4793233082706765,0.5931025883200389,0.024296281870416263,0.28729865350573,0.6833366681409405,0.554412416920913,0.9643868878996358,294.0455414012739,0.8612025391180888,0.8062123533260475,0.9609467271390768,0.1535879143936215
1241,test,normal_columnar,Normal,none,0.4341957255343082,0.6080111598246313,1.5510930350788001,0.5359416538454123,0.03213086977791309,0.32953743999359925,0.6554143513063588,0.30404120234872195,0.7275627084239524,968.3626421697288,0.6618274405445524,0.5498295515304563,0.9122640161353661,0.07572738142686329
1242,test,normal_columnar,Normal,none,0.5025817555938038,0.5387527036770007,1.1680343884329816,0.533355524767284,0.037861252446322054,0.32900641915161327,0.6591981935345456,0.6629806006297168,0.7325059413783997,1237.0898587933252,0.613045054706942,0.4774648676134578,0.8938938299072946,0.10003604902667627
1243,test,normal_columnar,Normal,none,0.5025817555938038,0.5387527036770007,1.1680343884329816,0.533355524767284,0.037861252446322054,0.32900641915161327,0.6591981935345456,0.6629806006297168,0.7325059413783997,1237.0898587933252,0.613045054706942,0.4774648676134578,0.8938938299072946,0.10003604902667627
1244,test,normal_columnar,Normal,none,0.294179477072658,0.5104957570343903,1.042883211678832,0.5524421024822878,0.025203167310655816,0.317215728248238,0.6249101166451982,0.9191993216200747,0.7302674494455317,522.8357558139535,0.7837929044390732,0.6950150760374386,0.9442572414025108,0.04935238945958017
1245,test,normal_columnar,Normal,none,0.294179477072658,0.5104957570343903,1.042883211678832,0.5524421024822878,0.025203167310655816,0.317215728248238,0.6249101166451982,0.9191993216200747,0.7302674494455317,522.8357558139535,0.7837929044390732,0.6950150760374386,0.9442572414025108,0.04935238945958017
1246,test,normal_columnar,Normal,none,0.22272727272727272,0.6364795918367347,1.750877192982456,0.3880406124667636,0.020379361671065195,0.47161423560035176,0.48249225547528957,0.8708007782909547,0.8466522678185745,327.6499808208668,0.838567097812719,0.7648236671837512,0.9199500747573901,0.07993197278911565
1247,test,normal_columnar,Normal,none,0.22272727272727272,0.6364795918367347,1.750877192982456,0.3880406124667636,0.020379361671065195,0.47161423560035176,0.48249225547528957,0.8708007782909547,0.8466522678185745,327.6499808208668,0.838567097812719,0.7648236671837512,0.9199500747573901,0.07993197278911565
1248,test,normal_columnar,Normal,none,0.2865929941618015,0.46671516915241906,0.8751705320600273,0.4049968230097963,0.03555169118433959,0.4588555565247078,0.5631782895968755,0.6481179844641239,0.7780922728559299,659.5074343562164,0.78274846607798,0.6974325177345848,0.9001913204120021,0.07675518370316478
1249,test,normal_columnar,Normal,none,0.2865929941618015,0.46671516915241906,0.8751705320600273,0.4049968230097963,0.03555169118433959,0.4588555565247078,0.5631782895968755,0.6481179844641239,0.7780922728559299,659.5074343562164,0.78274846607798,0.6974325177345848,0.9001913204120021,0.07675518370316478
1250,test,normal_columnar,Normal,none,0.45708601743084504,0.5877720207253886,1.4258421317244847,0.536699262700849,0.030917110140069214,0.3223392515283889,0.6562293362513433,0.2980178748395842,0.7593641800440667,981.5694444444445,0.6487109948052172,0.5256839590127218,0.9130024068050284,0.0955440414507772
1251,test,normal_columnar,Normal,none,0.6374207188160677,0.3149332701571508,0.45971181556195967,0.5616518062029224,0.04729842812519175,0.3085146819491133,0.7056531965417868,0.6464444500349442,0.8956078930617442,987.6532401074126,0.541775871355384,0.3497384913191526,0.9270603063645536,0.1300639658848614
1252,test,normal_columnar,Normal,none,0.1733232284956423,0.7162221250546568,2.5238828967642526,0.40658878689937517,0.020264643845034656,0.4675396699271748,0.4788606785703496,0.9034621160863662,0.8349762687112084,289.1370114942528,0.8679372989600785,0.8157879292672126,0.9157940965367848,0.09619588981198077
1253,test,normal_columnar,Normal,none,0.47944727475748483,0.6266375545851528,1.6783625730994152,0.5040126317323678,0.02788206608151617,0.35206174020640735,0.6074354580132248,0.8242085412274307,0.7379954882371899,733.7523291925465,0.6416855146320667,0.505037909653355,0.9243718661039558,0.07641921397379912
1254,test,normal_columnar,Normal,none,0.7256153846153847,0.3754903000106011,0.601256153454422,0.3667532150884069,0.04885633764532538,0.4770065377541391,0.5551531739010321,0.6368007491227814,0.9205621157411925,581.5242635658915,0.47953851362746336,0.2629428397255246,0.9177514845722397,0.05947206615074738
1255,test,normal_columnar,Normal,none,0.5345297592003635,0.30259243518912027,0.43388177940280315,0.4004572119409562,0.06473770590513715,0.44003684950246585,0.6060835447061212,0.8723464121371898,0.8060979787598492,437.01385549066754,0.6001160045509197,0.45938066722377935,0.9579350321443514,0.09094772630684234
1256,test,normal_columnar,Normal,none,0.4338416133792425,0.5789871504157218,1.3752244165170557,0.37824979931398145,0.020515701991235695,0.47022884425486977,0.45003621079311434,0.45932930091355223,0.8179289026275116,318.133344459279,0.6971633809630147,0.5559915409249021,0.9409331755945434,0.047619047619047616
1257,test,normal_columnar,Normal,none,0.6053258281013206,0.34424177396280403,0.5249522770657213,0.4828058128851541,0.049331441444711056,0.36181936657888036,0.6684022680291096,0.9497448393081632,0.837878333832784,942.9401474309606,0.5693054978319071,0.3796171097801077,0.9217084132460329,0.07045779685264664
1258,test,normal_columnar,Normal,none,0.2698142414860681,0.6345381526104418,1.7362637362637363,0.43579826897847745,0.034063126478928174,0.41040952293269195,0.5359928032751561,0.7226098345550886,0.931587386424372,344.93458823529414,0.7784334230642939,0.7191551453126119,0.9409959306548018,0.14113597246127366
1259,test,normal_columnar,Normal,none,0.6672240802675585,0.3508771929824561,0.5405405405405406,0.3569696209150327,0.04447621660513108,0.4772383462230344,0.5281200630882984,0.7331871752850779,0.8952879581151832,701.6085972850678,0.47653011186401617,0.3162084995898824,0.9000488167599158,0.06411862990810359
1260,test,normal_columnar,Normal,none,0.2837413684871312,0.5901548672566371,1.4399460188933872,0.37842182185714024,0.03359642968772693,0.4691487561952683,0.551559641184409,0.9080959311314251,0.9248081841432225,348.8118168857912,0.775420996520774,0.7073666513554805,0.9379054394845273,0.16592920353982302
1261,test,normal_columnar,Normal,none,0.5226967499328499,0.5488180883864338,1.216400911161731,0.33709526327384887,0.026003206688655786,0.5162175288724474,0.4552892188128098,0.7727350593042293,0.7616438356164383,699.53022875817,0.6077752327626937,0.4491009925991408,0.8649311396631344,0.05601233299075026
1262,test,normal_columnar,Normal,none,0.2136015325670498,0.7764253683536195,3.4727793696275073,0.4321762201514269,0.028883678716373543,0.41575138958306707,0.5459494286195854,0.45754771755275203,0.9689633767846059,278.71834482758624,0.8336135272296714,0.7788411648388666,0.9401403752459225,0.2005124919923126
1263,test,normal_columnar,Normal,none,0.13376874697629415,0.8182640144665461,4.502487562189055,0.3495723375582277,0.027195470290831296,0.4914501262258683,0.4709347341722758,0.49002267740876576,0.9761694616063548,148.87549309664695,0.8939511523864309,0.8593786068171292,0.9306996841530744,0.2314647377938517
1264,test,normal_columnar,Normal,none,0.2934451219512195,0.7610389610389611,3.1847826086956523,0.35440772624863376,0.024737107886889674,0.4804692662716195,0.4615591190679171,0.6426609853806018,0.9521846661170651,367.7641411520499,0.7681341995442605,0.6901597931933346,0.908054466337791,0.1316017316017316
1265,test,normal_columnar,Normal,none,0.17173076923076924,0.7726763717805151,3.399014778325123,0.3042691878374539,0.02223243317254905,0.5328199209350536,0.4235507273254128,0.7642604587548004,0.95,249.70453648915188,0.8570555846624235,0.8148712945421781,0.8823458101559567,0.1769316909294513
1266,test,normal_columnar,Normal,none,0.3318662716885315,0.38102524866105586,0.61557478368356,0.3408625519069743,0.043364648856931615,0.5026133779885119,0.5386300682679335,0.8633348024587529,0.8258213984835721,621.8523466940734,0.739769847609325,0.6522820205981812,0.9062532193496177,0.046671767406273906
1267,test,normal_columnar,Normal,none,0.6384985949417904,0.45048726815466833,0.8197940503432495,0.26302937098914936,0.013239798163556844,0.5161230810604834,0.31408385516220216,0.8912635703618466,0.7988448016072326,329.7340231284236,0.5965811611167404,0.338319625580022,0.87160686737436,0.03175102169129205
1268,test,normal_columnar,Normal,none,0.4682716836734694,0.5471569628873,1.2082706766917293,0.35984210158985813,0.04753777951868491,0.4725549403023728,0.5340719310039806,0.9530775856841004,0.8341380289690429,429.42728587497993,0.6479006203084874,0.5213835031361169,0.9371053188452083,0.09703779366700716
1269,test,normal_columnar,Normal,none,0.6805218446601942,0.531431119037004,1.1341579448144625,0.350870287537834,0.043826597786886856,0.4737038751893006,0.5062641435794109,0.9627508637769072,0.9283940397350994,442.8697916666667,0.52094075356244,0.3069466893606333,0.9223895324554755,0.06330806954971022
1270,test,normal_columnar,Normal,none,0.28520441271901364,0.6632536973833902,1.9695945945945945,0.414860337671947,0.043616722422259564,0.45073614932021516,0.5826935969793322,0.9450833427810742,0.8550583657587548,390.8846973921601,0.7824734399591361,0.7075060225787942,0.9368393590050124,0.09726962457337884
1271,test,normal_columnar,Normal,none,0.44537815126050423,0.529874213836478,1.1270903010033444,0.2776153779019026,0.01678266933190868,0.5394601845866724,0.3422687428683849,0.6960868878568611,0.7979924717691342,323.2980631276901,0.6732830760046523,0.532666634595384,0.8952022491413109,0.05581761006289308
1272,test,normal_columnar,Normal,none,0.31374243733794294,0.7265840220385675,2.6574307304785894,0.29935436260570586,0.017477898290957295,0.5214212269736923,0.36882633476564436,0.9006332642201216,0.8466472303206997,217.7683566433567,0.7784497207404005,0.6721408617071949,0.9242696255213636,0.048209366391184574
1273,test,normal_columnar,Normal,none,0.2946949602122016,0.531953195319532,1.1365384615384615,0.26738822865863776,0.01758638015719355,0.5304440441550445,0.32707436802413276,0.6952988718891883,0.9423240033927057,193.14008620689657,0.7881155853772974,0.6891431025509906,0.9193972177155899,0.046804680468046804
1274,test,normal_columnar,Normal,none,0.22297044519266743,0.5257270693512305,1.1084905660377358,0.3024167851481019,0.01896566003207459,0.524373871318331,0.3560993128005919,0.8445217500590141,0.7541121889498102,152.09750566893425,0.8410807778965038,0.766957130110812,0.9377841198168685,0.08445190156599552
1275,test,normal_columnar,Normal,none,0.2712820512820513,0.6219281663516069,1.645,0.26648103462661665,0.011626423548017937,0.5137183833767742,0.30872417647058825,0.5630192805704572,0.8765534382767192,164.47500000000002,0.8161354512747568,0.7132127910739982,0.9203761191359909,0.07466918714555766
1276,test,normal_columnar,Normal,none,0.6131434830230011,0.5998570918185067,1.4991071428571427,0.3453098973478612,0.04655705084400017,0.47063674078179074,0.5104066953781512,0.789207327985638,0.8165110851808635,667.3960285586792,0.52028579937577,0.37300567664371936,0.8873237258479312,0.05894962486602358
1277,test,normal_columnar,Normal,none,0.5732265446224256,0.7090818363273453,2.437392795883362,0.3272069169736861,0.04593875080681637,0.4914447496591661,0.5094432072108432,0.8475735100386823,0.969521044992743,599.1771929824562,0.5411420752819313,0.4128309649591252,0.8859271461605117,0.062375249500998
1278,test,normal_columnar,Normal,none,0.5032128514056224,0.387578901545382,0.6328634048098567,0.5306042551442142,0.035499603403509356,0.30651259656894425,0.6622815067446242,0.7403676029352081,0.8350296861747244,914.662883379247,0.6556581740192656,0.48071566511655545,0.9263154993776331,0.057897409852717116
1279,test,normal_columnar,Normal,none,0.4477127659574468,0.38042057740287516,0.6139980824544583,0.5520397407257719,0.03884265928448691,0.2920498229883032,0.6921210893914612,0.8538757195182376,0.8352684330653964,652.8306684491979,0.7007985597477001,0.5437249910266319,0.9513155522487227,0.10793631935368896
1280,test,normal_intermediate,Normal,none,0.03904962829013462,0.7080010290712632,2.424669603524229,0.31749583475832194,0.048637169730495936,0.43616518319985415,0.5386858847715297,0.8869371209678604,0.8007828594973218,44.08086671705719,0.9690987497031038,0.959971165675572,0.9430211039734898,0.29508618471829173
1281,test,normal_intermediate,Normal,none,0.21815832181282682,0.07590577214492354,0.0821407274895647,0.355801472545461,0.057727448812949264,0.532722901539874,0.6172228508541163,0.5181415066216182,0.8054368932038835,374.8523546625637,0.8434627903986188,0.7750689074511985,0.9537052652425544,0.04849152775864444
1282,test,normal_intermediate,Normal,none,0.8093913043478261,0.23119896862913622,0.30072666294019007,0.4097907892339091,0.07342456064128394,0.45238212899259317,0.5805047355297626,0.7413066572282603,0.9828414550446122,287.3291803278689,0.4540372055688359,0.18606123391101606,0.9563628303896765,0.06660936828534594
1283,test,normal_intermediate,Normal,none,0.42706783490384087,0.12378494623655914,0.14127233457687022,0.4064160893321888,0.07829571712012837,0.43245152836171724,0.6728882259002168,0.826723488763988,0.718368608064267,874.3818453368735,0.6731938806059037,0.560001660696838,0.9354912623275679,0.0935483870967742
1284,test,normal_intermediate,Normal,none,0.05097994788716438,0.22777777777777777,0.2949640287769784,0.3315574672405548,0.03989732917246144,0.2429678226949514,0.4514919430102977,0.9953403768325899,0.63950734249171,93.13786558864278,0.9567278341206252,0.9469560725569052,0.9175025173064659,0.4192592592592593
1285,test,normal_intermediate,Normal,none,0.656325283506669,0.030752014324082363,0.03172770516787512,0.33468735451094556,0.046373404899369274,0.2901453733068487,0.5777795376631233,0.7459643509856757,0.8821671141999684,621.423714832818,0.6348482421037973,0.33463482615084184,0.9358065840518759,0.1020367054610564
1286,test,normal_intermediate,Normal,none,0.7385656565656565,0.3132197270166033,0.45606977855663533,0.3959284793005492,0.051233474670640385,0.25960119300782347,0.5161481575749625,0.27947815195168507,0.9124466518581377,416.5419439935065,0.4923394127289643,0.2515326123545958,0.9319381430474809,0.08588856369156705
1287,test,normal_intermediate,Normal,none,0.4909090909090909,0.08752204585537919,0.09591688813723122,0.3724692132167728,0.07151543448161475,0.19130600656765823,0.5385750278081757,0.7359214516433048,0.6092884247288357,904.8561346362649,0.6642857242985398,0.48838554038689896,0.9006179145250147,0.1428020282186949
1288,test,normal_intermediate,Normal,none,0.6372130632047078,0.2611561508635883,0.3534659605934831,0.3986445525976621,0.056478544836450796,0.19406704771576747,0.5041111956004194,0.4571891791011625,0.8395726672782694,345.6931099873578,0.5506683174292067,0.3529352686900405,0.9510518313960882,0.08931970391258372
1289,test,normal_intermediate,Normal,none,0.15150240384615385,0.05011238926351977,0.05275612472160356,0.34960098556573027,0.0559206502148483,0.21027954581862932,0.5590878882538538,0.7914480254993044,0.8662238002519758,244.8577449947313,0.8850373353841785,0.8429166507285375,0.9516791610320464,0.16197276213142933
1290,test,normal_intermediate,Normal,none,0.5686538174211864,0.19780171658784376,0.24657459468311588,0.3770160328519276,0.06865082813851349,0.21351350987439724,0.5239557801018766,0.6656007944487655,0.7772634445200817,792.9572615353818,0.5739875999803005,0.41228737712837754,0.9026926706473991,0.12051147311262918
1291,test,normal_intermediate,Normal,none,0.5953894685755885,0.22239430496685142,0.28599881197805654,0.4056206212703774,0.0582561411069668,0.18016050237396053,0.5434914271815858,0.7550734652426266,0.8017951287525598,599.8081888841914,0.5760065308609252,0.39061897417691677,0.9298408587237091,0.12221497663297468
1292,test,normal_intermediate,Normal,none,0.6052576235541535,0.12275596479036367,0.13993365570280394,0.3832790337373303,0.0665808919919718,0.19229218979343052,0.5340903611269405,0.7956753189299853,0.8147492834141336,370.92255625879045,0.603041553686312,0.386972455577509,0.9564179462653832,0.10643965716933056
1293,test,normal_intermediate,Normal,none,0.5766320572276149,0.13411695754102632,0.15489038468769978,0.3751902068368012,0.07496694784634877,0.1854473573859435,0.555430616991203,0.537992553528117,0.7892275273680424,1070.130165912519,0.564990311275726,0.39955488653360793,0.8851519882502314,0.11519927064339672
1294,test,normal_intermediate,Normal,none,0.6097922246570895,0.17751971516986656,0.21583461445100735,0.4108217201242259,0.07194033608431007,0.1711988623376306,0.552551218021637,0.7613913715813992,0.878614237684549,719.4626798744446,0.5649514013253534,0.37440467691182805,0.9192604698265744,0.12388114331347952
1295,test,normal_intermediate,Normal,none,0.5216869535402023,0.026618468616496877,0.027346387575962187,0.3140220309852336,0.05315012875080678,0.25138414155811895,0.5863963302154083,0.33304409893092823,0.6787392134721816,1310.8902863777093,0.6391771588594222,0.45268549223229404,0.8808957696661288,0.1045021360499507
1296,test,normal_intermediate,Normal,none,0.6539109234404061,0.19228182115196127,0.23805558199295707,0.3989772378908585,0.06529797084758124,0.20506318682440172,0.5153670076344996,0.7776299454771702,0.8123429035330118,797.1449258923171,0.5459254656298757,0.32789143863491127,0.892385229595802,0.10180078027405685
1297,test,normal_intermediate,Normal,none,0.596470970302746,0.020306513409961684,0.02072741493938209,0.30504324006464556,0.05858735330664855,0.22322784818780167,0.5783412482458763,0.6100875163408895,0.908940943582976,508.2103764478764,0.6012574065790226,0.39389384010713424,0.9510632408693517,0.12875579753982658
1298,test,normal_intermediate,Normal,none,0.584813653779171,0.03797895572761564,0.03947830034876282,0.34352274079312856,0.06036409556920561,0.213810579853301,0.5465589620067438,0.5161131455158464,0.9095012820049836,260.141998602376,0.6406013831955544,0.4100729356855346,0.9720108163805115,0.11097875719674409
1299,test,normal_intermediate,Normal,none,0.7190901881623531,0.1361137567463699,0.1575598150906172,0.47495726684093725,0.0640799674805581,0.1305262787024439,0.5718570284717821,0.6809298366029971,0.9221417565485363,469.8418013021461,0.5317198941181049,0.27439674101281486,0.9435948947499762,0.10725683827092419
1300,test,normal_intermediate,Normal,none,0.6742963037163178,0.028695932060709597,0.029543716543461638,0.30852632323334855,0.06215616308971498,0.22234581555979946,0.5457936986799818,0.7460935144106037,0.9108109327079199,565.241577181208,0.5456437646346415,0.3129962965931153,0.9330707430222287,0.10094332615316051
1301,test,normal_intermediate,Normal,none,0.08854749330072587,0.10547965329807552,0.11791755624897356,0.3262412594898683,0.04806129945170402,0.2420440448546613,0.5306320355253286,0.9510313375713122,0.38984021533703683,305.5199718045112,0.9279295548822337,0.9036523592654521,0.8897255513600194,0.2448949610694873
1302,test,normal_intermediate,Normal,none,0.6226245505906522,0.03499985269422267,0.03626927186689055,0.32411273915626854,0.06948386552273361,0.22874780791946336,0.5458970699997904,0.39246824998736785,0.905653832813042,463.992428847748,0.5822366351474308,0.3671116958540369,0.9484873527822513,0.1110980172642371
1303,test,normal_intermediate,Normal,none,0.5919554509712215,0.1585639860744179,0.18844449661081605,0.4161057309127326,0.0678962947724106,0.1875145442692129,0.5546591711185487,0.5436372096409108,0.8967739078449173,430.99724105544306,0.580730163105909,0.39785123468016637,0.95290615631061,0.1281202933260907
1304,test,normal_intermediate,Normal,none,0.19046474358974358,0.4028887954003646,0.6747299201503053,0.5265654219474075,0.017548701660314442,0.13387723232823373,0.5665772929080823,0.8912888906661165,0.7750525324251866,320.00857380167724,0.8753940741242983,0.8022187643514335,0.947033408778503,0.05211985228813163
1305,test,normal_intermediate,Normal,none,0.3040749622867752,0.2782000318015583,0.38542538661497117,0.3980735347911455,0.051008286609492186,0.26925854223343115,0.5141850255410795,0.7969742322700316,0.8469805527123848,190.86918506024563,0.8084948235245171,0.690918865923066,0.9706998522523522,0.17032914612816027
1306,test,normal_intermediate,Normal,none,0.6089941972920696,0.022444550314964798,0.022959874370498727,0.33029417961524227,0.05849287670849388,0.36608174401904753,0.5781016643360654,0.4719572484529161,0.9008154117590959,721.426316044752,0.6675127353388737,0.3798773003907416,0.9293942070444896,0.10347519983060717
1307,test,normal_intermediate,Normal,none,0.07158088591644858,0.4018280297901151,0.6717600452744765,0.537479367659448,0.029056464105843272,0.2717180729292035,0.6156147701321616,0.5606627392674767,0.9720302731161566,101.6592105263158,0.9446160212645444,0.9262492550343431,0.9657532455016055,0.21834800270819227
1308,test,normal_intermediate,Normal,none,0.4319816699525763,0.20533695160560833,0.25839499146272055,0.28895072746118877,0.055579066945765906,0.41314335817863773,0.439364453304683,0.5091514376153193,0.8906018272698977,292.9166577625815,0.7183888246108896,0.5575813302147313,0.9472441639435659,0.1253032358866823
1309,test,normal_intermediate,Normal,none,0.5381932333449599,0.027738172391445236,0.028529529396080524,0.14676326186549388,0.05395511496282632,0.6102170184414207,0.4025386597691115,0.7382454777489673,0.9353404728227925,188.92739046730065,0.6548223796951185,0.4547426679591722,0.9636451575482651,0.10054007344998919
1310,test,normal_intermediate,Normal,none,0.07841785974278088,0.6204975863349425,1.6350293542074363,0.18558533131505148,0.0325709609032336,0.5729733962907688,0.3110368379315197,0.9600782416676866,0.8840135682240945,27.49570627409744,0.9460001849475831,0.9205488953467981,0.9501257891854339,0.06745884391632628
1311,test,normal_intermediate,Normal,none,0.4530946486383546,0.2191913248150639,0.28072347526511277,0.30513277521478394,0.06720653930617754,0.4180811425451904,0.42775648870044874,0.8110280560032186,0.9199953598082055,144.26650997477643,0.6984648939883426,0.5414148551508201,0.9732790024038516,0.08149798251513114
1312,test,normal_intermediate,Normal,none,0.5738583463905352,0.34668196747259705,0.5306480920654149,0.2038492328076077,0.05986165029722943,0.5439279374435985,0.35924556625218235,0.777433298579772,0.8111378590916386,233.9228837549082,0.5638028561234959,0.41507565579607303,0.933685371692943,0.11400419453128091
1313,test,normal_intermediate,Normal,none,0.5524212051684579,0.1387225112578149,0.16106598984771572,0.214888548352212,0.07483767492478395,0.5475569369298644,0.41385361891111777,0.6920759711188679,0.8594994739215391,241.66513605442177,0.5883337133451819,0.43991841091304434,0.9544167898742946,0.1072006295632405
1314,test,normal_intermediate,Normal,none,0.13089726308386568,0.20304454891426013,0.2547752808988764,0.2212765661413408,0.06612034896458711,0.48782585208675316,0.41736246566791513,0.9005224062337541,0.26575049080849544,314.8326032203374,0.8801235125885543,0.8572325419415396,0.8594552120597966,0.19797030072382657
1315,test,normal_intermediate,Normal,none,0.5936468646864687,0.22248783877692843,0.2861535161417182,0.17533092120606364,0.06511435222291334,0.5625805009714719,0.3840149684161677,0.6336377975028862,0.7835300779718605,583.2013576158939,0.527077903272954,0.38173551824253865,0.8644769223329029,0.09653926337734538
1316,test,normal_intermediate,Normal,none,0.5329050925925926,0.09386877484090958,0.10359291483904988,0.24169974630481533,0.07894520815141043,0.43602993025529624,0.4311199464980019,0.6345332104948819,0.8142286199335078,532.4159758504586,0.6010499119230485,0.44840200342871456,0.9083349420845965,0.09973285841495994
1317,test,normal_intermediate,Normal,none,0.5701037050573348,0.11542591553810401,0.13048756182849275,0.2628784825565883,0.08476570035423092,0.4244834509657551,0.4507133554660065,0.7676568762930109,0.8640769976457554,463.04742098030226,0.5671558600036772,0.41544661236465513,0.9258373031917612,0.13137270614632582
1318,test,normal_intermediate,Normal,none,0.1160423106372118,0.3547165200391007,0.549706494982011,0.14928708394966667,0.05734634932241465,0.6041468437767301,0.35585637241906803,0.8634837606241453,0.5168950925282637,159.80403531971166,0.8998916767616978,0.8763921954120025,0.8715212620888847,0.21945259042033236
1319,test,normal_intermediate,Normal,none,0.5108364646590565,0.16705595258846087,0.20056083371698824,0.20481979279190812,0.07534336182461576,0.41792477358594504,0.3926780075549242,0.792435898797448,0.9144378207784756,235.7614823293748,0.6022572335504712,0.479069007324414,0.9496788397259265,0.11396200104584278
1320,test,normal_superficiel,Normal,none,0.41480124813458147,0.046279640228945214,0.04852537722908093,0.33637187556294607,0.05503389623088908,0.5112867780224489,0.6994724415664757,0.43881334929792565,0.7044930875576036,1028.0675804691762,0.6899818575559219,0.5707809490117385,0.9320451709484167,0.08656309621150177
1321,test,normal_superficiel,Normal,none,0.6980646059593428,0.3621222698713474,0.5676985616010006,0.46906959310080404,0.07479268534650776,0.4736454908445813,0.6071292308305436,0.496198632382846,0.8888002481939459,535.5239145658263,0.5133000333579723,0.2909478413917605,0.941089741312018,0.07739104418071208
1322,test,normal_superficiel,Normal,none,0.19266599597585513,0.22594120411466764,0.2918915272531031,0.29856812699103213,0.036043630478860854,0.28132968901851324,0.4103848955059628,0.9329365803204058,0.5373155266258908,221.15993744955614,0.8688738693212656,0.7982063495532645,0.927376168596016,0.11294449376011696
1323,test,normal_superficiel,Normal,none,0.475322265625,0.05475314856285826,0.05792470874630499,0.3633920965309201,0.0613771091588347,0.29514172493149077,0.5408554852267807,0.7829503672536884,0.8596887860536588,169.84301369863016,0.6831863564787384,0.5210012930594418,0.9816305416722149,0.13040083824707743
1324,test,normal_superficiel,Normal,none,0.7200653265965281,0.3063020189951601,0.4415495321919108,0.4571279103915541,0.04838978006677678,0.30340962448915565,0.539953508607892,0.6386910925022999,0.8697896025434402,415.528084876137,0.5617221357450507,0.27337818820629056,0.9416707617053331,0.11482149004677912
1325,test,normal_superficiel,Normal,none,0.27707519752974297,0.09243249887327407,0.10184641776894948,0.30426004450006955,0.03815537068037019,0.25055212895372553,0.48630875125365025,0.5612913106062363,0.4612143086604055,457.38669945131255,0.8187314540092369,0.7097953205142489,0.9214994066871325,0.14717089359609947
1326,test,normal_superficiel,Normal,none,0.6900611100749339,0.1828704071736331,0.223796089113727,0.49581083218263833,0.04875630668927744,0.23889699977541645,0.5748314016965869,0.39966850897350614,0.9349446661761318,308.76256817382125,0.5644164050698022,0.3063205448720964,0.9649350875497875,0.1266594591156971
1327,test,normal_superficiel,Normal,none,0.5168533389687235,0.06544881061900382,0.07003234425537899,0.4389010461016178,0.07897052506056244,0.30353956790486275,0.5824541072057193,0.4167105400385094,0.9408410842595518,223.467365967366,0.689874668824551,0.47904238733901267,0.9792019754382529,0.1547436515237803
1328,test,normal_superficiel,Normal,none,0.6190837696335079,0.39038648568649836,0.6403835815977942,0.5066242610966778,0.04229663065573524,0.2608815310253824,0.5736280484743884,0.7568441339763937,0.8300224624455987,429.1790470941753,0.6363667232098066,0.3729142121939833,0.9537467951042626,0.12757410461330287
1329,test,normal_superficiel,Normal,none,0.8314339804744051,0.2836972051075989,0.3960576548500195,0.45678452868120534,0.041545046761096896,0.29325671818650356,0.5334900537959165,0.47471930131956613,0.8556039422415769,232.5424702159345,0.4930635905919186,0.17160844825965835,0.953069279920256,0.08207206000535762
1330,test,normal_superficiel,Normal,none,0.7119934982003947,0.24183027852064445,0.3189658880715791,0.4812946707918501,0.054307545167571046,0.22945224533072758,0.5621076773473618,0.647921903545929,0.80300649486696,224.61167592495542,0.5671701314135342,0.28653401499981657,0.971846457508051,0.10325484312830213
1331,test,normal_superficiel,Normal,none,0.5726506288790025,0.14250089917276107,0.16618198087355293,0.4079700994744188,0.054410346821427334,0.36796480950365673,0.5176879745945691,0.6740174102782861,0.719672131147541,946.1794345110907,0.6308351520819755,0.40462546393851584,0.88355045331947,0.11804340007193383
1332,test,normal_superficiel,Normal,none,0.6758454723571002,0.06834725066960769,0.07336129337752824,0.3302277728057567,0.052519803061314554,0.4078605131992099,0.4955776440346822,0.8167455344673609,0.7468991974393372,697.9515970410912,0.5734884347008774,0.308972573747971,0.8979759304789101,0.08438632424767607
1333,test,normal_superficiel,Normal,none,0.8309787833012908,0.3686673070368419,0.5839509202453987,0.47853780827666986,0.03594561117860714,0.3056253555132634,0.550629130521673,0.44401767634398176,0.8439077113495516,428.42479407131975,0.5189720938085919,0.16821579624976862,0.916937124950496,0.09409310156064409
1334,test,normal_superficiel,Normal,none,0.7080137922834552,0.3733783953986313,0.5958594351948009,0.42208014366077007,0.044342238328736475,0.3687800424749441,0.4995027741836743,0.3210699997814869,0.9188365544111406,214.64702985809572,0.5827401803214741,0.2880425898570112,0.9648581028423863,0.09542801964818003
1335,test,normal_superficiel,Normal,none,0.7459729298543565,0.6674715419110038,2.0072614107883817,0.3128000667173329,0.034685972318683485,0.4752266878607007,0.41183026995362465,0.6405191549086,0.9013742926434923,251.4531185246581,0.48070712670531446,0.24626891725714906,0.9221075764636335,0.06409106588478786
1336,test,normal_superficiel,Normal,none,0.7314081875318499,0.412234660225742,0.701359253990833,0.3033366066832367,0.03246268297478646,0.4588883985369527,0.37755501991155244,0.7326679150084203,0.9033273192632065,185.80102424035505,0.532984317141668,0.2634366867787619,0.9428049085866338,0.06786195364392215
1337,test,normal_superficiel,Normal,none,0.8059111988816651,0.28441629955947134,0.397460561754521,0.3768867280906555,0.04610844319393717,0.4235724565178432,0.4742028139631382,0.6802481155621557,0.9297086981006502,266.3065285204991,0.47993994497047304,0.1908701044606717,0.9385652058108267,0.08012114537444934
1338,test,normal_superficiel,Normal,none,0.8100545481350435,0.29325155607323555,0.4149306002626632,0.37641974462223293,0.0393188411718201,0.42635594515288955,0.46374962729798747,0.5883302742927446,0.8888493456492551,390.26819741981296,0.48538357970475055,0.18326216816138802,0.9034871861805605,0.0852291340588942
1339,test,normal_superficiel,Normal,none,0.690885230255309,0.5474443101364186,1.2096728035867594,0.3479331746893221,0.03844317268642481,0.43623432021346914,0.452515516026882,0.8383160681366327,0.9203385116611705,250.12699125643795,0.5364474642740624,0.30171933417431546,0.9462254400389162,0.09195303056466932
1340,test,normal_superficiel,Normal,none,0.6500159300896636,0.44445611455379336,0.8000378119485757,0.32591043792136787,0.03495669814688081,0.46867937013699956,0.4035175173119412,0.7338954290526707,0.8246860112602858,213.302337270671,0.5557143631919372,0.34207348004785776,0.949060466343682,0.07464201939572174
1341,test,normal_superficiel,Normal,none,0.7414954984096178,0.46193834520866656,0.8585230727653537,0.38453543685200525,0.041546622540491594,0.40269135695709807,0.4780711646139437,0.6945458732067269,0.8637005871455933,321.2371368900702,0.47462058398950907,0.24968205798478213,0.9354662747828554,0.08499345644903301
1342,test,normal_superficiel,Normal,none,0.38340138551176767,0.2567607993299031,0.345461863554035,0.39986710117811536,0.03971877508227696,0.3936106004163628,0.4674169743231565,0.5931857830812497,0.45862144660300735,634.1623975881432,0.7329878690256537,0.5957554103705984,0.8984814745345284,0.09665549838458777
1343,test,normal_superficiel,Normal,none,0.40742743825491257,0.05368731563421829,0.05673316708229426,0.37053854422538246,0.0775787130513769,0.2735386832996515,0.5579225885347905,0.8112737916309628,0.6342153572723127,925.1030545848898,0.7270996022723917,0.5727207307655717,0.9028117938762952,0.11528392330383481
1344,test,normal_superficiel,Normal,none,0.5144990944425225,0.4341454732428905,0.7672386677384405,0.38595053371596894,0.0331440843795643,0.4479586969015725,0.4419101619379098,0.7176142183480565,0.6806935357940931,463.7316600149027,0.6633909195157834,0.4706709829601183,0.9187853555299925,0.07455602578807895
1345,test,normal_superficiel,Normal,none,0.7625625148844963,0.17487232244553036,0.21193365245463652,0.39578550037180543,0.06021952009320987,0.21133197805997048,0.5204888746281103,0.5365165383686138,0.8701782431460315,612.9680282442963,0.49989724312937667,0.22629957797048894,0.9002327938888555,0.10175625528162545
1346,test,normal_superficiel,Normal,none,0.5322103346232643,0.30713572854291415,0.44328411955347496,0.4893784427954774,0.03784733055015257,0.29061868634099913,0.5707930111389173,0.8381341477104752,0.8761750101495893,348.8795694016509,0.6906819957399124,0.4606035308842669,0.9640915400385769,0.12320002851439978
1347,test,normal_superficiel,Normal,none,0.608277541083384,0.287158009091169,0.40283542882351764,0.4687103777991858,0.035059241968200434,0.3001743546530505,0.5231706630902376,0.5681138913519294,0.768068684606348,590.0677942458587,0.6140687020220088,0.37879694440171646,0.9262418187286955,0.085980159524286
1348,test,normal_superficiel,Normal,none,0.6795012834616795,0.39397261198057204,0.6500904410741617,0.4862976606393596,0.035852573379798476,0.25756408948926507,0.5444927535282932,0.5919339124832007,0.8334996696700918,356.68154433406926,0.5778479115547498,0.3141153709514197,0.9539863596226246,0.08008971937398812
1349,test,normal_superficiel,Normal,none,0.6853882263174482,0.3820425943852856,0.6182345108482807,0.5079105685106933,0.039591667952530475,0.24508468237406797,0.5679180294017819,0.5543073434929761,0.8555662535847025,446.24124251497005,0.5718626604294763,0.30806306637767106,0.946883833012924,0.11136253630203291
1350,test,normal_superficiel,Normal,none,0.555085284323445,0.07208114853570856,0.07768044417026526,0.40303559060218747,0.06868945230771295,0.2706628859770092,0.5468095204751364,0.7672530458111473,0.7938669041862833,571.5812796571254,0.6475274661285861,0.432097420893256,0.938821672828203,0.12277608591120372
1351,test,normal_superficiel,Normal,none,0.5972648261758691,0.00773592980954419,0.007796240982563594,0.37337722344262736,0.04215546198394052,0.29940899255609305,0.6097088684995118,0.7718372771124484,0.9277531815203796,442.6614880182385,0.6785486155098763,0.39923488729614015,0.9615679606693132,0.11251872458805906
1352,test,normal_superficiel,Normal,none,0.13532075585244027,0.4340430262938462,0.7669187702583243,0.42115482752732236,0.027314145345577766,0.41385414722751407,0.49890043830202746,0.8571921848223334,0.7823005001087193,81.98864613666883,0.9169689959675711,0.8631258477450666,0.9750448593366912,0.22441492022902884
1353,test,normal_superficiel,Normal,none,0.5711300364989623,0.21105458373013883,0.26751481075586475,0.48484398564365483,0.05552102858605022,0.24493585057417805,0.5672763950045641,0.6703311716218961,0.9042126492782524,389.74493601882136,0.6478394368834824,0.42138418186969895,0.9598591712722463,0.1357951982356774
1354,test,normal_superficiel,Normal,none,0.1854165089459207,0.14562776454576387,0.1704500199123855,0.2875661264431006,0.04885032091994194,0.27593370421601715,0.4836067024308728,0.5697798115973087,0.5348693310038581,347.23638204949674,0.8600568849686814,0.8048412050478003,0.9169574264625471,0.16685947601224907
1355,test,normal_superficiel,Normal,none,0.623654803106221,0.486416344561016,0.9471024621008494,0.34787059704980866,0.04129574609713976,0.38946098768316223,0.4536308676486399,0.3740381392605047,0.8230508782693662,315.7235381583043,0.5404244393498794,0.3659100077800175,0.9395807086236753,0.09740474875759249
1356,test,normal_superficiel,Normal,none,0.6164104952647105,0.1431377981512732,0.16704879482657262,0.39296915051081144,0.0661725770334816,0.17126815246150817,0.531344394808129,0.7469286025831143,0.856831473768263,286.8220428767294,0.5753669083680468,0.37690616704452157,0.965384515652746,0.10445054529884391
1357,test,normal_superficiel,Normal,none,0.5877166766288106,0.19916094584286803,0.248690351462044,0.4158974487525126,0.06103867232219359,0.2336112409639784,0.530630152837463,0.65066586836515,0.7810390023035984,580.5760861414797,0.5721686653992952,0.398163078692968,0.9301705353732254,0.10101703534197813
1358,test,normal_superficiel,Normal,none,0.4646279703934554,0.1168776725077555,0.13234596031519985,0.38862012771823223,0.07409531418659704,0.17772357832208813,0.5433435033995243,0.765775162633237,0.7998256437768241,591.6177578007948,0.664589889777249,0.5213199552022564,0.9351180742898987,0.1127972946535871
1359,test,normal_superficiel,Normal,none,0.508572291389274,0.05244264507422402,0.05534508787421312,0.36292671207855254,0.06731135899337115,0.23461965509842625,0.5154033781542925,0.5307569570082223,0.6781987918725975,1178.9995866288202,0.6295488089513835,0.46128867542727,0.8602631152081514,0.0953306342780027
1360,test,severe_dysplastic,Abnormal,severe,0.25146876623636144,0.7840114431023522,3.629874908020603,0.2558740313932182,0.020402598083112736,0.4560570923392355,0.3456479527911238,0.7639543380719509,0.954200788595693,93.44331056649256,0.8469481917177266,0.7430706804985409,0.9508166074624687,0.08471074380165289
1361,test,severe_dysplastic,Abnormal,severe,0.5556666666666666,0.7048590281943611,2.388211382113821,0.27382605390070924,0.016642130774241308,0.4601124023085677,0.34555404750518093,0.8065966794133097,0.7976076555023923,293.42491582491584,0.6470467543412441,0.4279150495884901,0.8973670958164586,0.04259148170365927
1362,test,severe_dysplastic,Abnormal,severe,0.5556666666666666,0.7048590281943611,2.388211382113821,0.27382605390070924,0.016642130774241308,0.4601124023085677,0.34555404750518093,0.8065966794133097,0.7976076555023923,293.42491582491584,0.6470467543412441,0.4279150495884901,0.8973670958164586,0.04259148170365927
1363,test,severe_dysplastic,Abnormal,severe,0.28793309438470727,0.66701244813278,2.0031152647975077,0.25393978471015155,0.019766864409025274,0.423357095086561,0.350747276281229,0.7447427583265346,0.9194086790653314,115.94558335845645,0.8140612686127714,0.7061646771614503,0.948546344130669,0.03734439834024896
1364,test,severe_dysplastic,Abnormal,severe,0.28793309438470727,0.66701244813278,2.0031152647975077,0.25393978471015155,0.019766864409025274,0.423357095086561,0.350747276281229,0.7447427583265346,0.9194086790653314,115.94558335845645,0.8140612686127714,0.7061646771614503,0.948546344130669,0.03734439834024896
1365,test,severe_dysplastic,Abnormal,severe,0.4046334079241806,0.710149642160052,2.4500561167227835,0.2901039957604664,0.019472979994009015,0.4518058328687171,0.3676323822098985,0.8318858074479848,0.8555524631227387,226.77637523252724,0.7594298435289746,0.5812680970106964,0.9273413625998022,0.04294079375406636
1366,test,severe_dysplastic,Abnormal,severe,0.4046334079241806,0.710149642160052,2.4500561167227835,0.2901039957604664,0.019472979994009015,0.4518058328687171,0.3676323822098985,0.8318858074479848,0.8555524631227387,226.77637523252724,0.7594298435289746,0.5812680970106964,0.9273413625998022,0.04294079375406636
1367,test,severe_dysplastic,Abnormal,severe,0.306635935849419,0.603194487942374,1.5201262825572217,0.29960407712825526,0.01660777449296909,0.45912634377456457,0.35602763421390654,0.6735113498992802,0.9597234746017433,126.78399845021309,0.8118108627015229,0.6846265463667723,0.9561463816291655,0.028499843407453804
1368,test,severe_dysplastic,Abnormal,severe,0.306635935849419,0.603194487942374,1.5201262825572217,0.29960407712825526,0.01660777449296909,0.45912634377456457,0.35602763421390654,0.6735113498992802,0.9597234746017433,126.78399845021309,0.8118108627015229,0.6846265463667723,0.9561463816291655,0.028499843407453804
1369,test,severe_dysplastic,Abnormal,severe,0.24239766081871345,0.6229191797346201,1.651951375559821,0.34990389726766,0.031004548615083543,0.42199835182832657,0.4637524177988534,0.7998293508549991,0.6982816711590296,204.59278229129865,0.8397049634571647,0.7502528726116446,0.9461359604255783,0.12907117008443908
1370,test,severe_dysplastic,Abnormal,severe,0.43105332167832167,0.47072243346007603,0.889367816091954,0.36463081250593943,0.03744291498124343,0.42336929744044477,0.4882208128615432,0.3790655772282783,0.8471118745973802,461.88437775816413,0.69467737582046,0.5551660184548084,0.9247708962419735,0.04106463878326996
1371,test,severe_dysplastic,Abnormal,severe,0.25523429710867396,0.7581380208333334,3.1345895020188426,0.4276814894888827,0.01951850473096771,0.35773477758939687,0.5067745282769904,0.6137212449126369,0.9594003747657714,193.31305513658458,0.8461883091032022,0.7379128693144457,0.961160961494885,0.11751302083333333
1372,test,severe_dysplastic,Abnormal,severe,0.3447422680412371,0.5218301435406698,1.091307066916823,0.34584335973931124,0.033616402803537074,0.4262600282461845,0.46947334387914014,0.6856364504074639,0.8467966573816156,349.9033635322296,0.76930884019521,0.642769460331509,0.9301072093083828,0.0861244019138756
1373,test,severe_dysplastic,Abnormal,severe,0.4312962962962963,0.6541434091884929,1.8913718187461204,0.304660150453355,0.034913233109061574,0.4418714391505433,0.4425263334185319,0.8254876463793116,0.8513982818497532,276.1973340790455,0.712528132936852,0.5593213618594938,0.9347635213194552,0.12129669386002576
1374,test,severe_dysplastic,Abnormal,severe,0.5155577623303542,0.5078651685393258,1.0319634703196348,0.25442524528395427,0.02620062271488494,0.38862422375360234,0.3727545011063786,0.8544984480793787,0.8917835671342685,189.67790950075138,0.6841948552404448,0.4748377757652918,0.9446853547756793,0.07768860353130017
1375,test,severe_dysplastic,Abnormal,severe,0.854629241726016,0.5943627450980392,1.4652567975830815,0.26659849055993534,0.02534411474799484,0.4075900842962035,0.37936417463420413,0.6607986538308981,0.9826589595375722,155.01234830743027,0.44904569879894374,0.14603887676758234,0.9214479339885903,0.0642156862745098
1376,test,severe_dysplastic,Abnormal,severe,0.8463414634146341,0.5345821325648416,1.1486068111455108,0.26688501664816866,0.02606611498758041,0.40721738151624304,0.3946157941952151,0.5826585783694871,0.8717376133984648,211.84036722389692,0.45619376681829127,0.15277894180899604,0.908861920374823,0.04482869036183157
1377,test,severe_dysplastic,Abnormal,severe,0.32998092595803713,0.5601681555438781,1.2735961768219832,0.2980393562152816,0.022556224752618353,0.4446454452809231,0.37587649635720477,0.6626623260280666,0.9572434607645876,191.71759747102212,0.7775421140767027,0.6578341898531872,0.9409813081180392,0.1045717288491855
1378,test,severe_dysplastic,Abnormal,severe,0.31816326530612243,0.6555484284797948,1.9031657355679703,0.2869055661716741,0.024070791101539066,0.4346305979638378,0.3790537934056304,0.8540237318976053,0.9599753694581281,258.9585921325052,0.7709090947329105,0.66632547883643,0.9126260996078748,0.07440667094291212
1379,test,severe_dysplastic,Abnormal,severe,0.47453765746448673,0.6133860491386613,1.5865595325054784,0.3350824872711516,0.028759993849408815,0.4262609190787515,0.44273925263896646,0.7809059299575842,0.859049005337215,390.72181571815725,0.682673484620951,0.5106414542610311,0.9182014915973671,0.12538830838746118
1380,test,severe_dysplastic,Abnormal,severe,0.27941176470588236,0.7381745502998002,2.8193384223918576,0.2512610256954767,0.013371782467209756,0.41486677021577945,0.3229282003692062,0.6767439922210862,0.9683870967741935,142.17721518987338,0.817065084564857,0.7085049055088086,0.9270336700307386,0.08527648234510327
1381,test,severe_dysplastic,Abnormal,severe,0.3734472049689441,0.7176715176715177,2.5419734904270985,0.2806966950673665,0.016546920332472268,0.43818995908667263,0.3476499188541396,0.7591040748956556,0.9431372549019608,216.38437303087585,0.746734059501819,0.6103401362986929,0.9220413301472935,0.0711018711018711
1382,test,severe_dysplastic,Abnormal,severe,0.2717948717948718,0.6502695417789758,1.859344894026975,0.3056813166717464,0.028125106654357947,0.41786639269290554,0.40595230042691455,0.58379793919512,0.8025959978366685,295.25807656395887,0.7928172944209578,0.7144491003946694,0.9041105385422292,0.15026954177897575
1383,test,severe_dysplastic,Abnormal,severe,0.23747680890538034,0.7610677083333334,3.1852861035422344,0.31189451081031216,0.018246056989109354,0.43972173303285234,0.39156160495805953,0.46899340315691523,0.9429097605893186,179.64097744360905,0.833373562305988,0.7520895860194438,0.9314744477125577,0.13736979166666666
1384,test,severe_dysplastic,Abnormal,severe,0.20021515658618216,0.688955223880597,2.214971209213052,0.2755904890066946,0.02288221442917668,0.4501521138805134,0.38036419856234244,0.8297657271062272,0.9517045454545454,119.98405219282347,0.8656445648065096,0.7928000875061404,0.9414962284074471,0.14925373134328357
1385,test,severe_dysplastic,Abnormal,severe,0.6484858352328232,0.6274165202108963,1.6839622641509433,0.30590387213709014,0.028689578314810817,0.4404859009307195,0.4368325812589186,0.6011719954949263,0.9077028258887876,336.9897824653922,0.5805878861309197,0.3394070986657101,0.9176941814746636,0.08184785337685162
1386,test,severe_dysplastic,Abnormal,severe,0.5310914992899168,0.6786362334065514,2.111738484398217,0.3213458224201586,0.027468583984687555,0.4543656736201965,0.4248209914051802,0.8041389722129689,0.9004213603921232,196.8505864354921,0.6853512092686508,0.460713276150333,0.9535961175712308,0.07439595072103906
1387,test,severe_dysplastic,Abnormal,severe,0.3501217285453439,0.7196870925684485,2.567441860465116,0.2957957033248082,0.015000786108026486,0.49099509149804516,0.36177797598419215,0.9497489606283466,0.9023529411764706,142.18494623655914,0.7917470735089667,0.6412072711979929,0.9517512732766596,0.08257279443720121
1388,test,severe_dysplastic,Abnormal,severe,0.30748546511627906,0.48286457102339875,0.9337294332723949,0.3216526123635945,0.019676912914114157,0.4704035836614845,0.37419088898447866,0.7057451344312899,0.9576731552738795,120.64136317098142,0.8258403999640288,0.6857265442353306,0.9643507222817267,0.047979201134483576
1389,test,severe_dysplastic,Abnormal,severe,0.47490504612045575,0.6349614395886889,1.7394366197183098,0.3015996136646291,0.020831876297791183,0.4772712526420254,0.3862877823805579,0.6754671470943012,0.8721973094170403,289.58086622807014,0.6869891530261469,0.5115170967422528,0.9215621390479264,0.056269637246501
1390,test,severe_dysplastic,Abnormal,severe,0.39789473684210525,0.6878306878306878,2.2033898305084745,0.2763214162895928,0.01968778599648646,0.4875006710013115,0.3430703364905284,0.7889479157318362,0.962444302991725,161.66090425531917,0.7440033916322915,0.5902893253256135,0.942291381793811,0.06580687830687831
1391,test,severe_dysplastic,Abnormal,severe,0.33731617647058826,0.7855196574542623,3.6624319419237747,0.31483805204143106,0.014719428931615642,0.46044398894492783,0.3753468460197146,0.61432828010806,0.9297864639884184,208.0954157782516,0.772894001847033,0.6487225643420269,0.9339036126063855,0.1047100038925652
1392,test,severe_dysplastic,Abnormal,severe,0.2132085855806274,0.6664945792462571,1.998452012383901,0.3264013663218967,0.019762054143372378,0.46760550498369396,0.4134644266375281,0.7972902927310683,0.9551282051282052,185.54626532887403,0.8411253787304462,0.777361157769087,0.9340646289715011,0.15436241610738255
1393,test,severe_dysplastic,Abnormal,severe,0.3310275689223058,0.5642035130224107,1.2946490618485058,0.3730988428951828,0.02674723295562105,0.43395086752846307,0.4602370268023818,0.6697853317578629,0.9254484304932735,303.34224924012153,0.7708947758220105,0.6563601512823831,0.9388511090409277,0.06359781950333132
1394,test,severe_dysplastic,Abnormal,severe,0.44332539827870354,0.7044609665427509,2.3836477987421385,0.2823709015239048,0.017587642060973893,0.4761990789250881,0.35667717625135315,0.7113571095547024,0.9569169960474309,168.6103728313031,0.7445153003432906,0.5466205529056373,0.9444677292745303,0.08261049153242461
1395,test,severe_dysplastic,Abnormal,severe,0.41468349975806096,0.48148933913227965,0.9286006546644845,0.3218214938938783,0.026547299407751784,0.47669264225352553,0.4037032184461346,0.5692211695796152,0.89304660856385,133.89225857940943,0.7462257375488929,0.5797931580079545,0.9687040348590092,0.04635621088363212
1396,test,severe_dysplastic,Abnormal,severe,0.5534922394678492,0.6169253880821232,1.6104575163398693,0.333535410618793,0.033064664178531024,0.43118343696650807,0.4682240840702294,0.4102336840688121,0.8276004973062577,511.57140852974186,0.5769200952458541,0.4286548609350624,0.9000530963589011,0.08813219829744617
1397,test,severe_dysplastic,Abnormal,severe,0.4591772151898734,0.5818056512749827,1.3912326961107448,0.27167033385825307,0.03259338116094102,0.4054789860005429,0.40086392777282315,0.9475989709005715,0.8246192316435553,208.26200623370016,0.7117634638142906,0.5319654238754008,0.9438717629548221,0.05251550654720882
1398,test,severe_dysplastic,Abnormal,severe,0.3683760683760684,0.6824245939675174,2.1488584474885846,0.3230757064406724,0.026745619172618806,0.4302019636974741,0.4101040888172621,0.7324009299527762,0.9655558667040045,223.52858683926644,0.7394402790306197,0.6203998571855728,0.941369299998123,0.11513921113689095
1399,test,severe_dysplastic,Abnormal,severe,0.18884057971014492,0.6745970836531082,2.07311320754717,0.3702322335987866,0.019830457212226822,0.395192900620976,0.45118697558268595,0.7522854426363478,0.9552785923753666,189.11736263736265,0.8651827997714673,0.803180103415451,0.9404694166272474,0.1435149654643131
