Model,Split,Threshold,Precision,Recall,F1,Specificity,Accuracy,TN,FP,FN,TP
RF + SMOTE | 26 Features,1,0.05,0.014285714285714285,0.16666666666666666,0.02631578947368421,0.7535714285714286,0.7412587412587412,211,69,5,1
RF + SMOTE | 26 Features,1,0.1,0.021739130434782608,0.16666666666666666,0.038461538461538464,0.8392857142857143,0.8251748251748252,235,45,5,1
RF + SMOTE | 26 Features,1,0.15,0.043478260869565216,0.16666666666666666,0.06896551724137931,0.9214285714285714,0.9055944055944056,258,22,5,1
RF + SMOTE | 26 Features,1,0.2,0.05263157894736842,0.16666666666666666,0.08,0.9357142857142857,0.9195804195804196,262,18,5,1
RF + SMOTE | 26 Features,1,0.25,0.09090909090909091,0.16666666666666666,0.11764705882352941,0.9642857142857143,0.9475524475524476,270,10,5,1
RF + SMOTE | 26 Features,1,0.3,0.125,0.16666666666666666,0.14285714285714285,0.975,0.958041958041958,273,7,5,1
RF + SMOTE | 26 Features,1,0.35,0.3333333333333333,0.16666666666666666,0.2222222222222222,0.9928571428571429,0.9755244755244755,278,2,5,1
RF + SMOTE | 26 Features,1,0.4,0.5,0.16666666666666666,0.25,0.9964285714285714,0.9790209790209791,279,1,5,1
RF + SMOTE | 26 Features,1,0.45,0.5,0.16666666666666666,0.25,0.9964285714285714,0.9790209790209791,279,1,5,1
RF + SMOTE | 26 Features,1,0.5,1.0,0.16666666666666666,0.2857142857142857,1.0,0.9825174825174825,280,0,5,1
RF + SMOTE | 26 Features,2,0.05,0.05660377358490566,0.5,0.1016949152542373,0.8214285714285714,0.8146853146853147,230,50,3,3
RF + SMOTE | 26 Features,2,0.1,0.09375,0.5,0.15789473684210525,0.8964285714285715,0.8881118881118881,251,29,3,3
RF + SMOTE | 26 Features,2,0.15,0.13636363636363635,0.5,0.21428571428571427,0.9321428571428572,0.9230769230769231,261,19,3,3
RF + SMOTE | 26 Features,2,0.2,0.15789473684210525,0.5,0.24,0.9428571428571428,0.9335664335664335,264,16,3,3
RF + SMOTE | 26 Features,2,0.25,0.2,0.5,0.2857142857142857,0.9571428571428572,0.9475524475524476,268,12,3,3
RF + SMOTE | 26 Features,2,0.3,0.25,0.5,0.3333333333333333,0.9678571428571429,0.958041958041958,271,9,3,3
RF + SMOTE | 26 Features,2,0.35,0.375,0.5,0.42857142857142855,0.9821428571428571,0.972027972027972,275,5,3,3
RF + SMOTE | 26 Features,2,0.4,0.4,0.3333333333333333,0.36363636363636365,0.9892857142857143,0.9755244755244755,277,3,4,2
RF + SMOTE | 26 Features,2,0.45,0.5,0.3333333333333333,0.4,0.9928571428571429,0.9790209790209791,278,2,4,2
RF + SMOTE | 26 Features,2,0.5,1.0,0.3333333333333333,0.5,1.0,0.986013986013986,280,0,4,2
RF + SMOTE | 26 Features,3,0.05,0.030303030303030304,0.3333333333333333,0.05555555555555555,0.7714285714285715,0.7622377622377622,216,64,4,2
RF + SMOTE | 26 Features,3,0.1,0.02857142857142857,0.16666666666666666,0.04878048780487805,0.8785714285714286,0.8636363636363636,246,34,5,1
RF + SMOTE | 26 Features,3,0.15,0.043478260869565216,0.16666666666666666,0.06896551724137931,0.9214285714285714,0.9055944055944056,258,22,5,1
RF + SMOTE | 26 Features,3,0.2,0.07692307692307693,0.16666666666666666,0.10526315789473684,0.9571428571428572,0.9405594405594405,268,12,5,1
RF + SMOTE | 26 Features,3,0.25,0.125,0.16666666666666666,0.14285714285714285,0.975,0.958041958041958,273,7,5,1
RF + SMOTE | 26 Features,3,0.3,0.2,0.16666666666666666,0.18181818181818182,0.9857142857142858,0.9685314685314685,276,4,5,1
RF + SMOTE | 26 Features,3,0.35,0.3333333333333333,0.16666666666666666,0.2222222222222222,0.9928571428571429,0.9755244755244755,278,2,5,1
RF + SMOTE | 26 Features,3,0.4,0.5,0.16666666666666666,0.25,0.9964285714285714,0.9790209790209791,279,1,5,1
RF + SMOTE | 26 Features,3,0.45,0.5,0.16666666666666666,0.25,0.9964285714285714,0.9790209790209791,279,1,5,1
RF + SMOTE | 26 Features,3,0.5,0.0,0.0,0.0,1.0,0.9790209790209791,280,0,6,0
RF + SMOTE | 26 Features,4,0.05,0.061224489795918366,0.5,0.10909090909090909,0.8357142857142857,0.8286713286713286,234,46,3,3
RF + SMOTE | 26 Features,4,0.1,0.08,0.3333333333333333,0.12903225806451613,0.9178571428571428,0.9055944055944056,257,23,4,2
RF + SMOTE | 26 Features,4,0.15,0.125,0.3333333333333333,0.18181818181818182,0.95,0.9370629370629371,266,14,4,2
RF + SMOTE | 26 Features,4,0.2,0.2,0.3333333333333333,0.25,0.9714285714285714,0.958041958041958,272,8,4,2
RF + SMOTE | 26 Features,4,0.25,0.2857142857142857,0.3333333333333333,0.3076923076923077,0.9821428571428571,0.9685314685314685,275,5,4,2
RF + SMOTE | 26 Features,4,0.3,0.6666666666666666,0.3333333333333333,0.4444444444444444,0.9964285714285714,0.9825174825174825,279,1,4,2
RF + SMOTE | 26 Features,4,0.35,0.6666666666666666,0.3333333333333333,0.4444444444444444,0.9964285714285714,0.9825174825174825,279,1,4,2
RF + SMOTE | 26 Features,4,0.4,0.6666666666666666,0.3333333333333333,0.4444444444444444,0.9964285714285714,0.9825174825174825,279,1,4,2
RF + SMOTE | 26 Features,4,0.45,1.0,0.3333333333333333,0.5,1.0,0.986013986013986,280,0,4,2
RF + SMOTE | 26 Features,4,0.5,0.0,0.0,0.0,1.0,0.9790209790209791,280,0,6,0
RF + SMOTE | 26 Features,5,0.05,0.046511627906976744,0.6666666666666666,0.08695652173913043,0.7071428571428572,0.7062937062937062,198,82,2,4
RF + SMOTE | 26 Features,5,0.1,0.06779661016949153,0.6666666666666666,0.12307692307692308,0.8035714285714286,0.8006993006993007,225,55,2,4
RF + SMOTE | 26 Features,5,0.15,0.09302325581395349,0.6666666666666666,0.16326530612244897,0.8607142857142858,0.8566433566433567,241,39,2,4
RF + SMOTE | 26 Features,5,0.2,0.07407407407407407,0.3333333333333333,0.12121212121212122,0.9107142857142857,0.8986013986013986,255,25,4,2
RF + SMOTE | 26 Features,5,0.25,0.1111111111111111,0.3333333333333333,0.16666666666666666,0.9428571428571428,0.9300699300699301,264,16,4,2
RF + SMOTE | 26 Features,5,0.3,0.15384615384615385,0.3333333333333333,0.21052631578947367,0.9607142857142857,0.9475524475524476,269,11,4,2
RF + SMOTE | 26 Features,5,0.35,0.16666666666666666,0.3333333333333333,0.2222222222222222,0.9642857142857143,0.951048951048951,270,10,4,2
RF + SMOTE | 26 Features,5,0.4,0.2857142857142857,0.3333333333333333,0.3076923076923077,0.9821428571428571,0.9685314685314685,275,5,4,2
RF + SMOTE | 26 Features,5,0.45,0.5,0.3333333333333333,0.4,0.9928571428571429,0.9790209790209791,278,2,4,2
RF + SMOTE | 26 Features,5,0.5,1.0,0.16666666666666666,0.2857142857142857,1.0,0.9825174825174825,280,0,5,1
RF + SMOTE | 26 Features,6,0.05,0.047619047619047616,0.5,0.08695652173913043,0.7857142857142857,0.7797202797202797,220,60,3,3
RF + SMOTE | 26 Features,6,0.1,0.09090909090909091,0.5,0.15384615384615385,0.8928571428571429,0.8846153846153846,250,30,3,3
RF + SMOTE | 26 Features,6,0.15,0.11538461538461539,0.5,0.1875,0.9178571428571428,0.9090909090909091,257,23,3,3
RF + SMOTE | 26 Features,6,0.2,0.1875,0.5,0.2727272727272727,0.9535714285714286,0.9440559440559441,267,13,3,3
RF + SMOTE | 26 Features,6,0.25,0.2222222222222222,0.3333333333333333,0.26666666666666666,0.975,0.9615384615384616,273,7,4,2
RF + SMOTE | 26 Features,6,0.3,0.2857142857142857,0.3333333333333333,0.3076923076923077,0.9821428571428571,0.9685314685314685,275,5,4,2
RF + SMOTE | 26 Features,6,0.35,0.2857142857142857,0.3333333333333333,0.3076923076923077,0.9821428571428571,0.9685314685314685,275,5,4,2
RF + SMOTE | 26 Features,6,0.4,0.2,0.16666666666666666,0.18181818181818182,0.9857142857142858,0.9685314685314685,276,4,5,1
RF + SMOTE | 26 Features,6,0.45,0.25,0.16666666666666666,0.2,0.9892857142857143,0.972027972027972,277,3,5,1
RF + SMOTE | 26 Features,6,0.5,0.3333333333333333,0.16666666666666666,0.2222222222222222,0.9928571428571429,0.9755244755244755,278,2,5,1
RF + SMOTE | 26 Features,7,0.05,0.028169014084507043,0.3333333333333333,0.05194805194805195,0.7535714285714286,0.7447552447552448,211,69,4,2
RF + SMOTE | 26 Features,7,0.1,0.04878048780487805,0.3333333333333333,0.0851063829787234,0.8607142857142858,0.8496503496503497,241,39,4,2
RF + SMOTE | 26 Features,7,0.15,0.043478260869565216,0.16666666666666666,0.06896551724137931,0.9214285714285714,0.9055944055944056,258,22,5,1
RF + SMOTE | 26 Features,7,0.2,0.07142857142857142,0.16666666666666666,0.1,0.9535714285714286,0.9370629370629371,267,13,5,1
RF + SMOTE | 26 Features,7,0.25,0.125,0.16666666666666666,0.14285714285714285,0.975,0.958041958041958,273,7,5,1
RF + SMOTE | 26 Features,7,0.3,0.25,0.16666666666666666,0.2,0.9892857142857143,0.972027972027972,277,3,5,1
RF + SMOTE | 26 Features,7,0.35,1.0,0.16666666666666666,0.2857142857142857,1.0,0.9825174825174825,280,0,5,1
RF + SMOTE | 26 Features,7,0.4,1.0,0.16666666666666666,0.2857142857142857,1.0,0.9825174825174825,280,0,5,1
RF + SMOTE | 26 Features,7,0.45,1.0,0.16666666666666666,0.2857142857142857,1.0,0.9825174825174825,280,0,5,1
RF + SMOTE | 26 Features,7,0.5,1.0,0.16666666666666666,0.2857142857142857,1.0,0.9825174825174825,280,0,5,1
RF + SMOTE | 26 Features,8,0.05,0.05555555555555555,0.6666666666666666,0.10256410256410256,0.7571428571428571,0.7552447552447552,212,68,2,4
RF + SMOTE | 26 Features,8,0.1,0.0975609756097561,0.6666666666666666,0.1702127659574468,0.8678571428571429,0.8636363636363636,243,37,2,4
RF + SMOTE | 26 Features,8,0.15,0.16,0.6666666666666666,0.25806451612903225,0.925,0.9195804195804196,259,21,2,4
RF + SMOTE | 26 Features,8,0.2,0.13636363636363635,0.5,0.21428571428571427,0.9321428571428572,0.9230769230769231,261,19,3,3
RF + SMOTE | 26 Features,8,0.25,0.25,0.5,0.3333333333333333,0.9678571428571429,0.958041958041958,271,9,3,3
RF + SMOTE | 26 Features,8,0.3,0.3333333333333333,0.5,0.4,0.9785714285714285,0.9685314685314685,274,6,3,3
RF + SMOTE | 26 Features,8,0.35,0.5,0.5,0.5,0.9892857142857143,0.9790209790209791,277,3,3,3
RF + SMOTE | 26 Features,8,0.4,0.6666666666666666,0.3333333333333333,0.4444444444444444,0.9964285714285714,0.9825174825174825,279,1,4,2
RF + SMOTE | 26 Features,8,0.45,1.0,0.16666666666666666,0.2857142857142857,1.0,0.9825174825174825,280,0,5,1
RF + SMOTE | 26 Features,8,0.5,0.0,0.0,0.0,1.0,0.9790209790209791,280,0,6,0
RF + SMOTE | 26 Features,9,0.05,0.02702702702702703,0.3333333333333333,0.05,0.7428571428571429,0.7342657342657343,208,72,4,2
RF + SMOTE | 26 Features,9,0.1,0.024390243902439025,0.16666666666666666,0.0425531914893617,0.8571428571428571,0.8426573426573427,240,40,5,1
RF + SMOTE | 26 Features,9,0.15,0.037037037037037035,0.16666666666666666,0.06060606060606061,0.9071428571428571,0.8916083916083916,254,26,5,1
RF + SMOTE | 26 Features,9,0.2,0.05263157894736842,0.16666666666666666,0.08,0.9357142857142857,0.9195804195804196,262,18,5,1
RF + SMOTE | 26 Features,9,0.25,0.1111111111111111,0.16666666666666666,0.13333333333333333,0.9714285714285714,0.9545454545454546,272,8,5,1
RF + SMOTE | 26 Features,9,0.3,0.14285714285714285,0.16666666666666666,0.15384615384615385,0.9785714285714285,0.9615384615384616,274,6,5,1
RF + SMOTE | 26 Features,9,0.35,0.16666666666666666,0.16666666666666666,0.16666666666666666,0.9821428571428571,0.965034965034965,275,5,5,1
RF + SMOTE | 26 Features,9,0.4,0.3333333333333333,0.16666666666666666,0.2222222222222222,0.9928571428571429,0.9755244755244755,278,2,5,1
RF + SMOTE | 26 Features,9,0.45,0.3333333333333333,0.16666666666666666,0.2222222222222222,0.9928571428571429,0.9755244755244755,278,2,5,1
RF + SMOTE | 26 Features,9,0.5,0.3333333333333333,0.16666666666666666,0.2222222222222222,0.9928571428571429,0.9755244755244755,278,2,5,1
RF + SMOTE | 26 Features,10,0.05,0.04081632653061224,0.3333333333333333,0.07272727272727272,0.8321428571428572,0.8216783216783217,233,47,4,2
RF + SMOTE | 26 Features,10,0.1,0.06896551724137931,0.3333333333333333,0.11428571428571428,0.9035714285714286,0.8916083916083916,253,27,4,2
RF + SMOTE | 26 Features,10,0.15,0.09523809523809523,0.3333333333333333,0.14814814814814814,0.9321428571428572,0.9195804195804196,261,19,4,2
RF + SMOTE | 26 Features,10,0.2,0.11764705882352941,0.3333333333333333,0.17391304347826086,0.9464285714285714,0.9335664335664335,265,15,4,2
RF + SMOTE | 26 Features,10,0.25,0.14285714285714285,0.3333333333333333,0.2,0.9571428571428572,0.9440559440559441,268,12,4,2
RF + SMOTE | 26 Features,10,0.3,0.18181818181818182,0.3333333333333333,0.23529411764705882,0.9678571428571429,0.9545454545454546,271,9,4,2
RF + SMOTE | 26 Features,10,0.35,0.2222222222222222,0.3333333333333333,0.26666666666666666,0.975,0.9615384615384616,273,7,4,2
RF + SMOTE | 26 Features,10,0.4,0.25,0.3333333333333333,0.2857142857142857,0.9785714285714285,0.965034965034965,274,6,4,2
RF + SMOTE | 26 Features,10,0.45,0.0,0.0,0.0,0.9821428571428571,0.9615384615384616,275,5,6,0
RF + SMOTE | 26 Features,10,0.5,0.0,0.0,0.0,0.9857142857142858,0.965034965034965,276,4,6,0
RF + SMOTE | 26 Features,11,0.05,0.046875,0.5,0.08571428571428572,0.7821428571428571,0.7762237762237763,219,61,3,3
RF + SMOTE | 26 Features,11,0.1,0.075,0.5,0.13043478260869565,0.8678571428571429,0.8601398601398601,243,37,3,3
RF + SMOTE | 26 Features,11,0.15,0.07407407407407407,0.3333333333333333,0.12121212121212122,0.9107142857142857,0.8986013986013986,255,25,4,2
RF + SMOTE | 26 Features,11,0.2,0.09523809523809523,0.3333333333333333,0.14814814814814814,0.9321428571428572,0.9195804195804196,261,19,4,2
RF + SMOTE | 26 Features,11,0.25,0.0625,0.16666666666666666,0.09090909090909091,0.9464285714285714,0.9300699300699301,265,15,5,1
RF + SMOTE | 26 Features,11,0.3,0.09090909090909091,0.16666666666666666,0.11764705882352941,0.9642857142857143,0.9475524475524476,270,10,5,1
RF + SMOTE | 26 Features,11,0.35,0.125,0.16666666666666666,0.14285714285714285,0.975,0.958041958041958,273,7,5,1
RF + SMOTE | 26 Features,11,0.4,0.3333333333333333,0.16666666666666666,0.2222222222222222,0.9928571428571429,0.9755244755244755,278,2,5,1
RF + SMOTE | 26 Features,11,0.45,0.3333333333333333,0.16666666666666666,0.2222222222222222,0.9928571428571429,0.9755244755244755,278,2,5,1
RF + SMOTE | 26 Features,11,0.5,0.5,0.16666666666666666,0.25,0.9964285714285714,0.9790209790209791,279,1,5,1
RF + SMOTE | 26 Features,12,0.05,0.04081632653061224,0.6666666666666666,0.07692307692307693,0.6642857142857143,0.6643356643356644,186,94,2,4
RF + SMOTE | 26 Features,12,0.1,0.05172413793103448,0.5,0.09375,0.8035714285714286,0.7972027972027972,225,55,3,3
RF + SMOTE | 26 Features,12,0.15,0.07692307692307693,0.5,0.13333333333333333,0.8714285714285714,0.8636363636363636,244,36,3,3
RF + SMOTE | 26 Features,12,0.2,0.125,0.5,0.2,0.925,0.916083916083916,259,21,3,3
RF + SMOTE | 26 Features,12,0.25,0.21428571428571427,0.5,0.3,0.9607142857142857,0.951048951048951,269,11,3,3
RF + SMOTE | 26 Features,12,0.3,0.3,0.5,0.375,0.975,0.965034965034965,273,7,3,3
RF + SMOTE | 26 Features,12,0.35,0.2857142857142857,0.3333333333333333,0.3076923076923077,0.9821428571428571,0.9685314685314685,275,5,4,2
RF + SMOTE | 26 Features,12,0.4,0.5,0.3333333333333333,0.4,0.9928571428571429,0.9790209790209791,278,2,4,2
RF + SMOTE | 26 Features,12,0.45,0.6666666666666666,0.3333333333333333,0.4444444444444444,0.9964285714285714,0.9825174825174825,279,1,4,2
RF + SMOTE | 26 Features,12,0.5,0.5,0.16666666666666666,0.25,0.9964285714285714,0.9790209790209791,279,1,5,1
RF + SMOTE | 26 Features,13,0.05,0.04918032786885246,0.5,0.08955223880597014,0.7928571428571428,0.7867132867132867,222,58,3,3
RF + SMOTE | 26 Features,13,0.1,0.02564102564102564,0.16666666666666666,0.044444444444444446,0.8642857142857143,0.8496503496503497,242,38,5,1
RF + SMOTE | 26 Features,13,0.15,0.034482758620689655,0.16666666666666666,0.05714285714285714,0.9,0.8846153846153846,252,28,5,1
RF + SMOTE | 26 Features,13,0.2,0.05263157894736842,0.16666666666666666,0.08,0.9357142857142857,0.9195804195804196,262,18,5,1
RF + SMOTE | 26 Features,13,0.25,0.0625,0.16666666666666666,0.09090909090909091,0.9464285714285714,0.9300699300699301,265,15,5,1
RF + SMOTE | 26 Features,13,0.3,0.07692307692307693,0.16666666666666666,0.10526315789473684,0.9571428571428572,0.9405594405594405,268,12,5,1
RF + SMOTE | 26 Features,13,0.35,0.1,0.16666666666666666,0.125,0.9678571428571429,0.951048951048951,271,9,5,1
RF + SMOTE | 26 Features,13,0.4,0.14285714285714285,0.16666666666666666,0.15384615384615385,0.9785714285714285,0.9615384615384616,274,6,5,1
RF + SMOTE | 26 Features,13,0.45,0.2,0.16666666666666666,0.18181818181818182,0.9857142857142858,0.9685314685314685,276,4,5,1
RF + SMOTE | 26 Features,13,0.5,0.25,0.16666666666666666,0.2,0.9892857142857143,0.972027972027972,277,3,5,1
RF + SMOTE | 26 Features,14,0.05,0.047058823529411764,0.6666666666666666,0.08791208791208792,0.7107142857142857,0.7097902097902098,199,81,2,4
RF + SMOTE | 26 Features,14,0.1,0.061224489795918366,0.5,0.10909090909090909,0.8357142857142857,0.8286713286713286,234,46,3,3
RF + SMOTE | 26 Features,14,0.15,0.09375,0.5,0.15789473684210525,0.8964285714285715,0.8881118881118881,251,29,3,3
RF + SMOTE | 26 Features,14,0.2,0.08,0.3333333333333333,0.12903225806451613,0.9178571428571428,0.9055944055944056,257,23,4,2
RF + SMOTE | 26 Features,14,0.25,0.1111111111111111,0.3333333333333333,0.16666666666666666,0.9428571428571428,0.9300699300699301,264,16,4,2
RF + SMOTE | 26 Features,14,0.3,0.14285714285714285,0.3333333333333333,0.2,0.9571428571428572,0.9440559440559441,268,12,4,2
RF + SMOTE | 26 Features,14,0.35,0.18181818181818182,0.3333333333333333,0.23529411764705882,0.9678571428571429,0.9545454545454546,271,9,4,2
RF + SMOTE | 26 Features,14,0.4,0.2,0.16666666666666666,0.18181818181818182,0.9857142857142858,0.9685314685314685,276,4,5,1
RF + SMOTE | 26 Features,14,0.45,0.3333333333333333,0.16666666666666666,0.2222222222222222,0.9928571428571429,0.9755244755244755,278,2,5,1
RF + SMOTE | 26 Features,14,0.5,0.5,0.16666666666666666,0.25,0.9964285714285714,0.9790209790209791,279,1,5,1
RF + SMOTE | 26 Features,15,0.05,0.04597701149425287,0.6666666666666666,0.08602150537634409,0.7035714285714286,0.7027972027972028,197,83,2,4
RF + SMOTE | 26 Features,15,0.1,0.08695652173913043,0.6666666666666666,0.15384615384615385,0.85,0.8461538461538461,238,42,2,4
RF + SMOTE | 26 Features,15,0.15,0.15384615384615385,0.6666666666666666,0.25,0.9214285714285714,0.916083916083916,258,22,2,4
RF + SMOTE | 26 Features,15,0.2,0.2222222222222222,0.6666666666666666,0.3333333333333333,0.95,0.9440559440559441,266,14,2,4
RF + SMOTE | 26 Features,15,0.25,0.2727272727272727,0.5,0.35294117647058826,0.9714285714285714,0.9615384615384616,272,8,3,3
RF + SMOTE | 26 Features,15,0.3,0.16666666666666666,0.16666666666666666,0.16666666666666666,0.9821428571428571,0.965034965034965,275,5,5,1
RF + SMOTE | 26 Features,15,0.35,0.2,0.16666666666666666,0.18181818181818182,0.9857142857142858,0.9685314685314685,276,4,5,1
RF + SMOTE | 26 Features,15,0.4,0.25,0.16666666666666666,0.2,0.9892857142857143,0.972027972027972,277,3,5,1
RF + SMOTE | 26 Features,15,0.45,0.3333333333333333,0.16666666666666666,0.2222222222222222,0.9928571428571429,0.9755244755244755,278,2,5,1
RF + SMOTE | 26 Features,15,0.5,0.0,0.0,0.0,0.9964285714285714,0.9755244755244755,279,1,6,0
RF + SMOTE | 26 Features,16,0.05,0.038461538461538464,0.3333333333333333,0.06896551724137931,0.8214285714285714,0.8111888111888111,230,50,4,2
RF + SMOTE | 26 Features,16,0.1,0.04,0.16666666666666666,0.06451612903225806,0.9142857142857143,0.8986013986013986,256,24,5,1
RF + SMOTE | 26 Features,16,0.15,0.045454545454545456,0.16666666666666666,0.07142857142857142,0.925,0.9090909090909091,259,21,5,1
RF + SMOTE | 26 Features,16,0.2,0.06666666666666667,0.16666666666666666,0.09523809523809523,0.95,0.9335664335664335,266,14,5,1
RF + SMOTE | 26 Features,16,0.25,0.1,0.16666666666666666,0.125,0.9678571428571429,0.951048951048951,271,9,5,1
RF + SMOTE | 26 Features,16,0.3,0.14285714285714285,0.16666666666666666,0.15384615384615385,0.9785714285714285,0.9615384615384616,274,6,5,1
RF + SMOTE | 26 Features,16,0.35,0.2,0.16666666666666666,0.18181818181818182,0.9857142857142858,0.9685314685314685,276,4,5,1
RF + SMOTE | 26 Features,16,0.4,0.2,0.16666666666666666,0.18181818181818182,0.9857142857142858,0.9685314685314685,276,4,5,1
RF + SMOTE | 26 Features,16,0.45,0.3333333333333333,0.16666666666666666,0.2222222222222222,0.9928571428571429,0.9755244755244755,278,2,5,1
RF + SMOTE | 26 Features,16,0.5,1.0,0.16666666666666666,0.2857142857142857,1.0,0.9825174825174825,280,0,5,1
RF + SMOTE | 26 Features,17,0.05,0.036585365853658534,0.5,0.06818181818181818,0.7178571428571429,0.7132867132867133,201,79,3,3
RF + SMOTE | 26 Features,17,0.1,0.045454545454545456,0.3333333333333333,0.08,0.85,0.8391608391608392,238,42,4,2
RF + SMOTE | 26 Features,17,0.15,0.07142857142857142,0.3333333333333333,0.11764705882352941,0.9071428571428571,0.8951048951048951,254,26,4,2
RF + SMOTE | 26 Features,17,0.2,0.1111111111111111,0.3333333333333333,0.16666666666666666,0.9428571428571428,0.9300699300699301,264,16,4,2
RF + SMOTE | 26 Features,17,0.25,0.15384615384615385,0.3333333333333333,0.21052631578947367,0.9607142857142857,0.9475524475524476,269,11,4,2
RF + SMOTE | 26 Features,17,0.3,0.2,0.3333333333333333,0.25,0.9714285714285714,0.958041958041958,272,8,4,2
RF + SMOTE | 26 Features,17,0.35,0.16666666666666666,0.16666666666666666,0.16666666666666666,0.9821428571428571,0.965034965034965,275,5,5,1
RF + SMOTE | 26 Features,17,0.4,0.2,0.16666666666666666,0.18181818181818182,0.9857142857142858,0.9685314685314685,276,4,5,1
RF + SMOTE | 26 Features,17,0.45,0.25,0.16666666666666666,0.2,0.9892857142857143,0.972027972027972,277,3,5,1
RF + SMOTE | 26 Features,17,0.5,0.3333333333333333,0.16666666666666666,0.2222222222222222,0.9928571428571429,0.9755244755244755,278,2,5,1
RF + SMOTE | 26 Features,18,0.05,0.0641025641025641,0.8333333333333334,0.11904761904761904,0.7392857142857143,0.7412587412587412,207,73,1,5
RF + SMOTE | 26 Features,18,0.1,0.0975609756097561,0.6666666666666666,0.1702127659574468,0.8678571428571429,0.8636363636363636,243,37,2,4
RF + SMOTE | 26 Features,18,0.15,0.09090909090909091,0.3333333333333333,0.14285714285714285,0.9285714285714286,0.916083916083916,260,20,4,2
RF + SMOTE | 26 Features,18,0.2,0.1111111111111111,0.3333333333333333,0.16666666666666666,0.9428571428571428,0.9300699300699301,264,16,4,2
RF + SMOTE | 26 Features,18,0.25,0.1111111111111111,0.3333333333333333,0.16666666666666666,0.9428571428571428,0.9300699300699301,264,16,4,2
RF + SMOTE | 26 Features,18,0.3,0.1,0.16666666666666666,0.125,0.9678571428571429,0.951048951048951,271,9,5,1
RF + SMOTE | 26 Features,18,0.35,0.0,0.0,0.0,0.975,0.9545454545454546,273,7,6,0
RF + SMOTE | 26 Features,18,0.4,0.0,0.0,0.0,0.9857142857142858,0.965034965034965,276,4,6,0
RF + SMOTE | 26 Features,18,0.45,0.0,0.0,0.0,0.9857142857142858,0.965034965034965,276,4,6,0
RF + SMOTE | 26 Features,18,0.5,0.0,0.0,0.0,0.9928571428571429,0.972027972027972,278,2,6,0
RF + SMOTE | 26 Features,19,0.05,0.0196078431372549,0.16666666666666666,0.03508771929824561,0.8214285714285714,0.8076923076923077,230,50,5,1
RF + SMOTE | 26 Features,19,0.1,0.030303030303030304,0.16666666666666666,0.05128205128205128,0.8857142857142857,0.8706293706293706,248,32,5,1
RF + SMOTE | 26 Features,19,0.15,0.038461538461538464,0.16666666666666666,0.0625,0.9107142857142857,0.8951048951048951,255,25,5,1
RF + SMOTE | 26 Features,19,0.2,0.05555555555555555,0.16666666666666666,0.08333333333333333,0.9392857142857143,0.9230769230769231,263,17,5,1
RF + SMOTE | 26 Features,19,0.25,0.1111111111111111,0.16666666666666666,0.13333333333333333,0.9714285714285714,0.9545454545454546,272,8,5,1
RF + SMOTE | 26 Features,19,0.3,0.14285714285714285,0.16666666666666666,0.15384615384615385,0.9785714285714285,0.9615384615384616,274,6,5,1
RF + SMOTE | 26 Features,19,0.35,0.2,0.16666666666666666,0.18181818181818182,0.9857142857142858,0.9685314685314685,276,4,5,1
RF + SMOTE | 26 Features,19,0.4,0.5,0.16666666666666666,0.25,0.9964285714285714,0.9790209790209791,279,1,5,1
RF + SMOTE | 26 Features,19,0.45,0.5,0.16666666666666666,0.25,0.9964285714285714,0.9790209790209791,279,1,5,1
RF + SMOTE | 26 Features,19,0.5,1.0,0.16666666666666666,0.2857142857142857,1.0,0.9825174825174825,280,0,5,1
RF + SMOTE | 26 Features,20,0.05,0.045454545454545456,0.6666666666666666,0.0851063829787234,0.7,0.6993006993006993,196,84,2,4
RF + SMOTE | 26 Features,20,0.1,0.09302325581395349,0.6666666666666666,0.16326530612244897,0.8607142857142858,0.8566433566433567,241,39,2,4
RF + SMOTE | 26 Features,20,0.15,0.11764705882352941,0.6666666666666666,0.2,0.8928571428571429,0.8881118881118881,250,30,2,4
RF + SMOTE | 26 Features,20,0.2,0.17391304347826086,0.6666666666666666,0.27586206896551724,0.9321428571428572,0.9265734265734266,261,19,2,4
RF + SMOTE | 26 Features,20,0.25,0.23529411764705882,0.6666666666666666,0.34782608695652173,0.9535714285714286,0.9475524475524476,267,13,2,4
RF + SMOTE | 26 Features,20,0.3,0.08333333333333333,0.16666666666666666,0.1111111111111111,0.9607142857142857,0.9440559440559441,269,11,5,1
RF + SMOTE | 26 Features,20,0.35,0.125,0.16666666666666666,0.14285714285714285,0.975,0.958041958041958,273,7,5,1
RF + SMOTE | 26 Features,20,0.4,0.14285714285714285,0.16666666666666666,0.15384615384615385,0.9785714285714285,0.9615384615384616,274,6,5,1
RF + SMOTE | 26 Features,20,0.45,0.2,0.16666666666666666,0.18181818181818182,0.9857142857142858,0.9685314685314685,276,4,5,1
RF + SMOTE | 26 Features,20,0.5,0.3333333333333333,0.16666666666666666,0.2222222222222222,0.9928571428571429,0.9755244755244755,278,2,5,1
RF + SMOTE | 26 Features,21,0.05,0.043478260869565216,0.5,0.08,0.7642857142857142,0.7587412587412588,214,66,3,3
RF + SMOTE | 26 Features,21,0.1,0.05714285714285714,0.3333333333333333,0.0975609756097561,0.8821428571428571,0.8706293706293706,247,33,4,2
RF + SMOTE | 26 Features,21,0.15,0.07692307692307693,0.3333333333333333,0.125,0.9142857142857143,0.9020979020979021,256,24,4,2
RF + SMOTE | 26 Features,21,0.2,0.08,0.3333333333333333,0.12903225806451613,0.9178571428571428,0.9055944055944056,257,23,4,2
RF + SMOTE | 26 Features,21,0.25,0.10526315789473684,0.3333333333333333,0.16,0.9392857142857143,0.9265734265734266,263,17,4,2
RF + SMOTE | 26 Features,21,0.3,0.09090909090909091,0.16666666666666666,0.11764705882352941,0.9642857142857143,0.9475524475524476,270,10,5,1
RF + SMOTE | 26 Features,21,0.35,0.16666666666666666,0.16666666666666666,0.16666666666666666,0.9821428571428571,0.965034965034965,275,5,5,1
RF + SMOTE | 26 Features,21,0.4,0.0,0.0,0.0,0.9892857142857143,0.9685314685314685,277,3,6,0
RF + SMOTE | 26 Features,21,0.45,0.0,0.0,0.0,0.9928571428571429,0.972027972027972,278,2,6,0
RF + SMOTE | 26 Features,21,0.5,0.0,0.0,0.0,0.9928571428571429,0.972027972027972,278,2,6,0
RF + SMOTE | 26 Features,22,0.05,0.030303030303030304,0.3333333333333333,0.05555555555555555,0.7714285714285715,0.7622377622377622,216,64,4,2
RF + SMOTE | 26 Features,22,0.1,0.05714285714285714,0.3333333333333333,0.0975609756097561,0.8821428571428571,0.8706293706293706,247,33,4,2
RF + SMOTE | 26 Features,22,0.15,0.1,0.3333333333333333,0.15384615384615385,0.9357142857142857,0.9230769230769231,262,18,4,2
RF + SMOTE | 26 Features,22,0.2,0.13333333333333333,0.3333333333333333,0.19047619047619047,0.9535714285714286,0.9405594405594405,267,13,4,2
RF + SMOTE | 26 Features,22,0.25,0.14285714285714285,0.3333333333333333,0.2,0.9571428571428572,0.9440559440559441,268,12,4,2
RF + SMOTE | 26 Features,22,0.3,0.125,0.16666666666666666,0.14285714285714285,0.975,0.958041958041958,273,7,5,1
RF + SMOTE | 26 Features,22,0.35,0.2,0.16666666666666666,0.18181818181818182,0.9857142857142858,0.9685314685314685,276,4,5,1
RF + SMOTE | 26 Features,22,0.4,0.0,0.0,0.0,0.9892857142857143,0.9685314685314685,277,3,6,0
RF + SMOTE | 26 Features,22,0.45,0.0,0.0,0.0,0.9892857142857143,0.9685314685314685,277,3,6,0
RF + SMOTE | 26 Features,22,0.5,0.0,0.0,0.0,0.9964285714285714,0.9755244755244755,279,1,6,0
RF + SMOTE | 26 Features,23,0.05,0.0392156862745098,0.3333333333333333,0.07017543859649122,0.825,0.8146853146853147,231,49,4,2
RF + SMOTE | 26 Features,23,0.1,0.08333333333333333,0.3333333333333333,0.13333333333333333,0.9214285714285714,0.9090909090909091,258,22,4,2
RF + SMOTE | 26 Features,23,0.15,0.10526315789473684,0.3333333333333333,0.16,0.9392857142857143,0.9265734265734266,263,17,4,2
RF + SMOTE | 26 Features,23,0.2,0.13333333333333333,0.3333333333333333,0.19047619047619047,0.9535714285714286,0.9405594405594405,267,13,4,2
RF + SMOTE | 26 Features,23,0.25,0.16666666666666666,0.3333333333333333,0.2222222222222222,0.9642857142857143,0.951048951048951,270,10,4,2
RF + SMOTE | 26 Features,23,0.3,0.25,0.3333333333333333,0.2857142857142857,0.9785714285714285,0.965034965034965,274,6,4,2
RF + SMOTE | 26 Features,23,0.35,0.2857142857142857,0.3333333333333333,0.3076923076923077,0.9821428571428571,0.9685314685314685,275,5,4,2
RF + SMOTE | 26 Features,23,0.4,0.4,0.3333333333333333,0.36363636363636365,0.9892857142857143,0.9755244755244755,277,3,4,2
RF + SMOTE | 26 Features,23,0.45,0.5,0.16666666666666666,0.25,0.9964285714285714,0.9790209790209791,279,1,5,1
RF + SMOTE | 26 Features,23,0.5,0.5,0.16666666666666666,0.25,0.9964285714285714,0.9790209790209791,279,1,5,1
RF + SMOTE | 26 Features,24,0.05,0.046511627906976744,0.6666666666666666,0.08695652173913043,0.7071428571428572,0.7062937062937062,198,82,2,4
RF + SMOTE | 26 Features,24,0.1,0.09090909090909091,0.6666666666666666,0.16,0.8571428571428571,0.8531468531468531,240,40,2,4
RF + SMOTE | 26 Features,24,0.15,0.14285714285714285,0.5,0.2222222222222222,0.9357142857142857,0.9265734265734266,262,18,3,3
RF + SMOTE | 26 Features,24,0.2,0.23076923076923078,0.5,0.3157894736842105,0.9642857142857143,0.9545454545454546,270,10,3,3
RF + SMOTE | 26 Features,24,0.25,0.25,0.3333333333333333,0.2857142857142857,0.9785714285714285,0.965034965034965,274,6,4,2
RF + SMOTE | 26 Features,24,0.3,0.3333333333333333,0.3333333333333333,0.3333333333333333,0.9857142857142858,0.972027972027972,276,4,4,2
RF + SMOTE | 26 Features,24,0.35,0.4,0.3333333333333333,0.36363636363636365,0.9892857142857143,0.9755244755244755,277,3,4,2
RF + SMOTE | 26 Features,24,0.4,0.5,0.16666666666666666,0.25,0.9964285714285714,0.9790209790209791,279,1,5,1
RF + SMOTE | 26 Features,24,0.45,1.0,0.16666666666666666,0.2857142857142857,1.0,0.9825174825174825,280,0,5,1
RF + SMOTE | 26 Features,24,0.5,1.0,0.16666666666666666,0.2857142857142857,1.0,0.9825174825174825,280,0,5,1
RF + SMOTE | 26 Features,25,0.05,0.061224489795918366,0.5,0.10909090909090909,0.8357142857142857,0.8286713286713286,234,46,3,3
RF + SMOTE | 26 Features,25,0.1,0.08695652173913043,0.3333333333333333,0.13793103448275862,0.925,0.9125874125874126,259,21,4,2
RF + SMOTE | 26 Features,25,0.15,0.0625,0.16666666666666666,0.09090909090909091,0.9464285714285714,0.9300699300699301,265,15,5,1
RF + SMOTE | 26 Features,25,0.2,0.0,0.0,0.0,0.9678571428571429,0.9475524475524476,271,9,6,0
RF + SMOTE | 26 Features,25,0.25,0.0,0.0,0.0,0.9678571428571429,0.9475524475524476,271,9,6,0
RF + SMOTE | 26 Features,25,0.3,0.0,0.0,0.0,0.9821428571428571,0.9615384615384616,275,5,6,0
RF + SMOTE | 26 Features,25,0.35,0.0,0.0,0.0,0.9892857142857143,0.9685314685314685,277,3,6,0
RF + SMOTE | 26 Features,25,0.4,0.0,0.0,0.0,0.9964285714285714,0.9755244755244755,279,1,6,0
RF + SMOTE | 26 Features,25,0.45,0.0,0.0,0.0,1.0,0.9790209790209791,280,0,6,0
RF + SMOTE | 26 Features,25,0.5,0.0,0.0,0.0,1.0,0.9790209790209791,280,0,6,0
RF + SMOTE | 26 Features,26,0.05,0.04040404040404041,0.6666666666666666,0.0761904761904762,0.6607142857142857,0.6608391608391608,185,95,2,4
RF + SMOTE | 26 Features,26,0.1,0.045454545454545456,0.5,0.08333333333333333,0.775,0.7692307692307693,217,63,3,3
RF + SMOTE | 26 Features,26,0.15,0.041666666666666664,0.3333333333333333,0.07407407407407407,0.8357142857142857,0.8251748251748252,234,46,4,2
RF + SMOTE | 26 Features,26,0.2,0.06666666666666667,0.3333333333333333,0.1111111111111111,0.9,0.8881118881118881,252,28,4,2
RF + SMOTE | 26 Features,26,0.25,0.08333333333333333,0.3333333333333333,0.13333333333333333,0.9214285714285714,0.9090909090909091,258,22,4,2
RF + SMOTE | 26 Features,26,0.3,0.09523809523809523,0.3333333333333333,0.14814814814814814,0.9321428571428572,0.9195804195804196,261,19,4,2
RF + SMOTE | 26 Features,26,0.35,0.14285714285714285,0.3333333333333333,0.2,0.9571428571428572,0.9440559440559441,268,12,4,2
RF + SMOTE | 26 Features,26,0.4,0.15384615384615385,0.3333333333333333,0.21052631578947367,0.9607142857142857,0.9475524475524476,269,11,4,2
RF + SMOTE | 26 Features,26,0.45,0.08333333333333333,0.16666666666666666,0.1111111111111111,0.9607142857142857,0.9440559440559441,269,11,5,1
RF + SMOTE | 26 Features,26,0.5,0.125,0.16666666666666666,0.14285714285714285,0.975,0.958041958041958,273,7,5,1
RF + SMOTE | 26 Features,27,0.05,0.037037037037037035,0.5,0.06896551724137931,0.7214285714285714,0.7167832167832168,202,78,3,3
RF + SMOTE | 26 Features,27,0.1,0.07142857142857142,0.5,0.125,0.8607142857142858,0.8531468531468531,241,39,3,3
RF + SMOTE | 26 Features,27,0.15,0.09523809523809523,0.3333333333333333,0.14814814814814814,0.9321428571428572,0.9195804195804196,261,19,4,2
RF + SMOTE | 26 Features,27,0.2,0.2,0.3333333333333333,0.25,0.9714285714285714,0.958041958041958,272,8,4,2
RF + SMOTE | 26 Features,27,0.25,0.2857142857142857,0.3333333333333333,0.3076923076923077,0.9821428571428571,0.9685314685314685,275,5,4,2
RF + SMOTE | 26 Features,27,0.3,0.3333333333333333,0.3333333333333333,0.3333333333333333,0.9857142857142858,0.972027972027972,276,4,4,2
RF + SMOTE | 26 Features,27,0.35,0.6666666666666666,0.3333333333333333,0.4444444444444444,0.9964285714285714,0.9825174825174825,279,1,4,2
RF + SMOTE | 26 Features,27,0.4,1.0,0.16666666666666666,0.2857142857142857,1.0,0.9825174825174825,280,0,5,1
RF + SMOTE | 26 Features,27,0.45,1.0,0.16666666666666666,0.2857142857142857,1.0,0.9825174825174825,280,0,5,1
RF + SMOTE | 26 Features,27,0.5,1.0,0.16666666666666666,0.2857142857142857,1.0,0.9825174825174825,280,0,5,1
RF + SMOTE | 26 Features,28,0.05,0.03389830508474576,0.3333333333333333,0.06153846153846154,0.7964285714285714,0.7867132867132867,223,57,4,2
RF + SMOTE | 26 Features,28,0.1,0.03225806451612903,0.16666666666666666,0.05405405405405406,0.8928571428571429,0.8776223776223776,250,30,5,1
RF + SMOTE | 26 Features,28,0.15,0.047619047619047616,0.16666666666666666,0.07407407407407407,0.9285714285714286,0.9125874125874126,260,20,5,1
RF + SMOTE | 26 Features,28,0.2,0.0625,0.16666666666666666,0.09090909090909091,0.9464285714285714,0.9300699300699301,265,15,5,1
RF + SMOTE | 26 Features,28,0.25,0.1,0.16666666666666666,0.125,0.9678571428571429,0.951048951048951,271,9,5,1
RF + SMOTE | 26 Features,28,0.3,0.125,0.16666666666666666,0.14285714285714285,0.975,0.958041958041958,273,7,5,1
RF + SMOTE | 26 Features,28,0.35,0.25,0.16666666666666666,0.2,0.9892857142857143,0.972027972027972,277,3,5,1
RF + SMOTE | 26 Features,28,0.4,0.3333333333333333,0.16666666666666666,0.2222222222222222,0.9928571428571429,0.9755244755244755,278,2,5,1
RF + SMOTE | 26 Features,28,0.45,0.5,0.16666666666666666,0.25,0.9964285714285714,0.9790209790209791,279,1,5,1
RF + SMOTE | 26 Features,28,0.5,0.5,0.16666666666666666,0.25,0.9964285714285714,0.9790209790209791,279,1,5,1
RF + SMOTE | 26 Features,29,0.05,0.05747126436781609,0.8333333333333334,0.10752688172043011,0.7071428571428572,0.7097902097902098,198,82,1,5
RF + SMOTE | 26 Features,29,0.1,0.09523809523809523,0.6666666666666666,0.16666666666666666,0.8642857142857143,0.8601398601398601,242,38,2,4
RF + SMOTE | 26 Features,29,0.15,0.07692307692307693,0.3333333333333333,0.125,0.9142857142857143,0.9020979020979021,256,24,4,2
RF + SMOTE | 26 Features,29,0.2,0.125,0.3333333333333333,0.18181818181818182,0.95,0.9370629370629371,266,14,4,2
RF + SMOTE | 26 Features,29,0.25,0.09090909090909091,0.16666666666666666,0.11764705882352941,0.9642857142857143,0.9475524475524476,270,10,5,1
RF + SMOTE | 26 Features,29,0.3,0.14285714285714285,0.16666666666666666,0.15384615384615385,0.9785714285714285,0.9615384615384616,274,6,5,1
RF + SMOTE | 26 Features,29,0.35,0.0,0.0,0.0,0.9857142857142858,0.965034965034965,276,4,6,0
RF + SMOTE | 26 Features,29,0.4,0.0,0.0,0.0,0.9892857142857143,0.9685314685314685,277,3,6,0
RF + SMOTE | 26 Features,29,0.45,0.0,0.0,0.0,0.9928571428571429,0.972027972027972,278,2,6,0
RF + SMOTE | 26 Features,29,0.5,0.0,0.0,0.0,0.9964285714285714,0.9755244755244755,279,1,6,0
RF + SMOTE | 26 Features,30,0.05,0.03076923076923077,0.3333333333333333,0.056338028169014086,0.775,0.7657342657342657,217,63,4,2
RF + SMOTE | 26 Features,30,0.1,0.02857142857142857,0.16666666666666666,0.04878048780487805,0.8785714285714286,0.8636363636363636,246,34,5,1
RF + SMOTE | 26 Features,30,0.15,0.05,0.16666666666666666,0.07692307692307693,0.9321428571428572,0.916083916083916,261,19,5,1
RF + SMOTE | 26 Features,30,0.2,0.0625,0.16666666666666666,0.09090909090909091,0.9464285714285714,0.9300699300699301,265,15,5,1
RF + SMOTE | 26 Features,30,0.25,0.0,0.0,0.0,0.9678571428571429,0.9475524475524476,271,9,6,0
RF + SMOTE | 26 Features,30,0.3,0.0,0.0,0.0,0.9785714285714285,0.958041958041958,274,6,6,0
RF + SMOTE | 26 Features,30,0.35,0.0,0.0,0.0,0.9892857142857143,0.9685314685314685,277,3,6,0
RF + SMOTE | 26 Features,30,0.4,0.0,0.0,0.0,0.9964285714285714,0.9755244755244755,279,1,6,0
RF + SMOTE | 26 Features,30,0.45,0.0,0.0,0.0,0.9964285714285714,0.9755244755244755,279,1,6,0
RF + SMOTE | 26 Features,30,0.5,0.0,0.0,0.0,1.0,0.9790209790209791,280,0,6,0
RF Class Weight | 26 Features,1,0.05,0.024390243902439025,0.3333333333333333,0.045454545454545456,0.7142857142857143,0.7062937062937062,200,80,4,2
RF Class Weight | 26 Features,1,0.1,0.02040816326530612,0.16666666666666666,0.03636363636363636,0.8285714285714286,0.8146853146853147,232,48,5,1
RF Class Weight | 26 Features,1,0.15,0.037037037037037035,0.16666666666666666,0.06060606060606061,0.9071428571428571,0.8916083916083916,254,26,5,1
RF Class Weight | 26 Features,1,0.2,0.06666666666666667,0.16666666666666666,0.09523809523809523,0.95,0.9335664335664335,266,14,5,1
RF Class Weight | 26 Features,1,0.25,0.09090909090909091,0.16666666666666666,0.11764705882352941,0.9642857142857143,0.9475524475524476,270,10,5,1
RF Class Weight | 26 Features,1,0.3,0.16666666666666666,0.16666666666666666,0.16666666666666666,0.9821428571428571,0.965034965034965,275,5,5,1
RF Class Weight | 26 Features,1,0.35,0.2,0.16666666666666666,0.18181818181818182,0.9857142857142858,0.9685314685314685,276,4,5,1
RF Class Weight | 26 Features,1,0.4,0.3333333333333333,0.16666666666666666,0.2222222222222222,0.9928571428571429,0.9755244755244755,278,2,5,1
RF Class Weight | 26 Features,1,0.45,0.5,0.16666666666666666,0.25,0.9964285714285714,0.9790209790209791,279,1,5,1
RF Class Weight | 26 Features,1,0.5,0.5,0.16666666666666666,0.25,0.9964285714285714,0.9790209790209791,279,1,5,1
RF Class Weight | 26 Features,2,0.05,0.057692307692307696,0.5,0.10344827586206896,0.825,0.8181818181818182,231,49,3,3
RF Class Weight | 26 Features,2,0.1,0.1111111111111111,0.5,0.18181818181818182,0.9142857142857143,0.9055944055944056,256,24,3,3
RF Class Weight | 26 Features,2,0.15,0.13636363636363635,0.5,0.21428571428571427,0.9321428571428572,0.9230769230769231,261,19,3,3
RF Class Weight | 26 Features,2,0.2,0.1875,0.5,0.2727272727272727,0.9535714285714286,0.9440559440559441,267,13,3,3
RF Class Weight | 26 Features,2,0.25,0.21428571428571427,0.5,0.3,0.9607142857142857,0.951048951048951,269,11,3,3
RF Class Weight | 26 Features,2,0.3,0.2,0.3333333333333333,0.25,0.9714285714285714,0.958041958041958,272,8,4,2
RF Class Weight | 26 Features,2,0.35,0.2222222222222222,0.3333333333333333,0.26666666666666666,0.975,0.9615384615384616,273,7,4,2
RF Class Weight | 26 Features,2,0.4,0.25,0.3333333333333333,0.2857142857142857,0.9785714285714285,0.965034965034965,274,6,4,2
RF Class Weight | 26 Features,2,0.45,0.2857142857142857,0.3333333333333333,0.3076923076923077,0.9821428571428571,0.9685314685314685,275,5,4,2
RF Class Weight | 26 Features,2,0.5,0.3333333333333333,0.3333333333333333,0.3333333333333333,0.9857142857142858,0.972027972027972,276,4,4,2
RF Class Weight | 26 Features,3,0.05,0.029850746268656716,0.3333333333333333,0.0547945205479452,0.7678571428571429,0.7587412587412588,215,65,4,2
RF Class Weight | 26 Features,3,0.1,0.05405405405405406,0.3333333333333333,0.09302325581395349,0.875,0.8636363636363636,245,35,4,2
RF Class Weight | 26 Features,3,0.15,0.05263157894736842,0.16666666666666666,0.08,0.9357142857142857,0.9195804195804196,262,18,5,1
RF Class Weight | 26 Features,3,0.2,0.06666666666666667,0.16666666666666666,0.09523809523809523,0.95,0.9335664335664335,266,14,5,1
RF Class Weight | 26 Features,3,0.25,0.125,0.16666666666666666,0.14285714285714285,0.975,0.958041958041958,273,7,5,1
RF Class Weight | 26 Features,3,0.3,0.25,0.16666666666666666,0.2,0.9892857142857143,0.972027972027972,277,3,5,1
RF Class Weight | 26 Features,3,0.35,0.3333333333333333,0.16666666666666666,0.2222222222222222,0.9928571428571429,0.9755244755244755,278,2,5,1
RF Class Weight | 26 Features,3,0.4,0.3333333333333333,0.16666666666666666,0.2222222222222222,0.9928571428571429,0.9755244755244755,278,2,5,1
RF Class Weight | 26 Features,3,0.45,0.0,0.0,0.0,0.9964285714285714,0.9755244755244755,279,1,6,0
RF Class Weight | 26 Features,3,0.5,0.0,0.0,0.0,0.9964285714285714,0.9755244755244755,279,1,6,0
RF Class Weight | 26 Features,4,0.05,0.037037037037037035,0.3333333333333333,0.06666666666666667,0.8142857142857143,0.8041958041958042,228,52,4,2
RF Class Weight | 26 Features,4,0.1,0.06896551724137931,0.3333333333333333,0.11428571428571428,0.9035714285714286,0.8916083916083916,253,27,4,2
RF Class Weight | 26 Features,4,0.15,0.11764705882352941,0.3333333333333333,0.17391304347826086,0.9464285714285714,0.9335664335664335,265,15,4,2
RF Class Weight | 26 Features,4,0.2,0.16666666666666666,0.3333333333333333,0.2222222222222222,0.9642857142857143,0.951048951048951,270,10,4,2
RF Class Weight | 26 Features,4,0.25,0.2222222222222222,0.3333333333333333,0.26666666666666666,0.975,0.9615384615384616,273,7,4,2
RF Class Weight | 26 Features,4,0.3,0.25,0.16666666666666666,0.2,0.9892857142857143,0.972027972027972,277,3,5,1
RF Class Weight | 26 Features,4,0.35,0.5,0.16666666666666666,0.25,0.9964285714285714,0.9790209790209791,279,1,5,1
RF Class Weight | 26 Features,4,0.4,0.5,0.16666666666666666,0.25,0.9964285714285714,0.9790209790209791,279,1,5,1
RF Class Weight | 26 Features,4,0.45,0.5,0.16666666666666666,0.25,0.9964285714285714,0.9790209790209791,279,1,5,1
RF Class Weight | 26 Features,4,0.5,1.0,0.16666666666666666,0.2857142857142857,1.0,0.9825174825174825,280,0,5,1
RF Class Weight | 26 Features,5,0.05,0.05063291139240506,0.6666666666666666,0.09411764705882353,0.7321428571428571,0.7307692307692307,205,75,2,4
RF Class Weight | 26 Features,5,0.1,0.08,0.6666666666666666,0.14285714285714285,0.8357142857142857,0.8321678321678322,234,46,2,4
RF Class Weight | 26 Features,5,0.15,0.09375,0.5,0.15789473684210525,0.8964285714285715,0.8881118881118881,251,29,3,3
RF Class Weight | 26 Features,5,0.2,0.13043478260869565,0.5,0.20689655172413793,0.9285714285714286,0.9195804195804196,260,20,3,3
RF Class Weight | 26 Features,5,0.25,0.15789473684210525,0.5,0.24,0.9428571428571428,0.9335664335664335,264,16,3,3
RF Class Weight | 26 Features,5,0.3,0.125,0.3333333333333333,0.18181818181818182,0.95,0.9370629370629371,266,14,4,2
RF Class Weight | 26 Features,5,0.35,0.18181818181818182,0.3333333333333333,0.23529411764705882,0.9678571428571429,0.9545454545454546,271,9,4,2
RF Class Weight | 26 Features,5,0.4,0.25,0.3333333333333333,0.2857142857142857,0.9785714285714285,0.965034965034965,274,6,4,2
RF Class Weight | 26 Features,5,0.45,0.25,0.16666666666666666,0.2,0.9892857142857143,0.972027972027972,277,3,5,1
RF Class Weight | 26 Features,5,0.5,0.3333333333333333,0.16666666666666666,0.2222222222222222,0.9928571428571429,0.9755244755244755,278,2,5,1
RF Class Weight | 26 Features,6,0.05,0.05357142857142857,0.5,0.0967741935483871,0.8107142857142857,0.8041958041958042,227,53,3,3
RF Class Weight | 26 Features,6,0.1,0.09090909090909091,0.5,0.15384615384615385,0.8928571428571429,0.8846153846153846,250,30,3,3
RF Class Weight | 26 Features,6,0.15,0.12,0.5,0.1935483870967742,0.9214285714285714,0.9125874125874126,258,22,3,3
RF Class Weight | 26 Features,6,0.2,0.15789473684210525,0.5,0.24,0.9428571428571428,0.9335664335664335,264,16,3,3
RF Class Weight | 26 Features,6,0.25,0.25,0.5,0.3333333333333333,0.9678571428571429,0.958041958041958,271,9,3,3
RF Class Weight | 26 Features,6,0.3,0.2857142857142857,0.3333333333333333,0.3076923076923077,0.9821428571428571,0.9685314685314685,275,5,4,2
RF Class Weight | 26 Features,6,0.35,0.3333333333333333,0.3333333333333333,0.3333333333333333,0.9857142857142858,0.972027972027972,276,4,4,2
RF Class Weight | 26 Features,6,0.4,0.2,0.16666666666666666,0.18181818181818182,0.9857142857142858,0.9685314685314685,276,4,5,1
RF Class Weight | 26 Features,6,0.45,0.3333333333333333,0.16666666666666666,0.2222222222222222,0.9928571428571429,0.9755244755244755,278,2,5,1
RF Class Weight | 26 Features,6,0.5,1.0,0.16666666666666666,0.2857142857142857,1.0,0.9825174825174825,280,0,5,1
RF Class Weight | 26 Features,7,0.05,0.02857142857142857,0.3333333333333333,0.05263157894736842,0.7571428571428571,0.7482517482517482,212,68,4,2
RF Class Weight | 26 Features,7,0.1,0.05714285714285714,0.3333333333333333,0.0975609756097561,0.8821428571428571,0.8706293706293706,247,33,4,2
RF Class Weight | 26 Features,7,0.15,0.047619047619047616,0.16666666666666666,0.07407407407407407,0.9285714285714286,0.9125874125874126,260,20,5,1
RF Class Weight | 26 Features,7,0.2,0.1,0.16666666666666666,0.125,0.9678571428571429,0.951048951048951,271,9,5,1
RF Class Weight | 26 Features,7,0.25,0.25,0.16666666666666666,0.2,0.9892857142857143,0.972027972027972,277,3,5,1
RF Class Weight | 26 Features,7,0.3,0.5,0.16666666666666666,0.25,0.9964285714285714,0.9790209790209791,279,1,5,1
RF Class Weight | 26 Features,7,0.35,0.5,0.16666666666666666,0.25,0.9964285714285714,0.9790209790209791,279,1,5,1
RF Class Weight | 26 Features,7,0.4,1.0,0.16666666666666666,0.2857142857142857,1.0,0.9825174825174825,280,0,5,1
RF Class Weight | 26 Features,7,0.45,1.0,0.16666666666666666,0.2857142857142857,1.0,0.9825174825174825,280,0,5,1
RF Class Weight | 26 Features,7,0.5,1.0,0.16666666666666666,0.2857142857142857,1.0,0.9825174825174825,280,0,5,1
RF Class Weight | 26 Features,8,0.05,0.07575757575757576,0.8333333333333334,0.1388888888888889,0.7821428571428571,0.7832167832167832,219,61,1,5
RF Class Weight | 26 Features,8,0.1,0.14285714285714285,0.6666666666666666,0.23529411764705882,0.9142857142857143,0.9090909090909091,256,24,2,4
RF Class Weight | 26 Features,8,0.15,0.17647058823529413,0.5,0.2608695652173913,0.95,0.9405594405594405,266,14,3,3
RF Class Weight | 26 Features,8,0.2,0.2,0.5,0.2857142857142857,0.9571428571428572,0.9475524475524476,268,12,3,3
RF Class Weight | 26 Features,8,0.25,0.15384615384615385,0.3333333333333333,0.21052631578947367,0.9607142857142857,0.9475524475524476,269,11,4,2
RF Class Weight | 26 Features,8,0.3,0.14285714285714285,0.16666666666666666,0.15384615384615385,0.9785714285714285,0.9615384615384616,274,6,5,1
RF Class Weight | 26 Features,8,0.35,0.25,0.16666666666666666,0.2,0.9892857142857143,0.972027972027972,277,3,5,1
RF Class Weight | 26 Features,8,0.4,0.5,0.16666666666666666,0.25,0.9964285714285714,0.9790209790209791,279,1,5,1
RF Class Weight | 26 Features,8,0.45,0.5,0.16666666666666666,0.25,0.9964285714285714,0.9790209790209791,279,1,5,1
RF Class Weight | 26 Features,8,0.5,0.5,0.16666666666666666,0.25,0.9964285714285714,0.9790209790209791,279,1,5,1
RF Class Weight | 26 Features,9,0.05,0.015625,0.16666666666666666,0.02857142857142857,0.775,0.7622377622377622,217,63,5,1
RF Class Weight | 26 Features,9,0.1,0.02631578947368421,0.16666666666666666,0.045454545454545456,0.8678571428571429,0.8531468531468531,243,37,5,1
RF Class Weight | 26 Features,9,0.15,0.04,0.16666666666666666,0.06451612903225806,0.9142857142857143,0.8986013986013986,256,24,5,1
RF Class Weight | 26 Features,9,0.2,0.058823529411764705,0.16666666666666666,0.08695652173913043,0.9428571428571428,0.9265734265734266,264,16,5,1
RF Class Weight | 26 Features,9,0.25,0.09090909090909091,0.16666666666666666,0.11764705882352941,0.9642857142857143,0.9475524475524476,270,10,5,1
RF Class Weight | 26 Features,9,0.3,0.2,0.16666666666666666,0.18181818181818182,0.9857142857142858,0.9685314685314685,276,4,5,1
RF Class Weight | 26 Features,9,0.35,0.25,0.16666666666666666,0.2,0.9892857142857143,0.972027972027972,277,3,5,1
RF Class Weight | 26 Features,9,0.4,0.25,0.16666666666666666,0.2,0.9892857142857143,0.972027972027972,277,3,5,1
RF Class Weight | 26 Features,9,0.45,0.5,0.16666666666666666,0.25,0.9964285714285714,0.9790209790209791,279,1,5,1
RF Class Weight | 26 Features,9,0.5,1.0,0.16666666666666666,0.2857142857142857,1.0,0.9825174825174825,280,0,5,1
RF Class Weight | 26 Features,10,0.05,0.038461538461538464,0.3333333333333333,0.06896551724137931,0.8214285714285714,0.8111888111888111,230,50,4,2
RF Class Weight | 26 Features,10,0.1,0.06060606060606061,0.3333333333333333,0.10256410256410256,0.8892857142857142,0.8776223776223776,249,31,4,2
RF Class Weight | 26 Features,10,0.15,0.08695652173913043,0.3333333333333333,0.13793103448275862,0.925,0.9125874125874126,259,21,4,2
RF Class Weight | 26 Features,10,0.2,0.1111111111111111,0.3333333333333333,0.16666666666666666,0.9428571428571428,0.9300699300699301,264,16,4,2
RF Class Weight | 26 Features,10,0.25,0.16666666666666666,0.3333333333333333,0.2222222222222222,0.9642857142857143,0.951048951048951,270,10,4,2
RF Class Weight | 26 Features,10,0.3,0.2222222222222222,0.3333333333333333,0.26666666666666666,0.975,0.9615384615384616,273,7,4,2
RF Class Weight | 26 Features,10,0.35,0.14285714285714285,0.16666666666666666,0.15384615384615385,0.9785714285714285,0.9615384615384616,274,6,5,1
RF Class Weight | 26 Features,10,0.4,0.0,0.0,0.0,0.9857142857142858,0.965034965034965,276,4,6,0
RF Class Weight | 26 Features,10,0.45,0.0,0.0,0.0,0.9892857142857143,0.9685314685314685,277,3,6,0
RF Class Weight | 26 Features,10,0.5,0.0,0.0,0.0,0.9892857142857143,0.9685314685314685,277,3,6,0
RF Class Weight | 26 Features,11,0.05,0.05172413793103448,0.5,0.09375,0.8035714285714286,0.7972027972027972,225,55,3,3
RF Class Weight | 26 Features,11,0.1,0.05555555555555555,0.3333333333333333,0.09523809523809523,0.8785714285714286,0.8671328671328671,246,34,4,2
RF Class Weight | 26 Features,11,0.15,0.08,0.3333333333333333,0.12903225806451613,0.9178571428571428,0.9055944055944056,257,23,4,2
RF Class Weight | 26 Features,11,0.2,0.0625,0.16666666666666666,0.09090909090909091,0.9464285714285714,0.9300699300699301,265,15,5,1
RF Class Weight | 26 Features,11,0.25,0.08333333333333333,0.16666666666666666,0.1111111111111111,0.9607142857142857,0.9440559440559441,269,11,5,1
RF Class Weight | 26 Features,11,0.3,0.1111111111111111,0.16666666666666666,0.13333333333333333,0.9714285714285714,0.9545454545454546,272,8,5,1
RF Class Weight | 26 Features,11,0.35,0.2,0.16666666666666666,0.18181818181818182,0.9857142857142858,0.9685314685314685,276,4,5,1
RF Class Weight | 26 Features,11,0.4,0.2,0.16666666666666666,0.18181818181818182,0.9857142857142858,0.9685314685314685,276,4,5,1
RF Class Weight | 26 Features,11,0.45,0.3333333333333333,0.16666666666666666,0.2222222222222222,0.9928571428571429,0.9755244755244755,278,2,5,1
RF Class Weight | 26 Features,11,0.5,0.5,0.16666666666666666,0.25,0.9964285714285714,0.9790209790209791,279,1,5,1
RF Class Weight | 26 Features,12,0.05,0.046511627906976744,0.6666666666666666,0.08695652173913043,0.7071428571428572,0.7062937062937062,198,82,2,4
RF Class Weight | 26 Features,12,0.1,0.07017543859649122,0.6666666666666666,0.12698412698412698,0.8107142857142857,0.8076923076923077,227,53,2,4
RF Class Weight | 26 Features,12,0.15,0.11428571428571428,0.6666666666666666,0.1951219512195122,0.8892857142857142,0.8846153846153846,249,31,2,4
RF Class Weight | 26 Features,12,0.2,0.18181818181818182,0.6666666666666666,0.2857142857142857,0.9357142857142857,0.9300699300699301,262,18,2,4
RF Class Weight | 26 Features,12,0.25,0.21428571428571427,0.5,0.3,0.9607142857142857,0.951048951048951,269,11,3,3
RF Class Weight | 26 Features,12,0.3,0.25,0.3333333333333333,0.2857142857142857,0.9785714285714285,0.965034965034965,274,6,4,2
RF Class Weight | 26 Features,12,0.35,0.3333333333333333,0.3333333333333333,0.3333333333333333,0.9857142857142858,0.972027972027972,276,4,4,2
RF Class Weight | 26 Features,12,0.4,0.4,0.3333333333333333,0.36363636363636365,0.9892857142857143,0.9755244755244755,277,3,4,2
RF Class Weight | 26 Features,12,0.45,0.5,0.3333333333333333,0.4,0.9928571428571429,0.9790209790209791,278,2,4,2
RF Class Weight | 26 Features,12,0.5,0.6666666666666666,0.3333333333333333,0.4444444444444444,0.9964285714285714,0.9825174825174825,279,1,4,2
RF Class Weight | 26 Features,13,0.05,0.028169014084507043,0.3333333333333333,0.05194805194805195,0.7535714285714286,0.7447552447552448,211,69,4,2
RF Class Weight | 26 Features,13,0.1,0.046511627906976744,0.3333333333333333,0.08163265306122448,0.8535714285714285,0.8426573426573427,239,41,4,2
RF Class Weight | 26 Features,13,0.15,0.041666666666666664,0.16666666666666666,0.06666666666666667,0.9178571428571428,0.9020979020979021,257,23,5,1
RF Class Weight | 26 Features,13,0.2,0.05,0.16666666666666666,0.07692307692307693,0.9321428571428572,0.916083916083916,261,19,5,1
RF Class Weight | 26 Features,13,0.25,0.07142857142857142,0.16666666666666666,0.1,0.9535714285714286,0.9370629370629371,267,13,5,1
RF Class Weight | 26 Features,13,0.3,0.09090909090909091,0.16666666666666666,0.11764705882352941,0.9642857142857143,0.9475524475524476,270,10,5,1
RF Class Weight | 26 Features,13,0.35,0.1111111111111111,0.16666666666666666,0.13333333333333333,0.9714285714285714,0.9545454545454546,272,8,5,1
RF Class Weight | 26 Features,13,0.4,0.16666666666666666,0.16666666666666666,0.16666666666666666,0.9821428571428571,0.965034965034965,275,5,5,1
RF Class Weight | 26 Features,13,0.45,0.16666666666666666,0.16666666666666666,0.16666666666666666,0.9821428571428571,0.965034965034965,275,5,5,1
RF Class Weight | 26 Features,13,0.5,0.25,0.16666666666666666,0.2,0.9892857142857143,0.972027972027972,277,3,5,1
RF Class Weight | 26 Features,14,0.05,0.06060606060606061,0.6666666666666666,0.1111111111111111,0.7785714285714286,0.7762237762237763,218,62,2,4
RF Class Weight | 26 Features,14,0.1,0.07894736842105263,0.5,0.13636363636363635,0.875,0.8671328671328671,245,35,3,3
RF Class Weight | 26 Features,14,0.15,0.13043478260869565,0.5,0.20689655172413793,0.9285714285714286,0.9195804195804196,260,20,3,3
RF Class Weight | 26 Features,14,0.2,0.125,0.3333333333333333,0.18181818181818182,0.95,0.9370629370629371,266,14,4,2
RF Class Weight | 26 Features,14,0.25,0.16666666666666666,0.3333333333333333,0.2222222222222222,0.9642857142857143,0.951048951048951,270,10,4,2
RF Class Weight | 26 Features,14,0.3,0.25,0.3333333333333333,0.2857142857142857,0.9785714285714285,0.965034965034965,274,6,4,2
RF Class Weight | 26 Features,14,0.35,0.16666666666666666,0.16666666666666666,0.16666666666666666,0.9821428571428571,0.965034965034965,275,5,5,1
RF Class Weight | 26 Features,14,0.4,0.3333333333333333,0.16666666666666666,0.2222222222222222,0.9928571428571429,0.9755244755244755,278,2,5,1
RF Class Weight | 26 Features,14,0.45,1.0,0.16666666666666666,0.2857142857142857,1.0,0.9825174825174825,280,0,5,1
RF Class Weight | 26 Features,14,0.5,1.0,0.16666666666666666,0.2857142857142857,1.0,0.9825174825174825,280,0,5,1
RF Class Weight | 26 Features,15,0.05,0.06451612903225806,0.6666666666666666,0.11764705882352941,0.7928571428571428,0.7902097902097902,222,58,2,4
RF Class Weight | 26 Features,15,0.1,0.10256410256410256,0.6666666666666666,0.17777777777777778,0.875,0.8706293706293706,245,35,2,4
RF Class Weight | 26 Features,15,0.15,0.14285714285714285,0.5,0.2222222222222222,0.9357142857142857,0.9265734265734266,262,18,3,3
RF Class Weight | 26 Features,15,0.2,0.125,0.3333333333333333,0.18181818181818182,0.95,0.9370629370629371,266,14,4,2
RF Class Weight | 26 Features,15,0.25,0.2,0.3333333333333333,0.25,0.9714285714285714,0.958041958041958,272,8,4,2
RF Class Weight | 26 Features,15,0.3,0.14285714285714285,0.16666666666666666,0.15384615384615385,0.9785714285714285,0.9615384615384616,274,6,5,1
RF Class Weight | 26 Features,15,0.35,0.16666666666666666,0.16666666666666666,0.16666666666666666,0.9821428571428571,0.965034965034965,275,5,5,1
RF Class Weight | 26 Features,15,0.4,0.25,0.16666666666666666,0.2,0.9892857142857143,0.972027972027972,277,3,5,1
RF Class Weight | 26 Features,15,0.45,0.5,0.16666666666666666,0.25,0.9964285714285714,0.9790209790209791,279,1,5,1
RF Class Weight | 26 Features,15,0.5,0.5,0.16666666666666666,0.25,0.9964285714285714,0.9790209790209791,279,1,5,1
RF Class Weight | 26 Features,16,0.05,0.028985507246376812,0.3333333333333333,0.05333333333333334,0.7607142857142857,0.7517482517482518,213,67,4,2
RF Class Weight | 26 Features,16,0.1,0.02631578947368421,0.16666666666666666,0.045454545454545456,0.8678571428571429,0.8531468531468531,243,37,5,1
RF Class Weight | 26 Features,16,0.15,0.05263157894736842,0.16666666666666666,0.08,0.9357142857142857,0.9195804195804196,262,18,5,1
RF Class Weight | 26 Features,16,0.2,0.08333333333333333,0.16666666666666666,0.1111111111111111,0.9607142857142857,0.9440559440559441,269,11,5,1
RF Class Weight | 26 Features,16,0.25,0.09090909090909091,0.16666666666666666,0.11764705882352941,0.9642857142857143,0.9475524475524476,270,10,5,1
RF Class Weight | 26 Features,16,0.3,0.1111111111111111,0.16666666666666666,0.13333333333333333,0.9714285714285714,0.9545454545454546,272,8,5,1
RF Class Weight | 26 Features,16,0.35,0.14285714285714285,0.16666666666666666,0.15384615384615385,0.9785714285714285,0.9615384615384616,274,6,5,1
RF Class Weight | 26 Features,16,0.4,0.2,0.16666666666666666,0.18181818181818182,0.9857142857142858,0.9685314685314685,276,4,5,1
RF Class Weight | 26 Features,16,0.45,0.25,0.16666666666666666,0.2,0.9892857142857143,0.972027972027972,277,3,5,1
RF Class Weight | 26 Features,16,0.5,0.3333333333333333,0.16666666666666666,0.2222222222222222,0.9928571428571429,0.9755244755244755,278,2,5,1
RF Class Weight | 26 Features,17,0.05,0.041666666666666664,0.5,0.07692307692307693,0.7535714285714286,0.7482517482517482,211,69,3,3
RF Class Weight | 26 Features,17,0.1,0.07894736842105263,0.5,0.13636363636363635,0.875,0.8671328671328671,245,35,3,3
RF Class Weight | 26 Features,17,0.15,0.07142857142857142,0.3333333333333333,0.11764705882352941,0.9071428571428571,0.8951048951048951,254,26,4,2
RF Class Weight | 26 Features,17,0.2,0.10526315789473684,0.3333333333333333,0.16,0.9392857142857143,0.9265734265734266,263,17,4,2
RF Class Weight | 26 Features,17,0.25,0.2222222222222222,0.3333333333333333,0.26666666666666666,0.975,0.9615384615384616,273,7,4,2
RF Class Weight | 26 Features,17,0.3,0.16666666666666666,0.16666666666666666,0.16666666666666666,0.9821428571428571,0.965034965034965,275,5,5,1
RF Class Weight | 26 Features,17,0.35,0.2,0.16666666666666666,0.18181818181818182,0.9857142857142858,0.9685314685314685,276,4,5,1
RF Class Weight | 26 Features,17,0.4,0.2,0.16666666666666666,0.18181818181818182,0.9857142857142858,0.9685314685314685,276,4,5,1
RF Class Weight | 26 Features,17,0.45,0.3333333333333333,0.16666666666666666,0.2222222222222222,0.9928571428571429,0.9755244755244755,278,2,5,1
RF Class Weight | 26 Features,17,0.5,0.5,0.16666666666666666,0.25,0.9964285714285714,0.9790209790209791,279,1,5,1
RF Class Weight | 26 Features,18,0.05,0.07936507936507936,0.8333333333333334,0.14492753623188406,0.7928571428571428,0.7937062937062938,222,58,1,5
RF Class Weight | 26 Features,18,0.1,0.07894736842105263,0.5,0.13636363636363635,0.875,0.8671328671328671,245,35,3,3
RF Class Weight | 26 Features,18,0.15,0.125,0.5,0.2,0.925,0.916083916083916,259,21,3,3
RF Class Weight | 26 Features,18,0.2,0.17647058823529413,0.5,0.2608695652173913,0.95,0.9405594405594405,266,14,3,3
RF Class Weight | 26 Features,18,0.25,0.18181818181818182,0.3333333333333333,0.23529411764705882,0.9678571428571429,0.9545454545454546,271,9,4,2
RF Class Weight | 26 Features,18,0.3,0.25,0.3333333333333333,0.2857142857142857,0.9785714285714285,0.965034965034965,274,6,4,2
RF Class Weight | 26 Features,18,0.35,0.0,0.0,0.0,0.9821428571428571,0.9615384615384616,275,5,6,0
RF Class Weight | 26 Features,18,0.4,0.0,0.0,0.0,0.9821428571428571,0.9615384615384616,275,5,6,0
RF Class Weight | 26 Features,18,0.45,0.0,0.0,0.0,0.9928571428571429,0.972027972027972,278,2,6,0
RF Class Weight | 26 Features,18,0.5,0.0,0.0,0.0,0.9928571428571429,0.972027972027972,278,2,6,0
RF Class Weight | 26 Features,19,0.05,0.04285714285714286,0.5,0.07894736842105263,0.7607142857142857,0.7552447552447552,213,67,3,3
RF Class Weight | 26 Features,19,0.1,0.03571428571428571,0.16666666666666666,0.058823529411764705,0.9035714285714286,0.8881118881118881,253,27,5,1
RF Class Weight | 26 Features,19,0.15,0.09090909090909091,0.16666666666666666,0.11764705882352941,0.9642857142857143,0.9475524475524476,270,10,5,1
RF Class Weight | 26 Features,19,0.2,0.16666666666666666,0.16666666666666666,0.16666666666666666,0.9821428571428571,0.965034965034965,275,5,5,1
RF Class Weight | 26 Features,19,0.25,0.25,0.16666666666666666,0.2,0.9892857142857143,0.972027972027972,277,3,5,1
RF Class Weight | 26 Features,19,0.3,0.25,0.16666666666666666,0.2,0.9892857142857143,0.972027972027972,277,3,5,1
RF Class Weight | 26 Features,19,0.35,0.25,0.16666666666666666,0.2,0.9892857142857143,0.972027972027972,277,3,5,1
RF Class Weight | 26 Features,19,0.4,0.25,0.16666666666666666,0.2,0.9892857142857143,0.972027972027972,277,3,5,1
RF Class Weight | 26 Features,19,0.45,0.3333333333333333,0.16666666666666666,0.2222222222222222,0.9928571428571429,0.9755244755244755,278,2,5,1
RF Class Weight | 26 Features,19,0.5,0.5,0.16666666666666666,0.25,0.9964285714285714,0.9790209790209791,279,1,5,1
RF Class Weight | 26 Features,20,0.05,0.05,0.6666666666666666,0.09302325581395349,0.7285714285714285,0.7272727272727273,204,76,2,4
RF Class Weight | 26 Features,20,0.1,0.09090909090909091,0.6666666666666666,0.16,0.8571428571428571,0.8531468531468531,240,40,2,4
RF Class Weight | 26 Features,20,0.15,0.12903225806451613,0.6666666666666666,0.21621621621621623,0.9035714285714286,0.8986013986013986,253,27,2,4
RF Class Weight | 26 Features,20,0.2,0.17647058823529413,0.5,0.2608695652173913,0.95,0.9405594405594405,266,14,3,3
RF Class Weight | 26 Features,20,0.25,0.16666666666666666,0.3333333333333333,0.2222222222222222,0.9642857142857143,0.951048951048951,270,10,4,2
RF Class Weight | 26 Features,20,0.3,0.16666666666666666,0.16666666666666666,0.16666666666666666,0.9821428571428571,0.965034965034965,275,5,5,1
RF Class Weight | 26 Features,20,0.35,0.2,0.16666666666666666,0.18181818181818182,0.9857142857142858,0.9685314685314685,276,4,5,1
RF Class Weight | 26 Features,20,0.4,0.2,0.16666666666666666,0.18181818181818182,0.9857142857142858,0.9685314685314685,276,4,5,1
RF Class Weight | 26 Features,20,0.45,0.3333333333333333,0.16666666666666666,0.2222222222222222,0.9928571428571429,0.9755244755244755,278,2,5,1
RF Class Weight | 26 Features,20,0.5,0.3333333333333333,0.16666666666666666,0.2222222222222222,0.9928571428571429,0.9755244755244755,278,2,5,1
RF Class Weight | 26 Features,21,0.05,0.04477611940298507,0.5,0.0821917808219178,0.7714285714285715,0.7657342657342657,216,64,3,3
RF Class Weight | 26 Features,21,0.1,0.06976744186046512,0.5,0.12244897959183673,0.8571428571428571,0.8496503496503497,240,40,3,3
RF Class Weight | 26 Features,21,0.15,0.1111111111111111,0.5,0.18181818181818182,0.9142857142857143,0.9055944055944056,256,24,3,3
RF Class Weight | 26 Features,21,0.2,0.15789473684210525,0.5,0.24,0.9428571428571428,0.9335664335664335,264,16,3,3
RF Class Weight | 26 Features,21,0.25,0.125,0.3333333333333333,0.18181818181818182,0.95,0.9370629370629371,266,14,4,2
RF Class Weight | 26 Features,21,0.3,0.2,0.3333333333333333,0.25,0.9714285714285714,0.958041958041958,272,8,4,2
RF Class Weight | 26 Features,21,0.35,0.25,0.3333333333333333,0.2857142857142857,0.9785714285714285,0.965034965034965,274,6,4,2
RF Class Weight | 26 Features,21,0.4,0.16666666666666666,0.16666666666666666,0.16666666666666666,0.9821428571428571,0.965034965034965,275,5,5,1
RF Class Weight | 26 Features,21,0.45,0.0,0.0,0.0,0.9964285714285714,0.9755244755244755,279,1,6,0
RF Class Weight | 26 Features,21,0.5,0.0,0.0,0.0,1.0,0.9790209790209791,280,0,6,0
RF Class Weight | 26 Features,22,0.05,0.04918032786885246,0.5,0.08955223880597014,0.7928571428571428,0.7867132867132867,222,58,3,3
RF Class Weight | 26 Features,22,0.1,0.06060606060606061,0.3333333333333333,0.10256410256410256,0.8892857142857142,0.8776223776223776,249,31,4,2
RF Class Weight | 26 Features,22,0.15,0.10526315789473684,0.3333333333333333,0.16,0.9392857142857143,0.9265734265734266,263,17,4,2
RF Class Weight | 26 Features,22,0.2,0.13333333333333333,0.3333333333333333,0.19047619047619047,0.9535714285714286,0.9405594405594405,267,13,4,2
RF Class Weight | 26 Features,22,0.25,0.2,0.3333333333333333,0.25,0.9714285714285714,0.958041958041958,272,8,4,2
RF Class Weight | 26 Features,22,0.3,0.16666666666666666,0.16666666666666666,0.16666666666666666,0.9821428571428571,0.965034965034965,275,5,5,1
RF Class Weight | 26 Features,22,0.35,0.25,0.16666666666666666,0.2,0.9892857142857143,0.972027972027972,277,3,5,1
RF Class Weight | 26 Features,22,0.4,0.3333333333333333,0.16666666666666666,0.2222222222222222,0.9928571428571429,0.9755244755244755,278,2,5,1
RF Class Weight | 26 Features,22,0.45,0.3333333333333333,0.16666666666666666,0.2222222222222222,0.9928571428571429,0.9755244755244755,278,2,5,1
RF Class Weight | 26 Features,22,0.5,0.3333333333333333,0.16666666666666666,0.2222222222222222,0.9928571428571429,0.9755244755244755,278,2,5,1
RF Class Weight | 26 Features,23,0.05,0.03278688524590164,0.3333333333333333,0.05970149253731343,0.7892857142857143,0.7797202797202797,221,59,4,2
RF Class Weight | 26 Features,23,0.1,0.06896551724137931,0.3333333333333333,0.11428571428571428,0.9035714285714286,0.8916083916083916,253,27,4,2
RF Class Weight | 26 Features,23,0.15,0.1111111111111111,0.3333333333333333,0.16666666666666666,0.9428571428571428,0.9300699300699301,264,16,4,2
RF Class Weight | 26 Features,23,0.2,0.07142857142857142,0.16666666666666666,0.1,0.9535714285714286,0.9370629370629371,267,13,5,1
RF Class Weight | 26 Features,23,0.25,0.1111111111111111,0.16666666666666666,0.13333333333333333,0.9714285714285714,0.9545454545454546,272,8,5,1
RF Class Weight | 26 Features,23,0.3,0.1111111111111111,0.16666666666666666,0.13333333333333333,0.9714285714285714,0.9545454545454546,272,8,5,1
RF Class Weight | 26 Features,23,0.35,0.14285714285714285,0.16666666666666666,0.15384615384615385,0.9785714285714285,0.9615384615384616,274,6,5,1
RF Class Weight | 26 Features,23,0.4,0.14285714285714285,0.16666666666666666,0.15384615384615385,0.9785714285714285,0.9615384615384616,274,6,5,1
RF Class Weight | 26 Features,23,0.45,0.16666666666666666,0.16666666666666666,0.16666666666666666,0.9821428571428571,0.965034965034965,275,5,5,1
RF Class Weight | 26 Features,23,0.5,0.3333333333333333,0.16666666666666666,0.2222222222222222,0.9928571428571429,0.9755244755244755,278,2,5,1
RF Class Weight | 26 Features,24,0.05,0.05405405405405406,0.6666666666666666,0.1,0.75,0.7482517482517482,210,70,2,4
RF Class Weight | 26 Features,24,0.1,0.07317073170731707,0.5,0.1276595744680851,0.8642857142857143,0.8566433566433567,242,38,3,3
RF Class Weight | 26 Features,24,0.15,0.125,0.5,0.2,0.925,0.916083916083916,259,21,3,3
RF Class Weight | 26 Features,24,0.2,0.14285714285714285,0.3333333333333333,0.2,0.9571428571428572,0.9440559440559441,268,12,4,2
RF Class Weight | 26 Features,24,0.25,0.2222222222222222,0.3333333333333333,0.26666666666666666,0.975,0.9615384615384616,273,7,4,2
RF Class Weight | 26 Features,24,0.3,0.2,0.16666666666666666,0.18181818181818182,0.9857142857142858,0.9685314685314685,276,4,5,1
RF Class Weight | 26 Features,24,0.35,0.3333333333333333,0.16666666666666666,0.2222222222222222,0.9928571428571429,0.9755244755244755,278,2,5,1
RF Class Weight | 26 Features,24,0.4,0.5,0.16666666666666666,0.25,0.9964285714285714,0.9790209790209791,279,1,5,1
RF Class Weight | 26 Features,24,0.45,0.5,0.16666666666666666,0.25,0.9964285714285714,0.9790209790209791,279,1,5,1
RF Class Weight | 26 Features,24,0.5,0.5,0.16666666666666666,0.25,0.9964285714285714,0.9790209790209791,279,1,5,1
RF Class Weight | 26 Features,25,0.05,0.03389830508474576,0.3333333333333333,0.06153846153846154,0.7964285714285714,0.7867132867132867,223,57,4,2
RF Class Weight | 26 Features,25,0.1,0.06451612903225806,0.3333333333333333,0.10810810810810811,0.8964285714285715,0.8846153846153846,251,29,4,2
RF Class Weight | 26 Features,25,0.15,0.05,0.16666666666666666,0.07692307692307693,0.9321428571428572,0.916083916083916,261,19,5,1
RF Class Weight | 26 Features,25,0.2,0.07692307692307693,0.16666666666666666,0.10526315789473684,0.9571428571428572,0.9405594405594405,268,12,5,1
RF Class Weight | 26 Features,25,0.25,0.1111111111111111,0.16666666666666666,0.13333333333333333,0.9714285714285714,0.9545454545454546,272,8,5,1
RF Class Weight | 26 Features,25,0.3,0.0,0.0,0.0,0.9785714285714285,0.958041958041958,274,6,6,0
RF Class Weight | 26 Features,25,0.35,0.0,0.0,0.0,0.9892857142857143,0.9685314685314685,277,3,6,0
RF Class Weight | 26 Features,25,0.4,0.0,0.0,0.0,0.9892857142857143,0.9685314685314685,277,3,6,0
RF Class Weight | 26 Features,25,0.45,0.0,0.0,0.0,0.9928571428571429,0.972027972027972,278,2,6,0
RF Class Weight | 26 Features,25,0.5,0.0,0.0,0.0,0.9928571428571429,0.972027972027972,278,2,6,0
RF Class Weight | 26 Features,26,0.05,0.036585365853658534,0.5,0.06818181818181818,0.7178571428571429,0.7132867132867133,201,79,3,3
RF Class Weight | 26 Features,26,0.1,0.05,0.5,0.09090909090909091,0.7964285714285714,0.7902097902097902,223,57,3,3
RF Class Weight | 26 Features,26,0.15,0.044444444444444446,0.3333333333333333,0.0784313725490196,0.8464285714285714,0.8356643356643356,237,43,4,2
RF Class Weight | 26 Features,26,0.2,0.07407407407407407,0.3333333333333333,0.12121212121212122,0.9107142857142857,0.8986013986013986,255,25,4,2
RF Class Weight | 26 Features,26,0.25,0.08333333333333333,0.3333333333333333,0.13333333333333333,0.9214285714285714,0.9090909090909091,258,22,4,2
RF Class Weight | 26 Features,26,0.3,0.1111111111111111,0.3333333333333333,0.16666666666666666,0.9428571428571428,0.9300699300699301,264,16,4,2
RF Class Weight | 26 Features,26,0.35,0.1111111111111111,0.16666666666666666,0.13333333333333333,0.9714285714285714,0.9545454545454546,272,8,5,1
RF Class Weight | 26 Features,26,0.4,0.14285714285714285,0.16666666666666666,0.15384615384615385,0.9785714285714285,0.9615384615384616,274,6,5,1
RF Class Weight | 26 Features,26,0.45,0.25,0.16666666666666666,0.2,0.9892857142857143,0.972027972027972,277,3,5,1
RF Class Weight | 26 Features,26,0.5,0.25,0.16666666666666666,0.2,0.9892857142857143,0.972027972027972,277,3,5,1
RF Class Weight | 26 Features,27,0.05,0.037037037037037035,0.3333333333333333,0.06666666666666667,0.8142857142857143,0.8041958041958042,228,52,4,2
RF Class Weight | 26 Features,27,0.1,0.06896551724137931,0.3333333333333333,0.11428571428571428,0.9035714285714286,0.8916083916083916,253,27,4,2
RF Class Weight | 26 Features,27,0.15,0.1111111111111111,0.3333333333333333,0.16666666666666666,0.9428571428571428,0.9300699300699301,264,16,4,2
RF Class Weight | 26 Features,27,0.2,0.2,0.3333333333333333,0.25,0.9714285714285714,0.958041958041958,272,8,4,2
RF Class Weight | 26 Features,27,0.25,0.3333333333333333,0.3333333333333333,0.3333333333333333,0.9857142857142858,0.972027972027972,276,4,4,2
RF Class Weight | 26 Features,27,0.3,0.3333333333333333,0.3333333333333333,0.3333333333333333,0.9857142857142858,0.972027972027972,276,4,4,2
RF Class Weight | 26 Features,27,0.35,0.3333333333333333,0.16666666666666666,0.2222222222222222,0.9928571428571429,0.9755244755244755,278,2,5,1
RF Class Weight | 26 Features,27,0.4,0.3333333333333333,0.16666666666666666,0.2222222222222222,0.9928571428571429,0.9755244755244755,278,2,5,1
RF Class Weight | 26 Features,27,0.45,1.0,0.16666666666666666,0.2857142857142857,1.0,0.9825174825174825,280,0,5,1
RF Class Weight | 26 Features,27,0.5,1.0,0.16666666666666666,0.2857142857142857,1.0,0.9825174825174825,280,0,5,1
RF Class Weight | 26 Features,28,0.05,0.03508771929824561,0.3333333333333333,0.06349206349206349,0.8035714285714286,0.7937062937062938,225,55,4,2
RF Class Weight | 26 Features,28,0.1,0.03125,0.16666666666666666,0.05263157894736842,0.8892857142857142,0.8741258741258742,249,31,5,1
RF Class Weight | 26 Features,28,0.15,0.047619047619047616,0.16666666666666666,0.07407407407407407,0.9285714285714286,0.9125874125874126,260,20,5,1
RF Class Weight | 26 Features,28,0.2,0.0625,0.16666666666666666,0.09090909090909091,0.9464285714285714,0.9300699300699301,265,15,5,1
RF Class Weight | 26 Features,28,0.25,0.08333333333333333,0.16666666666666666,0.1111111111111111,0.9607142857142857,0.9440559440559441,269,11,5,1
RF Class Weight | 26 Features,28,0.3,0.1111111111111111,0.16666666666666666,0.13333333333333333,0.9714285714285714,0.9545454545454546,272,8,5,1
RF Class Weight | 26 Features,28,0.35,0.25,0.16666666666666666,0.2,0.9892857142857143,0.972027972027972,277,3,5,1
RF Class Weight | 26 Features,28,0.4,0.0,0.0,0.0,0.9892857142857143,0.9685314685314685,277,3,6,0
RF Class Weight | 26 Features,28,0.45,0.0,0.0,0.0,0.9928571428571429,0.972027972027972,278,2,6,0
RF Class Weight | 26 Features,28,0.5,0.0,0.0,0.0,0.9964285714285714,0.9755244755244755,279,1,6,0
RF Class Weight | 26 Features,29,0.05,0.0641025641025641,0.8333333333333334,0.11904761904761904,0.7392857142857143,0.7412587412587412,207,73,1,5
RF Class Weight | 26 Features,29,0.1,0.11363636363636363,0.8333333333333334,0.2,0.8607142857142858,0.8601398601398601,241,39,1,5
RF Class Weight | 26 Features,29,0.15,0.16666666666666666,0.8333333333333334,0.2777777777777778,0.9107142857142857,0.9090909090909091,255,25,1,5
RF Class Weight | 26 Features,29,0.2,0.29411764705882354,0.8333333333333334,0.43478260869565216,0.9571428571428572,0.9545454545454546,268,12,1,5
RF Class Weight | 26 Features,29,0.25,0.2727272727272727,0.5,0.35294117647058826,0.9714285714285714,0.9615384615384616,272,8,3,3
RF Class Weight | 26 Features,29,0.3,0.25,0.16666666666666666,0.2,0.9892857142857143,0.972027972027972,277,3,5,1
RF Class Weight | 26 Features,29,0.35,0.5,0.16666666666666666,0.25,0.9964285714285714,0.9790209790209791,279,1,5,1
RF Class Weight | 26 Features,29,0.4,0.5,0.16666666666666666,0.25,0.9964285714285714,0.9790209790209791,279,1,5,1
RF Class Weight | 26 Features,29,0.45,0.0,0.0,0.0,0.9964285714285714,0.9755244755244755,279,1,6,0
RF Class Weight | 26 Features,29,0.5,0.0,0.0,0.0,0.9964285714285714,0.9755244755244755,279,1,6,0
RF Class Weight | 26 Features,30,0.05,0.03773584905660377,0.3333333333333333,0.06779661016949153,0.8178571428571428,0.8076923076923077,229,51,4,2
RF Class Weight | 26 Features,30,0.1,0.08,0.3333333333333333,0.12903225806451613,0.9178571428571428,0.9055944055944056,257,23,4,2
RF Class Weight | 26 Features,30,0.15,0.06666666666666667,0.16666666666666666,0.09523809523809523,0.95,0.9335664335664335,266,14,5,1
RF Class Weight | 26 Features,30,0.2,0.0,0.0,0.0,0.9714285714285714,0.951048951048951,272,8,6,0
RF Class Weight | 26 Features,30,0.25,0.0,0.0,0.0,0.9857142857142858,0.965034965034965,276,4,6,0
RF Class Weight | 26 Features,30,0.3,0.0,0.0,0.0,0.9892857142857143,0.9685314685314685,277,3,6,0
RF Class Weight | 26 Features,30,0.35,0.0,0.0,0.0,0.9928571428571429,0.972027972027972,278,2,6,0
RF Class Weight | 26 Features,30,0.4,0.0,0.0,0.0,0.9964285714285714,0.9755244755244755,279,1,6,0
RF Class Weight | 26 Features,30,0.45,0.0,0.0,0.0,0.9964285714285714,0.9755244755244755,279,1,6,0
RF Class Weight | 26 Features,30,0.5,0.0,0.0,0.0,0.9964285714285714,0.9755244755244755,279,1,6,0
RF Class Weight | 8 Features,1,0.05,0.027777777777777776,0.3333333333333333,0.05128205128205128,0.75,0.7412587412587412,210,70,4,2
RF Class Weight | 8 Features,1,0.1,0.02127659574468085,0.16666666666666666,0.03773584905660377,0.8357142857142857,0.8216783216783217,234,46,5,1
RF Class Weight | 8 Features,1,0.15,0.04,0.16666666666666666,0.06451612903225806,0.9142857142857143,0.8986013986013986,256,24,5,1
RF Class Weight | 8 Features,1,0.2,0.07142857142857142,0.16666666666666666,0.1,0.9535714285714286,0.9370629370629371,267,13,5,1
RF Class Weight | 8 Features,1,0.25,0.09090909090909091,0.16666666666666666,0.11764705882352941,0.9642857142857143,0.9475524475524476,270,10,5,1
RF Class Weight | 8 Features,1,0.3,0.1,0.16666666666666666,0.125,0.9678571428571429,0.951048951048951,271,9,5,1
RF Class Weight | 8 Features,1,0.35,0.1111111111111111,0.16666666666666666,0.13333333333333333,0.9714285714285714,0.9545454545454546,272,8,5,1
RF Class Weight | 8 Features,1,0.4,0.16666666666666666,0.16666666666666666,0.16666666666666666,0.9821428571428571,0.965034965034965,275,5,5,1
RF Class Weight | 8 Features,1,0.45,0.2,0.16666666666666666,0.18181818181818182,0.9857142857142858,0.9685314685314685,276,4,5,1
RF Class Weight | 8 Features,1,0.5,0.2,0.16666666666666666,0.18181818181818182,0.9857142857142858,0.9685314685314685,276,4,5,1
RF Class Weight | 8 Features,2,0.05,0.06382978723404255,0.5,0.11320754716981132,0.8428571428571429,0.8356643356643356,236,44,3,3
RF Class Weight | 8 Features,2,0.1,0.10714285714285714,0.5,0.17647058823529413,0.9107142857142857,0.9020979020979021,255,25,3,3
RF Class Weight | 8 Features,2,0.15,0.15,0.5,0.23076923076923078,0.9392857142857143,0.9300699300699301,263,17,3,3
RF Class Weight | 8 Features,2,0.2,0.16666666666666666,0.3333333333333333,0.2222222222222222,0.9642857142857143,0.951048951048951,270,10,4,2
RF Class Weight | 8 Features,2,0.25,0.2,0.3333333333333333,0.25,0.9714285714285714,0.958041958041958,272,8,4,2
RF Class Weight | 8 Features,2,0.3,0.25,0.3333333333333333,0.2857142857142857,0.9785714285714285,0.965034965034965,274,6,4,2
RF Class Weight | 8 Features,2,0.35,0.25,0.3333333333333333,0.2857142857142857,0.9785714285714285,0.965034965034965,274,6,4,2
RF Class Weight | 8 Features,2,0.4,0.3333333333333333,0.3333333333333333,0.3333333333333333,0.9857142857142858,0.972027972027972,276,4,4,2
RF Class Weight | 8 Features,2,0.45,0.4,0.3333333333333333,0.36363636363636365,0.9892857142857143,0.9755244755244755,277,3,4,2
RF Class Weight | 8 Features,2,0.5,0.3333333333333333,0.16666666666666666,0.2222222222222222,0.9928571428571429,0.9755244755244755,278,2,5,1
RF Class Weight | 8 Features,3,0.05,0.03389830508474576,0.3333333333333333,0.06153846153846154,0.7964285714285714,0.7867132867132867,223,57,4,2
RF Class Weight | 8 Features,3,0.1,0.03225806451612903,0.16666666666666666,0.05405405405405406,0.8928571428571429,0.8776223776223776,250,30,5,1
RF Class Weight | 8 Features,3,0.15,0.045454545454545456,0.16666666666666666,0.07142857142857142,0.925,0.9090909090909091,259,21,5,1
RF Class Weight | 8 Features,3,0.2,0.058823529411764705,0.16666666666666666,0.08695652173913043,0.9428571428571428,0.9265734265734266,264,16,5,1
RF Class Weight | 8 Features,3,0.25,0.0,0.0,0.0,0.9607142857142857,0.9405594405594405,269,11,6,0
RF Class Weight | 8 Features,3,0.3,0.0,0.0,0.0,0.975,0.9545454545454546,273,7,6,0
RF Class Weight | 8 Features,3,0.35,0.0,0.0,0.0,0.9821428571428571,0.9615384615384616,275,5,6,0
RF Class Weight | 8 Features,3,0.4,0.0,0.0,0.0,0.9821428571428571,0.9615384615384616,275,5,6,0
RF Class Weight | 8 Features,3,0.45,0.0,0.0,0.0,0.9857142857142858,0.965034965034965,276,4,6,0
RF Class Weight | 8 Features,3,0.5,0.0,0.0,0.0,0.9892857142857143,0.9685314685314685,277,3,6,0
RF Class Weight | 8 Features,4,0.05,0.1,0.8333333333333334,0.17857142857142858,0.8392857142857143,0.8391608391608392,235,45,1,5
RF Class Weight | 8 Features,4,0.1,0.07142857142857142,0.3333333333333333,0.11764705882352941,0.9071428571428571,0.8951048951048951,254,26,4,2
RF Class Weight | 8 Features,4,0.15,0.09523809523809523,0.3333333333333333,0.14814814814814814,0.9321428571428572,0.9195804195804196,261,19,4,2
RF Class Weight | 8 Features,4,0.2,0.15384615384615385,0.3333333333333333,0.21052631578947367,0.9607142857142857,0.9475524475524476,269,11,4,2
RF Class Weight | 8 Features,4,0.25,0.125,0.16666666666666666,0.14285714285714285,0.975,0.958041958041958,273,7,5,1
RF Class Weight | 8 Features,4,0.3,0.25,0.16666666666666666,0.2,0.9892857142857143,0.972027972027972,277,3,5,1
RF Class Weight | 8 Features,4,0.35,0.25,0.16666666666666666,0.2,0.9892857142857143,0.972027972027972,277,3,5,1
RF Class Weight | 8 Features,4,0.4,0.3333333333333333,0.16666666666666666,0.2222222222222222,0.9928571428571429,0.9755244755244755,278,2,5,1
RF Class Weight | 8 Features,4,0.45,1.0,0.16666666666666666,0.2857142857142857,1.0,0.9825174825174825,280,0,5,1
RF Class Weight | 8 Features,4,0.5,1.0,0.16666666666666666,0.2857142857142857,1.0,0.9825174825174825,280,0,5,1
RF Class Weight | 8 Features,5,0.05,0.04938271604938271,0.6666666666666666,0.09195402298850575,0.725,0.7237762237762237,203,77,2,4
RF Class Weight | 8 Features,5,0.1,0.0784313725490196,0.6666666666666666,0.14035087719298245,0.8321428571428572,0.8286713286713286,233,47,2,4
RF Class Weight | 8 Features,5,0.15,0.09523809523809523,0.6666666666666666,0.16666666666666666,0.8642857142857143,0.8601398601398601,242,38,2,4
RF Class Weight | 8 Features,5,0.2,0.10714285714285714,0.5,0.17647058823529413,0.9107142857142857,0.9020979020979021,255,25,3,3
RF Class Weight | 8 Features,5,0.25,0.11764705882352941,0.3333333333333333,0.17391304347826086,0.9464285714285714,0.9335664335664335,265,15,4,2
RF Class Weight | 8 Features,5,0.3,0.16666666666666666,0.3333333333333333,0.2222222222222222,0.9642857142857143,0.951048951048951,270,10,4,2
RF Class Weight | 8 Features,5,0.35,0.25,0.3333333333333333,0.2857142857142857,0.9785714285714285,0.965034965034965,274,6,4,2
RF Class Weight | 8 Features,5,0.4,0.2857142857142857,0.3333333333333333,0.3076923076923077,0.9821428571428571,0.9685314685314685,275,5,4,2
RF Class Weight | 8 Features,5,0.45,0.4,0.3333333333333333,0.36363636363636365,0.9892857142857143,0.9755244755244755,277,3,4,2
RF Class Weight | 8 Features,5,0.5,0.5,0.3333333333333333,0.4,0.9928571428571429,0.9790209790209791,278,2,4,2
RF Class Weight | 8 Features,6,0.05,0.07692307692307693,0.6666666666666666,0.13793103448275862,0.8285714285714286,0.8251748251748252,232,48,2,4
RF Class Weight | 8 Features,6,0.1,0.09375,0.5,0.15789473684210525,0.8964285714285715,0.8881118881118881,251,29,3,3
RF Class Weight | 8 Features,6,0.15,0.14285714285714285,0.5,0.2222222222222222,0.9357142857142857,0.9265734265734266,262,18,3,3
RF Class Weight | 8 Features,6,0.2,0.21428571428571427,0.5,0.3,0.9607142857142857,0.951048951048951,269,11,3,3
RF Class Weight | 8 Features,6,0.25,0.18181818181818182,0.3333333333333333,0.23529411764705882,0.9678571428571429,0.9545454545454546,271,9,4,2
RF Class Weight | 8 Features,6,0.3,0.2,0.3333333333333333,0.25,0.9714285714285714,0.958041958041958,272,8,4,2
RF Class Weight | 8 Features,6,0.35,0.2857142857142857,0.3333333333333333,0.3076923076923077,0.9821428571428571,0.9685314685314685,275,5,4,2
RF Class Weight | 8 Features,6,0.4,0.2857142857142857,0.3333333333333333,0.3076923076923077,0.9821428571428571,0.9685314685314685,275,5,4,2
RF Class Weight | 8 Features,6,0.45,0.3333333333333333,0.3333333333333333,0.3333333333333333,0.9857142857142858,0.972027972027972,276,4,4,2
RF Class Weight | 8 Features,6,0.5,0.6666666666666666,0.3333333333333333,0.4444444444444444,0.9964285714285714,0.9825174825174825,279,1,4,2
RF Class Weight | 8 Features,7,0.05,0.03636363636363636,0.3333333333333333,0.06557377049180328,0.8107142857142857,0.8006993006993007,227,53,4,2
RF Class Weight | 8 Features,7,0.1,0.06060606060606061,0.3333333333333333,0.10256410256410256,0.8892857142857142,0.8776223776223776,249,31,4,2
RF Class Weight | 8 Features,7,0.15,0.05,0.16666666666666666,0.07692307692307693,0.9321428571428572,0.916083916083916,261,19,5,1
RF Class Weight | 8 Features,7,0.2,0.09090909090909091,0.16666666666666666,0.11764705882352941,0.9642857142857143,0.9475524475524476,270,10,5,1
RF Class Weight | 8 Features,7,0.25,0.14285714285714285,0.16666666666666666,0.15384615384615385,0.9785714285714285,0.9615384615384616,274,6,5,1
RF Class Weight | 8 Features,7,0.3,0.14285714285714285,0.16666666666666666,0.15384615384615385,0.9785714285714285,0.9615384615384616,274,6,5,1
RF Class Weight | 8 Features,7,0.35,0.25,0.16666666666666666,0.2,0.9892857142857143,0.972027972027972,277,3,5,1
RF Class Weight | 8 Features,7,0.4,0.3333333333333333,0.16666666666666666,0.2222222222222222,0.9928571428571429,0.9755244755244755,278,2,5,1
RF Class Weight | 8 Features,7,0.45,0.3333333333333333,0.16666666666666666,0.2222222222222222,0.9928571428571429,0.9755244755244755,278,2,5,1
RF Class Weight | 8 Features,7,0.5,0.3333333333333333,0.16666666666666666,0.2222222222222222,0.9928571428571429,0.9755244755244755,278,2,5,1
RF Class Weight | 8 Features,8,0.05,0.07462686567164178,0.8333333333333334,0.136986301369863,0.7785714285714286,0.7797202797202797,218,62,1,5
RF Class Weight | 8 Features,8,0.1,0.07692307692307693,0.5,0.13333333333333333,0.8714285714285714,0.8636363636363636,244,36,3,3
RF Class Weight | 8 Features,8,0.15,0.125,0.5,0.2,0.925,0.916083916083916,259,21,3,3
RF Class Weight | 8 Features,8,0.2,0.08333333333333333,0.16666666666666666,0.1111111111111111,0.9607142857142857,0.9440559440559441,269,11,5,1
RF Class Weight | 8 Features,8,0.25,0.14285714285714285,0.16666666666666666,0.15384615384615385,0.9785714285714285,0.9615384615384616,274,6,5,1
RF Class Weight | 8 Features,8,0.3,0.2,0.16666666666666666,0.18181818181818182,0.9857142857142858,0.9685314685314685,276,4,5,1
RF Class Weight | 8 Features,8,0.35,0.25,0.16666666666666666,0.2,0.9892857142857143,0.972027972027972,277,3,5,1
RF Class Weight | 8 Features,8,0.4,0.5,0.16666666666666666,0.25,0.9964285714285714,0.9790209790209791,279,1,5,1
RF Class Weight | 8 Features,8,0.45,0.5,0.16666666666666666,0.25,0.9964285714285714,0.9790209790209791,279,1,5,1
RF Class Weight | 8 Features,8,0.5,1.0,0.16666666666666666,0.2857142857142857,1.0,0.9825174825174825,280,0,5,1
RF Class Weight | 8 Features,9,0.05,0.01639344262295082,0.16666666666666666,0.029850746268656716,0.7857142857142857,0.7727272727272727,220,60,5,1
RF Class Weight | 8 Features,9,0.1,0.024390243902439025,0.16666666666666666,0.0425531914893617,0.8571428571428571,0.8426573426573427,240,40,5,1
RF Class Weight | 8 Features,9,0.15,0.041666666666666664,0.16666666666666666,0.06666666666666667,0.9178571428571428,0.9020979020979021,257,23,5,1
RF Class Weight | 8 Features,9,0.2,0.0625,0.16666666666666666,0.09090909090909091,0.9464285714285714,0.9300699300699301,265,15,5,1
RF Class Weight | 8 Features,9,0.25,0.1,0.16666666666666666,0.125,0.9678571428571429,0.951048951048951,271,9,5,1
RF Class Weight | 8 Features,9,0.3,0.14285714285714285,0.16666666666666666,0.15384615384615385,0.9785714285714285,0.9615384615384616,274,6,5,1
RF Class Weight | 8 Features,9,0.35,0.2,0.16666666666666666,0.18181818181818182,0.9857142857142858,0.9685314685314685,276,4,5,1
RF Class Weight | 8 Features,9,0.4,0.2,0.16666666666666666,0.18181818181818182,0.9857142857142858,0.9685314685314685,276,4,5,1
RF Class Weight | 8 Features,9,0.45,0.3333333333333333,0.16666666666666666,0.2222222222222222,0.9928571428571429,0.9755244755244755,278,2,5,1
RF Class Weight | 8 Features,9,0.5,0.5,0.16666666666666666,0.25,0.9964285714285714,0.9790209790209791,279,1,5,1
RF Class Weight | 8 Features,10,0.05,0.04081632653061224,0.3333333333333333,0.07272727272727272,0.8321428571428572,0.8216783216783217,233,47,4,2
RF Class Weight | 8 Features,10,0.1,0.0625,0.3333333333333333,0.10526315789473684,0.8928571428571429,0.8811188811188811,250,30,4,2
RF Class Weight | 8 Features,10,0.15,0.03571428571428571,0.16666666666666666,0.058823529411764705,0.9035714285714286,0.8881118881118881,253,27,5,1
RF Class Weight | 8 Features,10,0.2,0.058823529411764705,0.16666666666666666,0.08695652173913043,0.9428571428571428,0.9265734265734266,264,16,5,1
RF Class Weight | 8 Features,10,0.25,0.125,0.16666666666666666,0.14285714285714285,0.975,0.958041958041958,273,7,5,1
RF Class Weight | 8 Features,10,0.3,0.16666666666666666,0.16666666666666666,0.16666666666666666,0.9821428571428571,0.965034965034965,275,5,5,1
RF Class Weight | 8 Features,10,0.35,0.25,0.16666666666666666,0.2,0.9892857142857143,0.972027972027972,277,3,5,1
RF Class Weight | 8 Features,10,0.4,0.25,0.16666666666666666,0.2,0.9892857142857143,0.972027972027972,277,3,5,1
RF Class Weight | 8 Features,10,0.45,0.25,0.16666666666666666,0.2,0.9892857142857143,0.972027972027972,277,3,5,1
RF Class Weight | 8 Features,10,0.5,0.25,0.16666666666666666,0.2,0.9892857142857143,0.972027972027972,277,3,5,1
RF Class Weight | 8 Features,11,0.05,0.057692307692307696,0.5,0.10344827586206896,0.825,0.8181818181818182,231,49,3,3
RF Class Weight | 8 Features,11,0.1,0.05263157894736842,0.3333333333333333,0.09090909090909091,0.8714285714285714,0.8601398601398601,244,36,4,2
RF Class Weight | 8 Features,11,0.15,0.06666666666666667,0.3333333333333333,0.1111111111111111,0.9,0.8881118881118881,252,28,4,2
RF Class Weight | 8 Features,11,0.2,0.05,0.16666666666666666,0.07692307692307693,0.9321428571428572,0.916083916083916,261,19,5,1
RF Class Weight | 8 Features,11,0.25,0.0625,0.16666666666666666,0.09090909090909091,0.9464285714285714,0.9300699300699301,265,15,5,1
RF Class Weight | 8 Features,11,0.3,0.06666666666666667,0.16666666666666666,0.09523809523809523,0.95,0.9335664335664335,266,14,5,1
RF Class Weight | 8 Features,11,0.35,0.09090909090909091,0.16666666666666666,0.11764705882352941,0.9642857142857143,0.9475524475524476,270,10,5,1
RF Class Weight | 8 Features,11,0.4,0.125,0.16666666666666666,0.14285714285714285,0.975,0.958041958041958,273,7,5,1
RF Class Weight | 8 Features,11,0.45,0.14285714285714285,0.16666666666666666,0.15384615384615385,0.9785714285714285,0.9615384615384616,274,6,5,1
RF Class Weight | 8 Features,11,0.5,0.25,0.16666666666666666,0.2,0.9892857142857143,0.972027972027972,277,3,5,1
RF Class Weight | 8 Features,12,0.05,0.043478260869565216,0.6666666666666666,0.08163265306122448,0.6857142857142857,0.6853146853146853,192,88,2,4
RF Class Weight | 8 Features,12,0.1,0.0784313725490196,0.6666666666666666,0.14035087719298245,0.8321428571428572,0.8286713286713286,233,47,2,4
RF Class Weight | 8 Features,12,0.15,0.11764705882352941,0.6666666666666666,0.2,0.8928571428571429,0.8881118881118881,250,30,2,4
RF Class Weight | 8 Features,12,0.2,0.12,0.5,0.1935483870967742,0.9214285714285714,0.9125874125874126,258,22,3,3
RF Class Weight | 8 Features,12,0.25,0.14285714285714285,0.5,0.2222222222222222,0.9357142857142857,0.9265734265734266,262,18,3,3
RF Class Weight | 8 Features,12,0.3,0.1875,0.5,0.2727272727272727,0.9535714285714286,0.9440559440559441,267,13,3,3
RF Class Weight | 8 Features,12,0.35,0.18181818181818182,0.3333333333333333,0.23529411764705882,0.9678571428571429,0.9545454545454546,271,9,4,2
RF Class Weight | 8 Features,12,0.4,0.2222222222222222,0.3333333333333333,0.26666666666666666,0.975,0.9615384615384616,273,7,4,2
RF Class Weight | 8 Features,12,0.45,0.25,0.3333333333333333,0.2857142857142857,0.9785714285714285,0.965034965034965,274,6,4,2
RF Class Weight | 8 Features,12,0.5,0.3333333333333333,0.3333333333333333,0.3333333333333333,0.9857142857142858,0.972027972027972,276,4,4,2
RF Class Weight | 8 Features,13,0.05,0.031746031746031744,0.3333333333333333,0.057971014492753624,0.7821428571428571,0.7727272727272727,219,61,4,2
RF Class Weight | 8 Features,13,0.1,0.05714285714285714,0.3333333333333333,0.0975609756097561,0.8821428571428571,0.8706293706293706,247,33,4,2
RF Class Weight | 8 Features,13,0.15,0.043478260869565216,0.16666666666666666,0.06896551724137931,0.9214285714285714,0.9055944055944056,258,22,5,1
RF Class Weight | 8 Features,13,0.2,0.058823529411764705,0.16666666666666666,0.08695652173913043,0.9428571428571428,0.9265734265734266,264,16,5,1
RF Class Weight | 8 Features,13,0.25,0.08333333333333333,0.16666666666666666,0.1111111111111111,0.9607142857142857,0.9440559440559441,269,11,5,1
RF Class Weight | 8 Features,13,0.3,0.1111111111111111,0.16666666666666666,0.13333333333333333,0.9714285714285714,0.9545454545454546,272,8,5,1
RF Class Weight | 8 Features,13,0.35,0.16666666666666666,0.16666666666666666,0.16666666666666666,0.9821428571428571,0.965034965034965,275,5,5,1
RF Class Weight | 8 Features,13,0.4,0.16666666666666666,0.16666666666666666,0.16666666666666666,0.9821428571428571,0.965034965034965,275,5,5,1
RF Class Weight | 8 Features,13,0.45,0.16666666666666666,0.16666666666666666,0.16666666666666666,0.9821428571428571,0.965034965034965,275,5,5,1
RF Class Weight | 8 Features,13,0.5,0.2,0.16666666666666666,0.18181818181818182,0.9857142857142858,0.9685314685314685,276,4,5,1
RF Class Weight | 8 Features,14,0.05,0.046153846153846156,0.5,0.08450704225352113,0.7785714285714286,0.7727272727272727,218,62,3,3
RF Class Weight | 8 Features,14,0.1,0.08333333333333333,0.5,0.14285714285714285,0.8821428571428571,0.8741258741258742,247,33,3,3
RF Class Weight | 8 Features,14,0.15,0.08,0.3333333333333333,0.12903225806451613,0.9178571428571428,0.9055944055944056,257,23,4,2
RF Class Weight | 8 Features,14,0.2,0.11764705882352941,0.3333333333333333,0.17391304347826086,0.9464285714285714,0.9335664335664335,265,15,4,2
RF Class Weight | 8 Features,14,0.25,0.15384615384615385,0.3333333333333333,0.21052631578947367,0.9607142857142857,0.9475524475524476,269,11,4,2
RF Class Weight | 8 Features,14,0.3,0.18181818181818182,0.3333333333333333,0.23529411764705882,0.9678571428571429,0.9545454545454546,271,9,4,2
RF Class Weight | 8 Features,14,0.35,0.4,0.3333333333333333,0.36363636363636365,0.9892857142857143,0.9755244755244755,277,3,4,2
RF Class Weight | 8 Features,14,0.4,0.6666666666666666,0.3333333333333333,0.4444444444444444,0.9964285714285714,0.9825174825174825,279,1,4,2
RF Class Weight | 8 Features,14,0.45,0.6666666666666666,0.3333333333333333,0.4444444444444444,0.9964285714285714,0.9825174825174825,279,1,4,2
RF Class Weight | 8 Features,14,0.5,0.5,0.16666666666666666,0.25,0.9964285714285714,0.9790209790209791,279,1,5,1
RF Class Weight | 8 Features,15,0.05,0.06557377049180328,0.6666666666666666,0.11940298507462686,0.7964285714285714,0.7937062937062938,223,57,2,4
RF Class Weight | 8 Features,15,0.1,0.1,0.5,0.16666666666666666,0.9035714285714286,0.8951048951048951,253,27,3,3
RF Class Weight | 8 Features,15,0.15,0.09523809523809523,0.3333333333333333,0.14814814814814814,0.9321428571428572,0.9195804195804196,261,19,4,2
RF Class Weight | 8 Features,15,0.2,0.11764705882352941,0.3333333333333333,0.17391304347826086,0.9464285714285714,0.9335664335664335,265,15,4,2
RF Class Weight | 8 Features,15,0.25,0.15384615384615385,0.3333333333333333,0.21052631578947367,0.9607142857142857,0.9475524475524476,269,11,4,2
RF Class Weight | 8 Features,15,0.3,0.2,0.3333333333333333,0.25,0.9714285714285714,0.958041958041958,272,8,4,2
RF Class Weight | 8 Features,15,0.35,0.16666666666666666,0.16666666666666666,0.16666666666666666,0.9821428571428571,0.965034965034965,275,5,5,1
RF Class Weight | 8 Features,15,0.4,0.2,0.16666666666666666,0.18181818181818182,0.9857142857142858,0.9685314685314685,276,4,5,1
RF Class Weight | 8 Features,15,0.45,0.3333333333333333,0.16666666666666666,0.2222222222222222,0.9928571428571429,0.9755244755244755,278,2,5,1
RF Class Weight | 8 Features,15,0.5,0.5,0.16666666666666666,0.25,0.9964285714285714,0.9790209790209791,279,1,5,1
RF Class Weight | 8 Features,16,0.05,0.016129032258064516,0.16666666666666666,0.029411764705882353,0.7821428571428571,0.7692307692307693,219,61,5,1
RF Class Weight | 8 Features,16,0.1,0.02857142857142857,0.16666666666666666,0.04878048780487805,0.8785714285714286,0.8636363636363636,246,34,5,1
RF Class Weight | 8 Features,16,0.15,0.045454545454545456,0.16666666666666666,0.07142857142857142,0.925,0.9090909090909091,259,21,5,1
RF Class Weight | 8 Features,16,0.2,0.0625,0.16666666666666666,0.09090909090909091,0.9464285714285714,0.9300699300699301,265,15,5,1
RF Class Weight | 8 Features,16,0.25,0.07692307692307693,0.16666666666666666,0.10526315789473684,0.9571428571428572,0.9405594405594405,268,12,5,1
RF Class Weight | 8 Features,16,0.3,0.08333333333333333,0.16666666666666666,0.1111111111111111,0.9607142857142857,0.9440559440559441,269,11,5,1
RF Class Weight | 8 Features,16,0.35,0.14285714285714285,0.16666666666666666,0.15384615384615385,0.9785714285714285,0.9615384615384616,274,6,5,1
RF Class Weight | 8 Features,16,0.4,0.16666666666666666,0.16666666666666666,0.16666666666666666,0.9821428571428571,0.965034965034965,275,5,5,1
RF Class Weight | 8 Features,16,0.45,0.2,0.16666666666666666,0.18181818181818182,0.9857142857142858,0.9685314685314685,276,4,5,1
RF Class Weight | 8 Features,16,0.5,0.25,0.16666666666666666,0.2,0.9892857142857143,0.972027972027972,277,3,5,1
RF Class Weight | 8 Features,17,0.05,0.046153846153846156,0.5,0.08450704225352113,0.7785714285714286,0.7727272727272727,218,62,3,3
RF Class Weight | 8 Features,17,0.1,0.058823529411764705,0.3333333333333333,0.1,0.8857142857142857,0.8741258741258742,248,32,4,2
RF Class Weight | 8 Features,17,0.15,0.08695652173913043,0.3333333333333333,0.13793103448275862,0.925,0.9125874125874126,259,21,4,2
RF Class Weight | 8 Features,17,0.2,0.125,0.3333333333333333,0.18181818181818182,0.95,0.9370629370629371,266,14,4,2
RF Class Weight | 8 Features,17,0.25,0.15384615384615385,0.3333333333333333,0.21052631578947367,0.9607142857142857,0.9475524475524476,269,11,4,2
RF Class Weight | 8 Features,17,0.3,0.1111111111111111,0.16666666666666666,0.13333333333333333,0.9714285714285714,0.9545454545454546,272,8,5,1
RF Class Weight | 8 Features,17,0.35,0.16666666666666666,0.16666666666666666,0.16666666666666666,0.9821428571428571,0.965034965034965,275,5,5,1
RF Class Weight | 8 Features,17,0.4,0.25,0.16666666666666666,0.2,0.9892857142857143,0.972027972027972,277,3,5,1
RF Class Weight | 8 Features,17,0.45,0.3333333333333333,0.16666666666666666,0.2222222222222222,0.9928571428571429,0.9755244755244755,278,2,5,1
RF Class Weight | 8 Features,17,0.5,0.3333333333333333,0.16666666666666666,0.2222222222222222,0.9928571428571429,0.9755244755244755,278,2,5,1
RF Class Weight | 8 Features,18,0.05,0.06153846153846154,0.6666666666666666,0.11267605633802817,0.7821428571428571,0.7797202797202797,219,61,2,4
RF Class Weight | 8 Features,18,0.1,0.07142857142857142,0.5,0.125,0.8607142857142858,0.8531468531468531,241,39,3,3
RF Class Weight | 8 Features,18,0.15,0.1,0.5,0.16666666666666666,0.9035714285714286,0.8951048951048951,253,27,3,3
RF Class Weight | 8 Features,18,0.2,0.09523809523809523,0.3333333333333333,0.14814814814814814,0.9321428571428572,0.9195804195804196,261,19,4,2
RF Class Weight | 8 Features,18,0.25,0.14285714285714285,0.3333333333333333,0.2,0.9571428571428572,0.9440559440559441,268,12,4,2
RF Class Weight | 8 Features,18,0.3,0.18181818181818182,0.3333333333333333,0.23529411764705882,0.9678571428571429,0.9545454545454546,271,9,4,2
RF Class Weight | 8 Features,18,0.35,0.14285714285714285,0.16666666666666666,0.15384615384615385,0.9785714285714285,0.9615384615384616,274,6,5,1
RF Class Weight | 8 Features,18,0.4,0.2,0.16666666666666666,0.18181818181818182,0.9857142857142858,0.9685314685314685,276,4,5,1
RF Class Weight | 8 Features,18,0.45,0.3333333333333333,0.16666666666666666,0.2222222222222222,0.9928571428571429,0.9755244755244755,278,2,5,1
RF Class Weight | 8 Features,18,0.5,0.0,0.0,0.0,0.9964285714285714,0.9755244755244755,279,1,6,0
RF Class Weight | 8 Features,19,0.05,0.045454545454545456,0.5,0.08333333333333333,0.775,0.7692307692307693,217,63,3,3
RF Class Weight | 8 Features,19,0.1,0.07692307692307693,0.3333333333333333,0.125,0.9142857142857143,0.9020979020979021,256,24,4,2
RF Class Weight | 8 Features,19,0.15,0.07692307692307693,0.16666666666666666,0.10526315789473684,0.9571428571428572,0.9405594405594405,268,12,5,1
RF Class Weight | 8 Features,19,0.2,0.125,0.16666666666666666,0.14285714285714285,0.975,0.958041958041958,273,7,5,1
RF Class Weight | 8 Features,19,0.25,0.14285714285714285,0.16666666666666666,0.15384615384615385,0.9785714285714285,0.9615384615384616,274,6,5,1
RF Class Weight | 8 Features,19,0.3,0.2,0.16666666666666666,0.18181818181818182,0.9857142857142858,0.9685314685314685,276,4,5,1
RF Class Weight | 8 Features,19,0.35,0.3333333333333333,0.16666666666666666,0.2222222222222222,0.9928571428571429,0.9755244755244755,278,2,5,1
RF Class Weight | 8 Features,19,0.4,0.3333333333333333,0.16666666666666666,0.2222222222222222,0.9928571428571429,0.9755244755244755,278,2,5,1
RF Class Weight | 8 Features,19,0.45,0.5,0.16666666666666666,0.25,0.9964285714285714,0.9790209790209791,279,1,5,1
RF Class Weight | 8 Features,19,0.5,0.5,0.16666666666666666,0.25,0.9964285714285714,0.9790209790209791,279,1,5,1
RF Class Weight | 8 Features,20,0.05,0.05405405405405406,0.6666666666666666,0.1,0.75,0.7482517482517482,210,70,2,4
RF Class Weight | 8 Features,20,0.1,0.09090909090909091,0.6666666666666666,0.16,0.8571428571428571,0.8531468531468531,240,40,2,4
RF Class Weight | 8 Features,20,0.15,0.07142857142857142,0.3333333333333333,0.11764705882352941,0.9071428571428571,0.8951048951048951,254,26,4,2
RF Class Weight | 8 Features,20,0.2,0.11764705882352941,0.3333333333333333,0.17391304347826086,0.9464285714285714,0.9335664335664335,265,15,4,2
RF Class Weight | 8 Features,20,0.25,0.15384615384615385,0.3333333333333333,0.21052631578947367,0.9607142857142857,0.9475524475524476,269,11,4,2
RF Class Weight | 8 Features,20,0.3,0.18181818181818182,0.3333333333333333,0.23529411764705882,0.9678571428571429,0.9545454545454546,271,9,4,2
RF Class Weight | 8 Features,20,0.35,0.1111111111111111,0.16666666666666666,0.13333333333333333,0.9714285714285714,0.9545454545454546,272,8,5,1
RF Class Weight | 8 Features,20,0.4,0.16666666666666666,0.16666666666666666,0.16666666666666666,0.9821428571428571,0.965034965034965,275,5,5,1
RF Class Weight | 8 Features,20,0.45,0.2,0.16666666666666666,0.18181818181818182,0.9857142857142858,0.9685314685314685,276,4,5,1
RF Class Weight | 8 Features,20,0.5,0.25,0.16666666666666666,0.2,0.9892857142857143,0.972027972027972,277,3,5,1
RF Class Weight | 8 Features,21,0.05,0.04225352112676056,0.5,0.07792207792207792,0.7571428571428571,0.7517482517482518,212,68,3,3
RF Class Weight | 8 Features,21,0.1,0.06521739130434782,0.5,0.11538461538461539,0.8464285714285714,0.8391608391608392,237,43,3,3
RF Class Weight | 8 Features,21,0.15,0.10344827586206896,0.5,0.17142857142857143,0.9071428571428571,0.8986013986013986,254,26,3,3
RF Class Weight | 8 Features,21,0.2,0.1,0.3333333333333333,0.15384615384615385,0.9357142857142857,0.9230769230769231,262,18,4,2
RF Class Weight | 8 Features,21,0.25,0.125,0.3333333333333333,0.18181818181818182,0.95,0.9370629370629371,266,14,4,2
RF Class Weight | 8 Features,21,0.3,0.16666666666666666,0.3333333333333333,0.2222222222222222,0.9642857142857143,0.951048951048951,270,10,4,2
RF Class Weight | 8 Features,21,0.35,0.14285714285714285,0.16666666666666666,0.15384615384615385,0.9785714285714285,0.9615384615384616,274,6,5,1
RF Class Weight | 8 Features,21,0.4,0.2,0.16666666666666666,0.18181818181818182,0.9857142857142858,0.9685314685314685,276,4,5,1
RF Class Weight | 8 Features,21,0.45,0.2,0.16666666666666666,0.18181818181818182,0.9857142857142858,0.9685314685314685,276,4,5,1
RF Class Weight | 8 Features,21,0.5,0.25,0.16666666666666666,0.2,0.9892857142857143,0.972027972027972,277,3,5,1
RF Class Weight | 8 Features,22,0.05,0.04838709677419355,0.5,0.08823529411764706,0.7892857142857143,0.7832167832167832,221,59,3,3
RF Class Weight | 8 Features,22,0.1,0.0625,0.3333333333333333,0.10526315789473684,0.8928571428571429,0.8811188811188811,250,30,4,2
RF Class Weight | 8 Features,22,0.15,0.041666666666666664,0.16666666666666666,0.06666666666666667,0.9178571428571428,0.9020979020979021,257,23,5,1
RF Class Weight | 8 Features,22,0.2,0.1,0.16666666666666666,0.125,0.9678571428571429,0.951048951048951,271,9,5,1
RF Class Weight | 8 Features,22,0.25,0.1111111111111111,0.16666666666666666,0.13333333333333333,0.9714285714285714,0.9545454545454546,272,8,5,1
RF Class Weight | 8 Features,22,0.3,0.125,0.16666666666666666,0.14285714285714285,0.975,0.958041958041958,273,7,5,1
RF Class Weight | 8 Features,22,0.35,0.2,0.16666666666666666,0.18181818181818182,0.9857142857142858,0.9685314685314685,276,4,5,1
RF Class Weight | 8 Features,22,0.4,0.3333333333333333,0.16666666666666666,0.2222222222222222,0.9928571428571429,0.9755244755244755,278,2,5,1
RF Class Weight | 8 Features,22,0.45,0.3333333333333333,0.16666666666666666,0.2222222222222222,0.9928571428571429,0.9755244755244755,278,2,5,1
RF Class Weight | 8 Features,22,0.5,0.3333333333333333,0.16666666666666666,0.2222222222222222,0.9928571428571429,0.9755244755244755,278,2,5,1
RF Class Weight | 8 Features,23,0.05,0.03389830508474576,0.3333333333333333,0.06153846153846154,0.7964285714285714,0.7867132867132867,223,57,4,2
RF Class Weight | 8 Features,23,0.1,0.07142857142857142,0.3333333333333333,0.11764705882352941,0.9071428571428571,0.8951048951048951,254,26,4,2
RF Class Weight | 8 Features,23,0.15,0.08695652173913043,0.3333333333333333,0.13793103448275862,0.925,0.9125874125874126,259,21,4,2
RF Class Weight | 8 Features,23,0.2,0.13333333333333333,0.3333333333333333,0.19047619047619047,0.9535714285714286,0.9405594405594405,267,13,4,2
RF Class Weight | 8 Features,23,0.25,0.16666666666666666,0.3333333333333333,0.2222222222222222,0.9642857142857143,0.951048951048951,270,10,4,2
RF Class Weight | 8 Features,23,0.3,0.18181818181818182,0.3333333333333333,0.23529411764705882,0.9678571428571429,0.9545454545454546,271,9,4,2
RF Class Weight | 8 Features,23,0.35,0.2,0.3333333333333333,0.25,0.9714285714285714,0.958041958041958,272,8,4,2
RF Class Weight | 8 Features,23,0.4,0.2857142857142857,0.3333333333333333,0.3076923076923077,0.9821428571428571,0.9685314685314685,275,5,4,2
RF Class Weight | 8 Features,23,0.45,0.25,0.16666666666666666,0.2,0.9892857142857143,0.972027972027972,277,3,5,1
RF Class Weight | 8 Features,23,0.5,0.25,0.16666666666666666,0.2,0.9892857142857143,0.972027972027972,277,3,5,1
RF Class Weight | 8 Features,24,0.05,0.057971014492753624,0.6666666666666666,0.10666666666666667,0.7678571428571429,0.7657342657342657,215,65,2,4
RF Class Weight | 8 Features,24,0.1,0.07692307692307693,0.5,0.13333333333333333,0.8714285714285714,0.8636363636363636,244,36,3,3
RF Class Weight | 8 Features,24,0.15,0.125,0.5,0.2,0.925,0.916083916083916,259,21,3,3
RF Class Weight | 8 Features,24,0.2,0.15,0.5,0.23076923076923078,0.9392857142857143,0.9300699300699301,263,17,3,3
RF Class Weight | 8 Features,24,0.25,0.21428571428571427,0.5,0.3,0.9607142857142857,0.951048951048951,269,11,3,3
RF Class Weight | 8 Features,24,0.3,0.2,0.3333333333333333,0.25,0.9714285714285714,0.958041958041958,272,8,4,2
RF Class Weight | 8 Features,24,0.35,0.25,0.3333333333333333,0.2857142857142857,0.9785714285714285,0.965034965034965,274,6,4,2
RF Class Weight | 8 Features,24,0.4,0.2,0.16666666666666666,0.18181818181818182,0.9857142857142858,0.9685314685314685,276,4,5,1
RF Class Weight | 8 Features,24,0.45,0.25,0.16666666666666666,0.2,0.9892857142857143,0.972027972027972,277,3,5,1
RF Class Weight | 8 Features,24,0.5,0.25,0.16666666666666666,0.2,0.9892857142857143,0.972027972027972,277,3,5,1
RF Class Weight | 8 Features,25,0.05,0.058823529411764705,0.5,0.10526315789473684,0.8285714285714286,0.8216783216783217,232,48,3,3
RF Class Weight | 8 Features,25,0.1,0.04,0.16666666666666666,0.06451612903225806,0.9142857142857143,0.8986013986013986,256,24,5,1
RF Class Weight | 8 Features,25,0.15,0.058823529411764705,0.16666666666666666,0.08695652173913043,0.9428571428571428,0.9265734265734266,264,16,5,1
RF Class Weight | 8 Features,25,0.2,0.08333333333333333,0.16666666666666666,0.1111111111111111,0.9607142857142857,0.9440559440559441,269,11,5,1
RF Class Weight | 8 Features,25,0.25,0.0,0.0,0.0,0.9642857142857143,0.9440559440559441,270,10,6,0
RF Class Weight | 8 Features,25,0.3,0.0,0.0,0.0,0.9714285714285714,0.951048951048951,272,8,6,0
RF Class Weight | 8 Features,25,0.35,0.0,0.0,0.0,0.975,0.9545454545454546,273,7,6,0
RF Class Weight | 8 Features,25,0.4,0.0,0.0,0.0,0.9928571428571429,0.972027972027972,278,2,6,0
RF Class Weight | 8 Features,25,0.45,0.0,0.0,0.0,0.9928571428571429,0.972027972027972,278,2,6,0
RF Class Weight | 8 Features,25,0.5,0.0,0.0,0.0,0.9964285714285714,0.9755244755244755,279,1,6,0
RF Class Weight | 8 Features,26,0.05,0.037037037037037035,0.5,0.06896551724137931,0.7214285714285714,0.7167832167832168,202,78,3,3
RF Class Weight | 8 Features,26,0.1,0.05555555555555555,0.5,0.1,0.8178571428571428,0.8111888111888111,229,51,3,3
RF Class Weight | 8 Features,26,0.15,0.05128205128205128,0.3333333333333333,0.08888888888888889,0.8678571428571429,0.8566433566433567,243,37,4,2
RF Class Weight | 8 Features,26,0.2,0.07407407407407407,0.3333333333333333,0.12121212121212122,0.9107142857142857,0.8986013986013986,255,25,4,2
RF Class Weight | 8 Features,26,0.25,0.09523809523809523,0.3333333333333333,0.14814814814814814,0.9321428571428572,0.9195804195804196,261,19,4,2
RF Class Weight | 8 Features,26,0.3,0.1111111111111111,0.3333333333333333,0.16666666666666666,0.9428571428571428,0.9300699300699301,264,16,4,2
RF Class Weight | 8 Features,26,0.35,0.15384615384615385,0.3333333333333333,0.21052631578947367,0.9607142857142857,0.9475524475524476,269,11,4,2
RF Class Weight | 8 Features,26,0.4,0.16666666666666666,0.16666666666666666,0.16666666666666666,0.9821428571428571,0.965034965034965,275,5,5,1
RF Class Weight | 8 Features,26,0.45,0.5,0.16666666666666666,0.25,0.9964285714285714,0.9790209790209791,279,1,5,1
RF Class Weight | 8 Features,26,0.5,0.5,0.16666666666666666,0.25,0.9964285714285714,0.9790209790209791,279,1,5,1
RF Class Weight | 8 Features,27,0.05,0.031746031746031744,0.3333333333333333,0.057971014492753624,0.7821428571428571,0.7727272727272727,219,61,4,2
RF Class Weight | 8 Features,27,0.1,0.07692307692307693,0.3333333333333333,0.125,0.9142857142857143,0.9020979020979021,256,24,4,2
RF Class Weight | 8 Features,27,0.15,0.125,0.3333333333333333,0.18181818181818182,0.95,0.9370629370629371,266,14,4,2
RF Class Weight | 8 Features,27,0.2,0.18181818181818182,0.3333333333333333,0.23529411764705882,0.9678571428571429,0.9545454545454546,271,9,4,2
RF Class Weight | 8 Features,27,0.25,0.1111111111111111,0.16666666666666666,0.13333333333333333,0.9714285714285714,0.9545454545454546,272,8,5,1
RF Class Weight | 8 Features,27,0.3,0.14285714285714285,0.16666666666666666,0.15384615384615385,0.9785714285714285,0.9615384615384616,274,6,5,1
RF Class Weight | 8 Features,27,0.35,0.2,0.16666666666666666,0.18181818181818182,0.9857142857142858,0.9685314685314685,276,4,5,1
RF Class Weight | 8 Features,27,0.4,0.5,0.16666666666666666,0.25,0.9964285714285714,0.9790209790209791,279,1,5,1
RF Class Weight | 8 Features,27,0.45,0.5,0.16666666666666666,0.25,0.9964285714285714,0.9790209790209791,279,1,5,1
RF Class Weight | 8 Features,27,0.5,0.5,0.16666666666666666,0.25,0.9964285714285714,0.9790209790209791,279,1,5,1
RF Class Weight | 8 Features,28,0.05,0.05660377358490566,0.5,0.1016949152542373,0.8214285714285714,0.8146853146853147,230,50,3,3
RF Class Weight | 8 Features,28,0.1,0.02702702702702703,0.16666666666666666,0.046511627906976744,0.8714285714285714,0.8566433566433567,244,36,5,1
RF Class Weight | 8 Features,28,0.15,0.041666666666666664,0.16666666666666666,0.06666666666666667,0.9178571428571428,0.9020979020979021,257,23,5,1
RF Class Weight | 8 Features,28,0.2,0.06666666666666667,0.16666666666666666,0.09523809523809523,0.95,0.9335664335664335,266,14,5,1
RF Class Weight | 8 Features,28,0.25,0.09090909090909091,0.16666666666666666,0.11764705882352941,0.9642857142857143,0.9475524475524476,270,10,5,1
RF Class Weight | 8 Features,28,0.3,0.0,0.0,0.0,0.975,0.9545454545454546,273,7,6,0
RF Class Weight | 8 Features,28,0.35,0.0,0.0,0.0,0.975,0.9545454545454546,273,7,6,0
RF Class Weight | 8 Features,28,0.4,0.0,0.0,0.0,0.9857142857142858,0.965034965034965,276,4,6,0
RF Class Weight | 8 Features,28,0.45,0.0,0.0,0.0,0.9892857142857143,0.9685314685314685,277,3,6,0
RF Class Weight | 8 Features,28,0.5,0.0,0.0,0.0,0.9892857142857143,0.9685314685314685,277,3,6,0
RF Class Weight | 8 Features,29,0.05,0.06329113924050633,0.8333333333333334,0.11764705882352941,0.7357142857142858,0.7377622377622378,206,74,1,5
RF Class Weight | 8 Features,29,0.1,0.09302325581395349,0.6666666666666666,0.16326530612244897,0.8607142857142858,0.8566433566433567,241,39,2,4
RF Class Weight | 8 Features,29,0.15,0.11538461538461539,0.5,0.1875,0.9178571428571428,0.9090909090909091,257,23,3,3
RF Class Weight | 8 Features,29,0.2,0.09523809523809523,0.3333333333333333,0.14814814814814814,0.9321428571428572,0.9195804195804196,261,19,4,2
RF Class Weight | 8 Features,29,0.25,0.1,0.16666666666666666,0.125,0.9678571428571429,0.951048951048951,271,9,5,1
RF Class Weight | 8 Features,29,0.3,0.16666666666666666,0.16666666666666666,0.16666666666666666,0.9821428571428571,0.965034965034965,275,5,5,1
RF Class Weight | 8 Features,29,0.35,0.25,0.16666666666666666,0.2,0.9892857142857143,0.972027972027972,277,3,5,1
RF Class Weight | 8 Features,29,0.4,0.25,0.16666666666666666,0.2,0.9892857142857143,0.972027972027972,277,3,5,1
RF Class Weight | 8 Features,29,0.45,0.3333333333333333,0.16666666666666666,0.2222222222222222,0.9928571428571429,0.9755244755244755,278,2,5,1
RF Class Weight | 8 Features,29,0.5,0.3333333333333333,0.16666666666666666,0.2222222222222222,0.9928571428571429,0.9755244755244755,278,2,5,1
RF Class Weight | 8 Features,30,0.05,0.03773584905660377,0.3333333333333333,0.06779661016949153,0.8178571428571428,0.8076923076923077,229,51,4,2
RF Class Weight | 8 Features,30,0.1,0.08,0.3333333333333333,0.12903225806451613,0.9178571428571428,0.9055944055944056,257,23,4,2
RF Class Weight | 8 Features,30,0.15,0.08333333333333333,0.16666666666666666,0.1111111111111111,0.9607142857142857,0.9440559440559441,269,11,5,1
RF Class Weight | 8 Features,30,0.2,0.1,0.16666666666666666,0.125,0.9678571428571429,0.951048951048951,271,9,5,1
RF Class Weight | 8 Features,30,0.25,0.16666666666666666,0.16666666666666666,0.16666666666666666,0.9821428571428571,0.965034965034965,275,5,5,1
RF Class Weight | 8 Features,30,0.3,0.3333333333333333,0.16666666666666666,0.2222222222222222,0.9928571428571429,0.9755244755244755,278,2,5,1
RF Class Weight | 8 Features,30,0.35,0.5,0.16666666666666666,0.25,0.9964285714285714,0.9790209790209791,279,1,5,1
RF Class Weight | 8 Features,30,0.4,0.0,0.0,0.0,0.9964285714285714,0.9755244755244755,279,1,6,0
RF Class Weight | 8 Features,30,0.45,0.0,0.0,0.0,1.0,0.9790209790209791,280,0,6,0
RF Class Weight | 8 Features,30,0.5,0.0,0.0,0.0,1.0,0.9790209790209791,280,0,6,0
