mean_fit_time,std_fit_time,mean_score_time,std_score_time,param_model__n_estimators,param_model__min_samples_split,param_model__min_samples_leaf,param_model__max_features,param_model__max_depth,params,split0_test_pr_auc,split1_test_pr_auc,split2_test_pr_auc,split3_test_pr_auc,split4_test_pr_auc,split5_test_pr_auc,split6_test_pr_auc,split7_test_pr_auc,split8_test_pr_auc,split9_test_pr_auc,split10_test_pr_auc,split11_test_pr_auc,split12_test_pr_auc,split13_test_pr_auc,split14_test_pr_auc,mean_test_pr_auc,std_test_pr_auc,rank_test_pr_auc,split0_test_roc_auc,split1_test_roc_auc,split2_test_roc_auc,split3_test_roc_auc,split4_test_roc_auc,split5_test_roc_auc,split6_test_roc_auc,split7_test_roc_auc,split8_test_roc_auc,split9_test_roc_auc,split10_test_roc_auc,split11_test_roc_auc,split12_test_roc_auc,split13_test_roc_auc,split14_test_roc_auc,mean_test_roc_auc,std_test_roc_auc,rank_test_roc_auc,split0_test_precision,split1_test_precision,split2_test_precision,split3_test_precision,split4_test_precision,split5_test_precision,split6_test_precision,split7_test_precision,split8_test_precision,split9_test_precision,split10_test_precision,split11_test_precision,split12_test_precision,split13_test_precision,split14_test_precision,mean_test_precision,std_test_precision,rank_test_precision,split0_test_recall,split1_test_recall,split2_test_recall,split3_test_recall,split4_test_recall,split5_test_recall,split6_test_recall,split7_test_recall,split8_test_recall,split9_test_recall,split10_test_recall,split11_test_recall,split12_test_recall,split13_test_recall,split14_test_recall,mean_test_recall,std_test_recall,rank_test_recall,split0_test_f1,split1_test_f1,split2_test_f1,split3_test_f1,split4_test_f1,split5_test_f1,split6_test_f1,split7_test_f1,split8_test_f1,split9_test_f1,split10_test_f1,split11_test_f1,split12_test_f1,split13_test_f1,split14_test_f1,mean_test_f1,std_test_f1,rank_test_f1,Model,param_n_estimators,param_min_samples_split,param_min_samples_leaf,param_max_features,param_max_depth,param_class_weight
2.2227055708567303,0.5225484449458079,0.39020438194274903,0.07356653438129473,200.0,10.0,2.0,,12,"{'model__n_estimators': 200, 'model__min_samples_split': 10, 'model__min_samples_leaf': 2, 'model__max_features': None, 'model__max_depth': 12}",0.0423729315746422,0.24516598452768662,0.01997007967157221,0.2435819735819736,0.23483971347046387,0.3145830777409725,0.05042293328413085,0.3719060265846319,0.2142233991498697,0.21768971768971768,0.08438076174167805,0.28017386474833283,0.03844965988853475,0.3686021628644579,0.05344156777643016,0.18532025695300633,0.12125662281989925,19,0.6428571428571428,0.7964285714285715,0.3714285714285714,0.8008928571428573,0.7788690476190476,0.6639880952380952,0.6023809523809524,0.9083333333333332,0.6416666666666666,0.5434523809523809,0.6782738095238094,0.7541666666666667,0.6053571428571429,0.7526785714285715,0.6901785714285714,0.682063492063492,0.12368528501463269,20,0.0,0.2857142857142857,0.0,0.0,0.3333333333333333,0.3333333333333333,0.0,0.5,0.16666666666666666,0.125,0.0625,0.25,0.0,0.2,0.0,0.15043650793650792,0.15581971618064666,21,0.0,0.3333333333333333,0.0,0.0,0.16666666666666666,0.3333333333333333,0.0,0.16666666666666666,0.16666666666666666,0.16666666666666666,0.16666666666666666,0.16666666666666666,0.0,0.3333333333333333,0.0,0.13333333333333336,0.12472191289246472,28,0.0,0.3076923076923077,0.0,0.0,0.2222222222222222,0.3333333333333333,0.0,0.25,0.16666666666666666,0.14285714285714285,0.09090909090909091,0.2,0.0,0.25,0.0,0.1309120509120509,0.12098190253546787,25,RF + SMOTE | 26 Features,,,,,,
4.992897288004557,0.339009880135729,0.9233413537343343,0.11479184223498708,700.0,5.0,6.0,0.5,6,"{'model__n_estimators': 700, 'model__min_samples_split': 5, 'model__min_samples_leaf': 6, 'model__max_features': 0.5, 'model__max_depth': 6}",0.047396091913776174,0.18371888929243232,0.10610657248389176,0.23507870159458819,0.30797117176026456,0.230817145375825,0.19135152241558231,0.2779978228511492,0.2093228387532875,0.24937393830109394,0.05992679590233247,0.2426592302863489,0.05133926412901836,0.2990392782227844,0.04551821764654394,0.18250783206192792,0.0922005906822979,22,0.5892857142857143,0.7875000000000001,0.5693452380952381,0.7732142857142857,0.7333333333333334,0.7767857142857143,0.5904761904761905,0.8898809523809523,0.6553571428571429,0.5702380952380952,0.6851190476190476,0.7458333333333333,0.6666666666666667,0.6541666666666667,0.725,0.6941468253968253,0.09014007027306702,9,0.14285714285714285,0.16666666666666666,0.2,0.6666666666666666,0.3333333333333333,0.25,0.3333333333333333,0.3333333333333333,0.1,0.2,0.0625,0.16666666666666666,0.1111111111111111,0.3333333333333333,0.0,0.2266534391534392,0.1555694516972768,15,0.16666666666666666,0.3333333333333333,0.16666666666666666,0.3333333333333333,0.3333333333333333,0.5,0.16666666666666666,0.16666666666666666,0.16666666666666666,0.3333333333333333,0.16666666666666666,0.3333333333333333,0.16666666666666666,0.3333333333333333,0.0,0.24444444444444444,0.11967032904743341,8,0.15384615384615385,0.2222222222222222,0.18181818181818182,0.4444444444444444,0.3333333333333333,0.3333333333333333,0.2222222222222222,0.2222222222222222,0.125,0.25,0.09090909090909091,0.2222222222222222,0.13333333333333333,0.3333333333333333,0.0,0.2178826728826729,0.10868790348870368,7,RF + SMOTE | 26 Features,,,,,,
5.409442742665608,0.7906567340928085,0.9738873481750489,0.22437604560576452,700.0,2.0,1.0,0.5,8,"{'model__n_estimators': 700, 'model__min_samples_split': 2, 'model__min_samples_leaf': 1, 'model__max_features': 0.5, 'model__max_depth': 8}",0.10819757776200027,0.3368595325491877,0.035607194045298496,0.32316295238734777,0.3288857323835846,0.23041009217142513,0.19409938197781496,0.3545836936866106,0.2059564424585304,0.21920294069653914,0.09501074755543473,0.2959733124283742,0.060518266762830314,0.3105121737678927,0.06703114171946481,0.21106741215682234,0.10923031165126443,9,0.6059523809523809,0.7348214285714286,0.575595238095238,0.7773809523809524,0.7907738095238095,0.780952380952381,0.5824404761904762,0.9125,0.6886904761904762,0.5523809523809523,0.6892857142857143,0.7610119047619047,0.6318452380952382,0.6892857142857143,0.706547619047619,0.6986309523809524,0.0951569470754478,6,0.25,0.2857142857142857,0.0,1.0,0.5,0.2,0.5,0.5,0.2,0.125,0.125,0.4,0.16666666666666666,0.2857142857142857,0.1,0.3092063492063492,0.23814065704361154,11,0.16666666666666666,0.3333333333333333,0.0,0.16666666666666666,0.3333333333333333,0.16666666666666666,0.16666666666666666,0.16666666666666666,0.16666666666666666,0.16666666666666666,0.16666666666666666,0.3333333333333333,0.16666666666666666,0.3333333333333333,0.16666666666666666,0.2,0.09026709338484401,15,0.2,0.3076923076923077,0.0,0.2857142857142857,0.4,0.18181818181818182,0.25,0.25,0.18181818181818182,0.14285714285714285,0.14285714285714285,0.36363636363636365,0.16666666666666666,0.3076923076923077,0.125,0.22038350538350535,0.10000487839995385,5,RF + SMOTE | 26 Features,,,,,,
3.3252050081888833,0.37094223653925845,0.6535649617513021,0.08595367329408736,500.0,2.0,1.0,sqrt,8,"{'model__n_estimators': 500, 'model__min_samples_split': 2, 'model__min_samples_leaf': 1, 'model__max_features': 'sqrt', 'model__max_depth': 8}",0.18697135459827235,0.27791767980447224,0.10519524839531703,0.3685988103527204,0.24890000031047124,0.14634605764194197,0.1900895285220245,0.2672377044727567,0.19231929548092178,0.07681213012039145,0.20374972770025246,0.3033438065765652,0.06992382149582961,0.21681268371304296,0.06941180100545741,0.19490864334602911,0.08692474408502258,14,0.5226190476190475,0.7559523809523809,0.5636904761904762,0.724404761904762,0.7488095238095237,0.7339285714285714,0.5401785714285714,0.8619047619047618,0.5851190476190475,0.5470238095238095,0.6791666666666666,0.7517857142857144,0.6360119047619048,0.6452380952380953,0.7595238095238094,0.6703571428571427,0.0987357369360219,26,0.3333333333333333,0.2857142857142857,0.5,0.6666666666666666,0.25,0.16666666666666666,1.0,0.0,0.3333333333333333,0.0,0.2,0.5,0.2,0.25,0.0,0.31238095238095237,0.26042903145248686,10,0.16666666666666666,0.3333333333333333,0.16666666666666666,0.3333333333333333,0.16666666666666666,0.16666666666666666,0.16666666666666666,0.0,0.16666666666666666,0.0,0.16666666666666666,0.3333333333333333,0.16666666666666666,0.16666666666666666,0.0,0.16666666666666666,0.10540925533894598,20,0.2222222222222222,0.3076923076923077,0.25,0.4444444444444444,0.2,0.16666666666666666,0.2857142857142857,0.0,0.2222222222222222,0.0,0.18181818181818182,0.4,0.18181818181818182,0.2,0.0,0.20417323417323416,0.12746145627503253,13,RF + SMOTE | 26 Features,,,,,,
6.739912478129069,0.7668129890610241,1.183602794011434,0.34745168063031406,700.0,5.0,4.0,,6,"{'model__n_estimators': 700, 'model__min_samples_split': 5, 'model__min_samples_leaf': 4, 'model__max_features': None, 'model__max_depth': 6}",0.041238479074613525,0.2043326238978413,0.02476222686349376,0.16033249904217645,0.24117655056149223,0.30391402439595205,0.045574328187173524,0.25512037084495415,0.20631985678991668,0.2186708640804686,0.0409020923914541,0.21411339915433583,0.03264453404298235,0.3560849755668968,0.03760564540281876,0.15885283135310468,0.10836075112689199,28,0.6318452380952382,0.76875,0.5434523809523809,0.8160714285714286,0.7613095238095238,0.713095238095238,0.6038690476190476,0.8916666666666667,0.6351190476190476,0.5508928571428571,0.6693452380952382,0.7416666666666667,0.6300595238095238,0.6696428571428572,0.6657738095238095,0.686170634920635,0.0932713509635023,14,0.0,0.14285714285714285,0.0,0.3333333333333333,0.2,0.25,0.0,0.14285714285714285,0.1,0.2222222222222222,0.045454545454545456,0.07142857142857142,0.0,0.2857142857142857,0.0,0.1195911495911496,0.1119762824182412,24,0.0,0.3333333333333333,0.0,0.16666666666666666,0.16666666666666666,0.5,0.0,0.16666666666666666,0.16666666666666666,0.3333333333333333,0.16666666666666666,0.16666666666666666,0.0,0.3333333333333333,0.0,0.16666666666666666,0.14907119849998599,20,0.0,0.2,0.0,0.2222222222222222,0.18181818181818182,0.3333333333333333,0.0,0.15384615384615385,0.125,0.26666666666666666,0.07142857142857142,0.1,0.0,0.3076923076923077,0.0,0.1308004958004958,0.11463026943730592,26,RF + SMOTE | 26 Features,,,,,,
3.1499787171681723,0.27499995559404805,0.6464236418406168,0.09104628630614221,500.0,10.0,2.0,log2,4,"{'model__n_estimators': 500, 'model__min_samples_split': 10, 'model__min_samples_leaf': 2, 'model__max_features': 'log2', 'model__max_depth': 4}",0.06350319308926954,0.30366763861387513,0.10903397823050183,0.2827750016953882,0.10518853695324283,0.1850377797598909,0.19055127464756194,0.24054834054834054,0.18817220107044616,0.060389193506048905,0.24691792731698833,0.2403008785400067,0.04958524040848124,0.20415925264125,0.158181229434862,0.1752007777637436,0.07919327321723732,25,0.5452380952380953,0.782142857142857,0.6220238095238096,0.7553571428571428,0.7660714285714286,0.7452380952380953,0.5842261904761905,0.9047619047619048,0.5386904761904762,0.6434523809523809,0.7148809523809524,0.7452380952380953,0.6553571428571429,0.6833333333333333,0.7952380952380953,0.6987500000000002,0.09811227265794698,5,0.058823529411764705,0.15,0.09090909090909091,0.25,0.041666666666666664,0.1111111111111111,0.3333333333333333,0.2727272727272727,0.043478260869565216,0.06666666666666667,0.1111111111111111,0.058823529411764705,0.06666666666666667,0.07692307692307693,0.058823529411764705,0.11940425634799036,0.08884428043629779,25,0.16666666666666666,0.5,0.16666666666666666,0.3333333333333333,0.16666666666666666,0.3333333333333333,0.16666666666666666,0.5,0.16666666666666666,0.16666666666666666,0.3333333333333333,0.3333333333333333,0.16666666666666666,0.16666666666666666,0.3333333333333333,0.26666666666666666,0.11863420280034791,3,0.08695652173913043,0.23076923076923078,0.11764705882352941,0.2857142857142857,0.06666666666666667,0.16666666666666666,0.2222222222222222,0.35294117647058826,0.06896551724137931,0.09523809523809523,0.16666666666666666,0.1,0.09523809523809523,0.10526315789473684,0.1,0.15073035742341956,0.083034973741709,23,RF + SMOTE | 26 Features,,,,,,
6.566718626022339,0.6266178628846645,1.150911776224772,0.25068276865442235,700.0,15.0,4.0,,,"{'model__n_estimators': 700, 'model__min_samples_split': 15, 'model__min_samples_leaf': 4, 'model__max_features': None, 'model__max_depth': None}",0.04570238584944468,0.20234083655136287,0.023234866984866986,0.24795640867069435,0.2361784092081035,0.29012308829382,0.05950520185915375,0.287183016349683,0.2058927183927184,0.22176341369728597,0.04235040735600145,0.23808693023036295,0.037973849287140427,0.3667672933826049,0.035687608915652064,0.16938309566859297,0.11193554671951272,27,0.6788690476190478,0.7758928571428572,0.5163690476190476,0.7919642857142859,0.7904761904761904,0.7160714285714285,0.6136904761904762,0.906547619047619,0.6142857142857143,0.6142857142857143,0.6309523809523809,0.7258928571428571,0.6086309523809523,0.7348214285714285,0.6169642857142857,0.689047619047619,0.09720350483900074,12,0.0,0.25,0.0,0.0,0.16666666666666666,0.3333333333333333,0.0,0.16666666666666666,0.2,0.2222222222222222,0.058823529411764705,0.2,0.0,0.18181818181818182,0.0,0.1186353733412557,0.11074058709461156,26,0.0,0.3333333333333333,0.0,0.0,0.16666666666666666,0.3333333333333333,0.0,0.16666666666666666,0.16666666666666666,0.3333333333333333,0.16666666666666666,0.16666666666666666,0.0,0.3333333333333333,0.0,0.14444444444444446,0.134256066373273,23,0.0,0.2857142857142857,0.0,0.0,0.16666666666666666,0.3333333333333333,0.0,0.16666666666666666,0.18181818181818182,0.26666666666666666,0.08695652173913043,0.18181818181818182,0.0,0.23529411764705882,0.0,0.1269956414713448,0.11734067140874946,27,RF + SMOTE | 26 Features,,,,,,
1.7050617376963297,0.22530369248024634,0.4104865868886312,0.18518320022898638,200.0,2.0,2.0,,4,"{'model__n_estimators': 200, 'model__min_samples_split': 2, 'model__min_samples_leaf': 2, 'model__max_features': None, 'model__max_depth': 4}",0.032638146973322416,0.2492201302853922,0.02368873002200276,0.14589577665148126,0.24080023561808092,0.34865967365967365,0.031015833779155268,0.0636699201868987,0.20384797196063445,0.22279480385777758,0.03412728571026752,0.21029864790349354,0.027192927968722913,0.30146120252785935,0.04290810325748187,0.14521462602414964,0.11054972760364822,30,0.5836309523809523,0.7428571428571428,0.4788690476190476,0.7785714285714286,0.7288690476190476,0.7190476190476189,0.5860119047619048,0.7961309523809524,0.6491071428571429,0.5726190476190476,0.6529761904761905,0.7470238095238095,0.48720238095238094,0.674404761904762,0.7017857142857143,0.6599404761904761,0.09625994466201448,30,0.0,0.08571428571428572,0.0,0.25,0.1111111111111111,0.10344827586206896,0.0,0.045454545454545456,0.07407407407407407,0.2222222222222222,0.0,0.029411764705882353,0.0,0.25,0.03508771929824561,0.08043493322949571,0.08846072064769736,29,0.0,0.5,0.0,0.3333333333333333,0.3333333333333333,0.5,0.0,0.16666666666666666,0.3333333333333333,0.3333333333333333,0.0,0.16666666666666666,0.0,0.3333333333333333,0.3333333333333333,0.22222222222222224,0.17916128329552333,10,0.0,0.14634146341463414,0.0,0.2857142857142857,0.16666666666666666,0.17142857142857143,0.0,0.07142857142857142,0.12121212121212122,0.26666666666666666,0.0,0.05,0.0,0.2857142857142857,0.06349206349206349,0.10857764638252441,0.1040662788450182,29,RF + SMOTE | 26 Features,,,,,,
2.156031942367554,0.1468458975922205,0.44666115442911786,0.05256614127089774,300.0,5.0,2.0,0.5,4,"{'model__n_estimators': 300, 'model__min_samples_split': 5, 'model__min_samples_leaf': 2, 'model__max_features': 0.5, 'model__max_depth': 4}",0.038345325294551216,0.4296677118086163,0.10808014387588381,0.3125196220405402,0.2454880549521829,0.3335446509226997,0.18999387440597415,0.30315025629962145,0.2072485536071224,0.11135545724375073,0.059694746065283764,0.2399250306333618,0.04090969636424182,0.24500451099288306,0.047615377205952575,0.19416953411417773,0.11828471574797202,15,0.5851190476190476,0.805952380952381,0.6017857142857143,0.7755952380952381,0.7654761904761904,0.7845238095238095,0.5880952380952381,0.8678571428571429,0.6404761904761904,0.6142857142857143,0.7053571428571429,0.7833333333333333,0.687202380952381,0.6833333333333333,0.7619047619047619,0.7100198412698414,0.08661997168572022,1,0.08333333333333333,0.1111111111111111,0.05,0.3333333333333333,0.13333333333333333,0.125,0.5,0.16666666666666666,0.11764705882352941,0.18181818181818182,0.043478260869565216,0.06666666666666667,0.037037037037037035,0.25,0.025,0.14829499886618386,0.12434921718217619,22,0.16666666666666666,0.5,0.16666666666666666,0.3333333333333333,0.3333333333333333,0.5,0.16666666666666666,0.3333333333333333,0.3333333333333333,0.3333333333333333,0.16666666666666666,0.3333333333333333,0.16666666666666666,0.3333333333333333,0.16666666666666666,0.2888888888888889,0.11331154474650633,2,0.1111111111111111,0.18181818181818182,0.07692307692307693,0.3333333333333333,0.19047619047619047,0.2,0.25,0.2222222222222222,0.17391304347826086,0.23529411764705882,0.06896551724137931,0.1111111111111111,0.06060606060606061,0.2857142857142857,0.043478260869565216,0.16966443417012253,0.08513224608951067,20,RF + SMOTE | 26 Features,,,,,,
4.828234656651815,0.4710836431436117,0.9577125708262125,0.258855244771069,500.0,10.0,2.0,,8,"{'model__n_estimators': 500, 'model__min_samples_split': 10, 'model__min_samples_leaf': 2, 'model__max_features': None, 'model__max_depth': 8}",0.043605350201046764,0.2491688177296401,0.020880103293331783,0.24160595564197257,0.23628745981687158,0.3091142191142191,0.043398834409914,0.33896457141160086,0.21512535083963655,0.21904758312525302,0.08030649905649906,0.22829296784000616,0.030217309249001366,0.3565469116939705,0.03762055079282905,0.17667883228105283,0.11690744625683308,24,0.6583333333333334,0.7833333333333334,0.4755952380952381,0.8113095238095238,0.7553571428571428,0.7047619047619047,0.5898809523809524,0.8958333333333334,0.6172619047619048,0.5538690476190475,0.6651785714285714,0.7449404761904762,0.5892857142857143,0.6863095238095238,0.6413690476190477,0.6781746031746032,0.1049321458277545,23,0.0,0.2,0.0,0.0,0.2,0.2857142857142857,0.0,0.3333333333333333,0.14285714285714285,0.125,0.058823529411764705,0.2,0.0,0.18181818181818182,0.0,0.11516976487564722,0.11145518237303277,27,0.0,0.3333333333333333,0.0,0.0,0.16666666666666666,0.3333333333333333,0.0,0.16666666666666666,0.16666666666666666,0.16666666666666666,0.16666666666666666,0.16666666666666666,0.0,0.3333333333333333,0.0,0.13333333333333336,0.12472191289246472,28,0.0,0.25,0.0,0.0,0.18181818181818182,0.3076923076923077,0.0,0.2222222222222222,0.15384615384615385,0.14285714285714285,0.08695652173913043,0.18181818181818182,0.0,0.23529411764705882,0.0,0.11750032197602531,0.10726280826876623,28,RF + SMOTE | 26 Features,,,,,,
4.57913080851237,0.3249646066470757,0.9006731669108073,0.22751224247078833,500.0,2.0,1.0,,6,"{'model__n_estimators': 500, 'model__min_samples_split': 2, 'model__min_samples_leaf': 1, 'model__max_features': None, 'model__max_depth': 6}",0.05273838965068622,0.2548958472213053,0.0215676516423107,0.26920194003527337,0.267994709855175,0.2869671671997253,0.19596023321714534,0.3342106095562317,0.20379391324802715,0.21810050203225248,0.07060917658492512,0.24390902962331534,0.03317419460432425,0.3572238515886057,0.040007998072514206,0.1900236809421211,0.11171650399290929,18,0.6553571428571429,0.7806547619047618,0.4809523809523809,0.8193452380952382,0.749107142857143,0.7127976190476191,0.5925595238095238,0.8940476190476191,0.6324404761904762,0.5333333333333333,0.7074404761904762,0.7636904761904761,0.6056547619047619,0.6824404761904762,0.6226190476190476,0.6821626984126986,0.10626228012860685,19,0.09090909090909091,0.16666666666666666,0.0,0.5,0.16666666666666666,0.25,0.16666666666666666,0.42857142857142855,0.08333333333333333,0.2222222222222222,0.05,0.13333333333333333,0.045454545454545456,0.2857142857142857,0.03125,0.17471921596921594,0.13931964892118928,18,0.16666666666666666,0.3333333333333333,0.0,0.16666666666666666,0.3333333333333333,0.5,0.16666666666666666,0.5,0.16666666666666666,0.3333333333333333,0.16666666666666666,0.3333333333333333,0.16666666666666666,0.3333333333333333,0.16666666666666666,0.25555555555555554,0.13425606637327303,5,0.11764705882352941,0.2222222222222222,0.0,0.25,0.2222222222222222,0.3333333333333333,0.16666666666666666,0.46153846153846156,0.1111111111111111,0.26666666666666666,0.07692307692307693,0.19047619047619047,0.07142857142857142,0.3076923076923077,0.05263157894736842,0.19003729787011528,0.11930411933292653,16,RF + SMOTE | 26 Features,,,,,,
1.4042513847351075,0.18592341432746326,0.3237793445587158,0.0432199502364932,200.0,15.0,6.0,sqrt,6,"{'model__n_estimators': 200, 'model__min_samples_split': 15, 'model__min_samples_leaf': 6, 'model__max_features': 'sqrt', 'model__max_depth': 6}",0.18662761605001066,0.2853037751830038,0.108564491464186,0.31423938940338964,0.21867361091687101,0.18933133650844658,0.18866196561543355,0.23280375835197714,0.19706102814698,0.06960585186957326,0.2053403271311436,0.22377546328860823,0.06663826808675975,0.2067614128337977,0.06671845565876161,0.18400711670059616,0.0729827940764891,21,0.5172619047619048,0.7857142857142857,0.6148809523809524,0.7738095238095238,0.7202380952380953,0.7452380952380953,0.5476190476190476,0.8809523809523809,0.5845238095238096,0.5714285714285714,0.6827380952380953,0.7535714285714286,0.6767857142857143,0.6428571428571428,0.7880952380952381,0.6857142857142856,0.10112369411624458,15,0.07692307692307693,0.21428571428571427,0.3333333333333333,0.4,0.1,0.2,1.0,0.2857142857142857,0.07142857142857142,0.1111111111111111,0.08333333333333333,0.13333333333333333,0.08333333333333333,0.2,0.05555555555555555,0.22322344322344323,0.23084619893817707,16,0.16666666666666666,0.5,0.16666666666666666,0.3333333333333333,0.16666666666666666,0.5,0.16666666666666666,0.3333333333333333,0.16666666666666666,0.16666666666666666,0.16666666666666666,0.3333333333333333,0.16666666666666666,0.16666666666666666,0.16666666666666666,0.24444444444444438,0.11967032904743344,9,0.10526315789473684,0.3,0.2222222222222222,0.36363636363636365,0.125,0.2857142857142857,0.2857142857142857,0.3076923076923077,0.1,0.13333333333333333,0.1111111111111111,0.19047619047619047,0.1111111111111111,0.18181818181818182,0.08333333333333333,0.1937617256038309,0.0901324328396058,14,RF + SMOTE | 26 Features,,,,,,
2.0560317198435465,0.21593935712295512,0.45946245193481444,0.07272093755396666,300.0,2.0,1.0,log2,,"{'model__n_estimators': 300, 'model__min_samples_split': 2, 'model__min_samples_leaf': 1, 'model__max_features': 'log2', 'model__max_depth': None}",0.1863181639064796,0.39574249280131635,0.10319168011475705,0.3187508165384272,0.2919498950628604,0.1798231782341952,0.19160100850383108,0.3707239791824879,0.18609713654162036,0.0756656451118676,0.21778929605016561,0.38095314394296853,0.08087050278061514,0.23188293188293188,0.22886014757066567,0.22934800121501261,0.10062787570550911,3,0.5380952380952382,0.6595238095238096,0.4797619047619048,0.7351190476190477,0.7830357142857143,0.7223214285714286,0.5741071428571428,0.8422619047619048,0.5062499999999999,0.5663690476190476,0.693154761904762,0.7389880952380952,0.5943452380952381,0.7038690476190477,0.7788690476190476,0.6610714285714285,0.10730027016778719,29,0.5,1.0,0.0,0.5,1.0,0.5,1.0,0.0,0.3333333333333333,0.0,1.0,0.5,0.25,0.5,0.0,0.4722222222222222,0.3722636792833546,1,0.16666666666666666,0.16666666666666666,0.0,0.16666666666666666,0.16666666666666666,0.16666666666666666,0.16666666666666666,0.0,0.16666666666666666,0.0,0.16666666666666666,0.16666666666666666,0.16666666666666666,0.16666666666666666,0.0,0.12222222222222225,0.07370277311900889,30,0.25,0.2857142857142857,0.0,0.25,0.2857142857142857,0.25,0.2857142857142857,0.0,0.2222222222222222,0.0,0.2857142857142857,0.25,0.2,0.25,0.0,0.18767195767195768,0.115499458252093,17,RF + SMOTE | 26 Features,,,,,,
1.3749103228251138,0.1579088987068654,0.33651369412740073,0.08558912214144326,200.0,15.0,4.0,sqrt,,"{'model__n_estimators': 200, 'model__min_samples_split': 15, 'model__min_samples_leaf': 4, 'model__max_features': 'sqrt', 'model__max_depth': None}",0.18724738638545724,0.42109495709955425,0.11268518461778507,0.37304110154755693,0.2366178102065199,0.15611648203843567,0.19117966360019423,0.35386868290679546,0.19467914209005124,0.07511734859360657,0.2144880521637851,0.2713230022638828,0.07865583725499875,0.2129217088223877,0.16946969231141895,0.2165670701268286,0.09874547329847871,8,0.5333333333333333,0.7625000000000001,0.6428571428571428,0.793452380952381,0.7505952380952381,0.7422619047619048,0.5830357142857143,0.8374999999999999,0.5845238095238094,0.5654761904761905,0.7125,0.7476190476190476,0.6821428571428572,0.6482142857142857,0.8202380952380952,0.6937499999999999,0.09357444510263505,10,0.125,0.5,0.5,1.0,0.2222222222222222,0.2,1.0,0.3333333333333333,0.25,0.14285714285714285,0.14285714285714285,0.3333333333333333,0.125,0.25,0.0,0.3416402116402117,0.2895859977805888,8,0.16666666666666666,0.5,0.16666666666666666,0.3333333333333333,0.3333333333333333,0.16666666666666666,0.16666666666666666,0.16666666666666666,0.16666666666666666,0.16666666666666666,0.16666666666666666,0.16666666666666666,0.16666666666666666,0.16666666666666666,0.0,0.19999999999999993,0.10886621079036349,17,0.14285714285714285,0.5,0.25,0.5,0.26666666666666666,0.18181818181818182,0.2857142857142857,0.2222222222222222,0.2,0.15384615384615385,0.15384615384615385,0.2222222222222222,0.14285714285714285,0.2,0.0,0.22813667813667815,0.1250401251543726,4,RF + SMOTE | 26 Features,,,,,,
3.2915582338968914,0.20493081840627084,0.6580104192097982,0.05424910600543749,500.0,10.0,1.0,log2,12,"{'model__n_estimators': 500, 'model__min_samples_split': 10, 'model__min_samples_leaf': 1, 'model__max_features': 'log2', 'model__max_depth': 12}",0.18814856888418818,0.3947621986604068,0.10382793903061695,0.36812118454352777,0.25415690098604143,0.19579483355643176,0.19026335725639976,0.34840329867965086,0.18942019540224925,0.08091321321109708,0.20903902670681912,0.34060833879873137,0.06944339889126455,0.2175537066624889,0.1410591114538483,0.21943435151491747,0.09998778053270958,6,0.5553571428571429,0.7255952380952381,0.5264880952380953,0.7452380952380953,0.7720238095238094,0.6952380952380951,0.5550595238095237,0.8053571428571429,0.5648809523809524,0.5476190476190477,0.6642857142857143,0.7285714285714286,0.5976190476190476,0.6559523809523811,0.7875,0.6617857142857144,0.09408853590535514,28,0.5,1.0,0.5,1.0,0.5,0.25,1.0,0.0,0.3333333333333333,0.0,0.5,0.5,0.2,0.5,0.0,0.4522222222222222,0.33126394682961774,2,0.16666666666666666,0.3333333333333333,0.16666666666666666,0.16666666666666666,0.16666666666666666,0.16666666666666666,0.16666666666666666,0.0,0.16666666666666666,0.0,0.16666666666666666,0.16666666666666666,0.16666666666666666,0.16666666666666666,0.0,0.14444444444444443,0.08314794192830981,24,0.25,0.5,0.25,0.2857142857142857,0.25,0.2,0.2857142857142857,0.0,0.2222222222222222,0.0,0.25,0.25,0.18181818181818182,0.25,0.0,0.2116979316979317,0.12608612377624237,9,RF + SMOTE | 26 Features,,,,,,
3.3615609645843505,0.09784372824753815,0.6292706648508708,0.03670586886637336,500.0,15.0,1.0,sqrt,6,"{'model__n_estimators': 500, 'model__min_samples_split': 15, 'model__min_samples_leaf': 1, 'model__max_features': 'sqrt', 'model__max_depth': 6}",0.0536834654367912,0.2790997667396765,0.1070055124331109,0.3671399231890904,0.2208426408538099,0.2655915025633335,0.1895435484990449,0.34378776667899863,0.19088574699599134,0.06611159432136834,0.20740705302966753,0.2598073823055291,0.06686332988487338,0.20970098164634776,0.07227795957339488,0.1933165449434019,0.09827623834394338,16,0.5255952380952381,0.7797619047619047,0.586309523809524,0.7577380952380952,0.7422619047619048,0.7541666666666667,0.5571428571428572,0.8863095238095238,0.5732142857142857,0.5738095238095238,0.7011904761904761,0.7589285714285715,0.6672619047619047,0.656547619047619,0.7934523809523809,0.687579365079365,0.10254413597877332,13,0.1,0.25,0.25,1.0,0.125,0.2,1.0,0.4,0.1,0.125,0.1111111111111111,0.18181818181818182,0.1,0.16666666666666666,0.0,0.273973063973064,0.29816245139050884,13,0.16666666666666666,0.5,0.16666666666666666,0.3333333333333333,0.16666666666666666,0.3333333333333333,0.16666666666666666,0.3333333333333333,0.16666666666666666,0.16666666666666666,0.16666666666666666,0.3333333333333333,0.16666666666666666,0.16666666666666666,0.0,0.22222222222222218,0.11653431646335013,13,0.125,0.3333333333333333,0.2,0.5,0.14285714285714285,0.25,0.2857142857142857,0.36363636363636365,0.125,0.14285714285714285,0.13333333333333333,0.23529411764705882,0.125,0.16666666666666666,0.0,0.2085794924030218,0.1193047367737916,10,RF + SMOTE | 26 Features,,,,,,
5.485248994827271,0.3758506495885986,0.9962923367818196,0.12928690660844216,700.0,5.0,1.0,0.5,12,"{'model__n_estimators': 700, 'model__min_samples_split': 5, 'model__min_samples_leaf': 1, 'model__max_features': 0.5, 'model__max_depth': 12}",0.08264355249091003,0.41981303010714777,0.062183196794379655,0.38373154623154626,0.30129273550326185,0.2812499001853928,0.19854590334025904,0.3952485380116959,0.2042157906770512,0.2238255588899669,0.1277821527821528,0.34366970269607183,0.06973506380935626,0.37527900027900024,0.11058622667997947,0.2386534598985448,0.12370500202388147,1,0.6354166666666666,0.7083333333333335,0.5431547619047619,0.7660714285714285,0.7949404761904761,0.736904761904762,0.6375,0.8922619047619047,0.6988095238095238,0.6556547619047619,0.6726190476190477,0.7336309523809524,0.6339285714285714,0.717857142857143,0.7208333333333333,0.7031944444444443,0.0788529458456126,3,0.25,0.5,0.0,1.0,0.5,0.25,0.5,1.0,0.25,0.125,0.14285714285714285,0.6666666666666666,0.16666666666666666,0.4,0.2,0.39674603174603185,0.29264815961539664,5,0.16666666666666666,0.3333333333333333,0.0,0.16666666666666666,0.3333333333333333,0.16666666666666666,0.16666666666666666,0.16666666666666666,0.16666666666666666,0.16666666666666666,0.16666666666666666,0.3333333333333333,0.16666666666666666,0.3333333333333333,0.16666666666666666,0.2,0.09026709338484401,15,0.2,0.4,0.0,0.2857142857142857,0.4,0.2,0.25,0.2857142857142857,0.2,0.14285714285714285,0.15384615384615385,0.4444444444444444,0.16666666666666666,0.36363636363636365,0.18181818181818182,0.24497983497983497,0.11553158685354051,1,RF + SMOTE | 26 Features,,,,,,
2.4200081825256348,0.20835054629223942,0.5052676041920979,0.12478761883001348,300.0,15.0,2.0,,4,"{'model__n_estimators': 300, 'model__min_samples_split': 15, 'model__min_samples_leaf': 2, 'model__max_features': None, 'model__max_depth': 4}",0.031023688697583728,0.29869391520693833,0.023429673711511688,0.1203408326557222,0.238290271030879,0.40421522921522923,0.031555274033308364,0.056162498764788585,0.20213282493984247,0.22463797289359422,0.034497483766086696,0.20947397667894563,0.032759994671799735,0.2988749704672031,0.04276289449734969,0.1499234334153855,0.12137969884601797,29,0.5830357142857142,0.7017857142857143,0.47470238095238093,0.761904761904762,0.7217261904761905,0.7196428571428571,0.580654761904762,0.7931547619047619,0.6324404761904762,0.6160714285714286,0.6553571428571429,0.7452380952380953,0.6258928571428573,0.6607142857142858,0.6886904761904762,0.6640674603174603,0.07979043752469947,27,0.0,0.09090909090909091,0.0,0.25,0.10526315789473684,0.10344827586206896,0.0,0.045454545454545456,0.06666666666666667,0.2222222222222222,0.0,0.03225806451612903,0.0,0.2222222222222222,0.03508771929824561,0.07823546433639518,0.08496361802454913,30,0.0,0.5,0.0,0.3333333333333333,0.3333333333333333,0.5,0.0,0.16666666666666666,0.3333333333333333,0.3333333333333333,0.0,0.16666666666666666,0.0,0.3333333333333333,0.3333333333333333,0.22222222222222224,0.17916128329552333,10,0.0,0.15384615384615385,0.0,0.2857142857142857,0.16,0.17142857142857143,0.0,0.07142857142857142,0.1111111111111111,0.26666666666666666,0.0,0.05405405405405406,0.0,0.26666666666666666,0.06349206349206349,0.10696054296054294,0.1017525448976947,30,RF + SMOTE | 26 Features,,,,,,
3.1282186031341555,0.3743389866001203,0.6312156518300375,0.052151382939957004,500.0,5.0,6.0,log2,6,"{'model__n_estimators': 500, 'model__min_samples_split': 5, 'model__min_samples_leaf': 6, 'model__max_features': 'log2', 'model__max_depth': 6}",0.18731008107277672,0.27948420811224156,0.10841051616709381,0.3672970625487711,0.2119488569499761,0.24314079108992973,0.18947347061636083,0.2693328020447431,0.19346811445388631,0.06073352573352573,0.21491590397220647,0.24813587932314,0.0552741833991834,0.1987151188997487,0.10673417925928685,0.19562497957619132,0.08210295974863759,13,0.5345238095238095,0.7625000000000001,0.6041666666666667,0.7601190476190476,0.725,0.7339285714285715,0.5654761904761905,0.8934523809523809,0.5625,0.575,0.7071428571428572,0.7541666666666667,0.6464285714285715,0.6547619047619048,0.800595238095238,0.6853174603174603,0.10023372786423791,17,0.07142857142857142,0.23076923076923078,0.16666666666666666,0.4,0.07142857142857142,0.14285714285714285,1.0,0.375,0.08333333333333333,0.09090909090909091,0.07692307692307693,0.13333333333333333,0.06666666666666667,0.1111111111111111,0.1,0.20802845302845305,0.23506394445719564,17,0.16666666666666666,0.5,0.16666666666666666,0.3333333333333333,0.16666666666666666,0.3333333333333333,0.16666666666666666,0.5,0.16666666666666666,0.16666666666666666,0.16666666666666666,0.3333333333333333,0.16666666666666666,0.16666666666666666,0.3333333333333333,0.2555555555555555,0.11967032904743344,7,0.1,0.3157894736842105,0.16666666666666666,0.36363636363636365,0.1,0.2,0.2857142857142857,0.42857142857142855,0.1111111111111111,0.11764705882352941,0.10526315789473684,0.19047619047619047,0.09523809523809523,0.13333333333333333,0.15384615384615385,0.19115288793307364,0.10360554393916444,15,RF + SMOTE | 26 Features,,,,,,
2.0449512163798014,0.17930335995315605,0.46177210807800295,0.16735592545004238,300.0,5.0,2.0,sqrt,12,"{'model__n_estimators': 300, 'model__min_samples_split': 5, 'model__min_samples_leaf': 2, 'model__max_features': 'sqrt', 'model__max_depth': 12}",0.18914727399463527,0.40452084096740276,0.10750194049306402,0.37069597069597066,0.26717676303531734,0.19359667601425842,0.19028858626357129,0.45466085920631377,0.19382929017972658,0.07001014769155088,0.20580805920230227,0.31243836688318644,0.07443447952117284,0.21880784893953145,0.15054645454816723,0.22689757050907808,0.1114944555690958,4,0.5601190476190476,0.7208333333333332,0.5892857142857143,0.7541666666666667,0.7214285714285714,0.7577380952380952,0.5666666666666667,0.8511904761904762,0.5714285714285715,0.556547619047619,0.6684523809523809,0.7607142857142857,0.6601190476190476,0.6541666666666667,0.799404761904762,0.679484126984127,0.09261794248602791,22,0.5,0.5,0.5,1.0,1.0,0.25,1.0,0.0,0.3333333333333333,0.0,0.5,0.3333333333333333,0.2,0.5,0.0,0.44111111111111106,0.3322686701086976,4,0.16666666666666666,0.3333333333333333,0.16666666666666666,0.16666666666666666,0.16666666666666666,0.16666666666666666,0.16666666666666666,0.0,0.16666666666666666,0.0,0.16666666666666666,0.16666666666666666,0.16666666666666666,0.16666666666666666,0.0,0.14444444444444443,0.08314794192830981,24,0.25,0.4,0.25,0.2857142857142857,0.2857142857142857,0.2,0.2857142857142857,0.0,0.2222222222222222,0.0,0.25,0.2222222222222222,0.18181818181818182,0.25,0.0,0.20556036556036555,0.11340055384416237,12,RF + SMOTE | 26 Features,,,,,,
1.3574271996815999,0.13741664489437555,0.3384655634562174,0.06207313277174882,200.0,2.0,2.0,sqrt,12,"{'model__n_estimators': 200, 'model__min_samples_split': 2, 'model__min_samples_leaf': 2, 'model__max_features': 'sqrt', 'model__max_depth': 12}",0.18718045666877986,0.4201926558811905,0.10822607032381468,0.31455124041330934,0.2849910797652394,0.29356419602442113,0.19047664103984502,0.5014980810435355,0.19332132620765366,0.0732254168867644,0.2087006834291902,0.30097579994737045,0.07379955832361729,0.218953179264521,0.11926619132501484,0.2325948384362845,0.11843949243687148,2,0.5291666666666667,0.7124999999999999,0.618452380952381,0.7738095238095238,0.7482142857142857,0.7196428571428571,0.5723214285714285,0.8672619047619048,0.5904761904761904,0.5642857142857143,0.6952380952380952,0.7505952380952381,0.6303571428571428,0.675,0.7773809523809524,0.6816468253968254,0.09231601502520316,21,0.5,0.6666666666666666,0.5,1.0,1.0,0.25,1.0,0.0,0.3333333333333333,0.0,0.5,0.3333333333333333,0.2,0.5,0.0,0.45222222222222214,0.33680781786181796,3,0.16666666666666666,0.3333333333333333,0.16666666666666666,0.16666666666666666,0.16666666666666666,0.16666666666666666,0.16666666666666666,0.0,0.16666666666666666,0.0,0.16666666666666666,0.16666666666666666,0.16666666666666666,0.16666666666666666,0.0,0.14444444444444443,0.08314794192830981,24,0.25,0.4444444444444444,0.25,0.2857142857142857,0.2857142857142857,0.2,0.2857142857142857,0.0,0.2222222222222222,0.0,0.25,0.2222222222222222,0.18181818181818182,0.25,0.0,0.20852332852332853,0.11888998518039531,11,RF + SMOTE | 26 Features,,,,,,
1.9297778129577636,0.1937766844270356,0.4085385004679362,0.1153376707641444,200.0,5.0,1.0,,,"{'model__n_estimators': 200, 'model__min_samples_split': 5, 'model__min_samples_leaf': 1, 'model__max_features': None, 'model__max_depth': None}",0.0704861047194702,0.3347265761058864,0.01997007967157221,0.38672956045837403,0.26969503811764833,0.3132672882672882,0.10947940947940947,0.4005619801176709,0.2012579561360049,0.22123546771434094,0.07595134032634032,0.3853752456693633,0.04153420109302462,0.3664817981067604,0.07476720014265903,0.21810128307505425,0.1371399158074685,7,0.650595238095238,0.7505952380952381,0.4077380952380953,0.8011904761904762,0.7880952380952382,0.6741071428571429,0.5458333333333333,0.912797619047619,0.6467261904761903,0.6383928571428571,0.6889880952380951,0.7690476190476192,0.5574404761904762,0.7610119047619048,0.6532738095238095,0.6830555555555555,0.1187668050460717,18,0.2,0.4,0.0,1.0,0.2,0.5,0.5,0.3333333333333333,0.25,0.2222222222222222,0.08333333333333333,1.0,0.125,0.25,0.16666666666666666,0.34870370370370374,0.2888975544759203,7,0.16666666666666666,0.3333333333333333,0.0,0.16666666666666666,0.16666666666666666,0.3333333333333333,0.16666666666666666,0.16666666666666666,0.16666666666666666,0.3333333333333333,0.16666666666666666,0.3333333333333333,0.16666666666666666,0.3333333333333333,0.16666666666666666,0.2111111111111111,0.0955813918560292,14,0.18181818181818182,0.36363636363636365,0.0,0.2857142857142857,0.18181818181818182,0.4,0.25,0.2222222222222222,0.2,0.26666666666666666,0.1111111111111111,0.5,0.14285714285714285,0.2857142857142857,0.16666666666666666,0.23721500721500718,0.11862362498146538,3,RF + SMOTE | 26 Features,,,,,,
6.565643040339152,0.6103185460047921,1.1235836505889893,0.262296553362408,700.0,5.0,4.0,,,"{'model__n_estimators': 700, 'model__min_samples_split': 5, 'model__min_samples_leaf': 4, 'model__max_features': None, 'model__max_depth': None}",0.04796997399750909,0.2826268131517432,0.023456963702587645,0.2494725008722769,0.24457663977271818,0.29012308829382,0.05771918476522057,0.2970107597762987,0.20432186098693556,0.22207607654251788,0.0477954455893182,0.27863194532972696,0.040180844726156406,0.3655234897772211,0.04092178880928277,0.17949382507288889,0.11693679627630059,23,0.6857142857142857,0.7854166666666668,0.525892857142857,0.7952380952380953,0.8011904761904762,0.7184523809523808,0.5758928571428572,0.9113095238095238,0.6113095238095239,0.6208333333333333,0.6860119047619048,0.7318452380952382,0.6056547619047619,0.7354166666666667,0.6488095238095238,0.6959325396825397,0.09845093343273477,8,0.0,0.25,0.0,0.5,0.2,0.3333333333333333,0.0,0.25,0.25,0.2222222222222222,0.058823529411764705,0.3333333333333333,0.0,0.18181818181818182,0.0,0.17196870667458902,0.15100208740141496,19,0.0,0.3333333333333333,0.0,0.16666666666666666,0.16666666666666666,0.3333333333333333,0.0,0.16666666666666666,0.16666666666666666,0.3333333333333333,0.16666666666666666,0.16666666666666666,0.0,0.3333333333333333,0.0,0.15555555555555556,0.1286204100310025,22,0.0,0.2857142857142857,0.0,0.25,0.18181818181818182,0.3333333333333333,0.0,0.2,0.2,0.26666666666666666,0.08695652173913043,0.2222222222222222,0.0,0.23529411764705882,0.0,0.1508003552760586,0.11849303601871637,22,RF + SMOTE | 26 Features,,,,,,
1.435227902730306,0.20624153971545744,0.34932058652242026,0.06645141923125515,200.0,2.0,1.0,log2,8,"{'model__n_estimators': 200, 'model__min_samples_split': 2, 'model__min_samples_leaf': 1, 'model__max_features': 'log2', 'model__max_depth': 8}",0.18602225605846598,0.31366841805635626,0.18826080542472562,0.3166239601114829,0.23037518037518037,0.12448209739585003,0.1900675401227592,0.246155347090043,0.1877504823296345,0.07846795187474163,0.20346042314831328,0.30209468845172016,0.06947152970199556,0.20959580065470837,0.09004774915057451,0.19576961532977014,0.07746639005094688,12,0.5119047619047619,0.7529761904761905,0.5470238095238095,0.7517857142857143,0.7380952380952381,0.7125,0.5404761904761904,0.8690476190476191,0.5470238095238095,0.5755952380952382,0.6815476190476191,0.7690476190476191,0.6190476190476192,0.6648809523809524,0.7892857142857144,0.6713492063492063,0.1056201019980673,25,0.3333333333333333,0.3333333333333333,0.5,0.5,0.25,0.16666666666666666,1.0,0.0,0.2,0.0,0.2,0.25,0.125,0.25,0.0,0.2738888888888889,0.24602142835508567,14,0.16666666666666666,0.3333333333333333,0.16666666666666666,0.16666666666666666,0.16666666666666666,0.16666666666666666,0.16666666666666666,0.0,0.16666666666666666,0.0,0.16666666666666666,0.16666666666666666,0.16666666666666666,0.16666666666666666,0.0,0.14444444444444443,0.08314794192830981,24,0.2222222222222222,0.3333333333333333,0.25,0.25,0.2,0.16666666666666666,0.2857142857142857,0.0,0.18181818181818182,0.0,0.18181818181818182,0.2,0.14285714285714285,0.2,0.0,0.17429533429533434,0.09857152069683751,18,RF + SMOTE | 26 Features,,,,,,
1.837091875076294,0.09157086669452384,0.4150983810424805,0.03839857992998501,300.0,15.0,1.0,log2,4,"{'model__n_estimators': 300, 'model__min_samples_split': 15, 'model__min_samples_leaf': 1, 'model__max_features': 'log2', 'model__max_depth': 4}",0.055280797520671034,0.3085009435009435,0.10868584498586244,0.31425411488972527,0.08949651706325508,0.157549293937417,0.1909315113328197,0.1983865341008198,0.1884576825067256,0.0588570602704581,0.27726369375305543,0.2543404113337982,0.05003944483076892,0.20438215208357013,0.11001480934603254,0.17109605409706152,0.08765711634978257,26,0.5333333333333333,0.775595238095238,0.6095238095238096,0.7720238095238096,0.7654761904761905,0.7494047619047619,0.5895833333333333,0.9029761904761905,0.5467261904761904,0.6285714285714284,0.7321428571428571,0.7464285714285714,0.6535714285714286,0.6827380952380953,0.8035714285714286,0.6994444444444443,0.10064611202229991,4,0.06666666666666667,0.13636363636363635,0.1,0.25,0.043478260869565216,0.10526315789473684,0.25,0.2,0.047619047619047616,0.06666666666666667,0.11764705882352941,0.06451612903225806,0.07692307692307693,0.0625,0.06451612903225806,0.11014398865942945,0.06719901980544508,28,0.16666666666666666,0.5,0.16666666666666666,0.3333333333333333,0.16666666666666666,0.3333333333333333,0.16666666666666666,0.3333333333333333,0.16666666666666666,0.16666666666666666,0.3333333333333333,0.3333333333333333,0.16666666666666666,0.16666666666666666,0.3333333333333333,0.25555555555555554,0.10304020550550781,5,0.09523809523809523,0.21428571428571427,0.125,0.2857142857142857,0.06896551724137931,0.16,0.2,0.25,0.07407407407407407,0.09523809523809523,0.17391304347826086,0.10810810810810811,0.10526315789473684,0.09090909090909091,0.10810810810810811,0.14365448601932992,0.06484644358413125,24,RF + SMOTE | 26 Features,,,,,,
1.3511007308959961,0.11115909847689878,0.3162185033162435,0.0373452034327131,200.0,15.0,4.0,sqrt,12,"{'model__n_estimators': 200, 'model__min_samples_split': 15, 'model__min_samples_leaf': 4, 'model__max_features': 'sqrt', 'model__max_depth': 12}",0.18710755274434818,0.3794679843768493,0.11274055025933763,0.3721859607357927,0.23567213849471913,0.14889822075876272,0.19109194430194862,0.35340334306841487,0.19439843634207793,0.07553539490582073,0.2140914126482887,0.25008197807293564,0.07865583725499875,0.21420985296527345,0.1438677899277705,0.2100938931238226,0.09377684865089878,10,0.5303571428571429,0.7613095238095238,0.643452380952381,0.7886904761904762,0.7440476190476192,0.743452380952381,0.5824404761904762,0.8321428571428572,0.5845238095238094,0.5767857142857142,0.706547619047619,0.7476190476190476,0.6821428571428572,0.6404761904761905,0.8107142857142857,0.6916468253968254,0.09114508813538365,11,0.125,0.42857142857142855,0.5,1.0,0.125,0.2,1.0,0.5,0.25,0.16666666666666666,0.16666666666666666,0.25,0.125,0.25,0.0,0.3391269841269842,0.29308671691695104,9,0.16666666666666666,0.5,0.16666666666666666,0.3333333333333333,0.16666666666666666,0.16666666666666666,0.16666666666666666,0.16666666666666666,0.16666666666666666,0.16666666666666666,0.16666666666666666,0.16666666666666666,0.16666666666666666,0.16666666666666666,0.0,0.18888888888888883,0.10304020550550783,19,0.14285714285714285,0.46153846153846156,0.25,0.5,0.14285714285714285,0.18181818181818182,0.2857142857142857,0.25,0.2,0.16666666666666666,0.16666666666666666,0.2,0.14285714285714285,0.2,0.0,0.21939837939837942,0.12040309184627258,6,RF + SMOTE | 26 Features,,,,,,
3.4518887837727865,0.4613567242648399,0.654179588953654,0.09236047287823239,500.0,10.0,1.0,0.5,4,"{'model__n_estimators': 500, 'model__min_samples_split': 10, 'model__min_samples_leaf': 1, 'model__max_features': 0.5, 'model__max_depth': 4}",0.03913386696189492,0.4141776574708672,0.10784428691251893,0.3136767393429385,0.24507861805968212,0.31684102934102926,0.1898201512556542,0.23858660496591527,0.20712199021102085,0.09747066442248005,0.061942005243547815,0.3171746637104972,0.048384153091372784,0.24483465382056932,0.05156010656010656,0.19290981275800634,0.11549091524805319,17,0.5964285714285714,0.8053571428571429,0.5970238095238095,0.7791666666666668,0.7601190476190477,0.7833333333333333,0.5842261904761905,0.8744047619047619,0.638095238095238,0.6160714285714286,0.6958333333333333,0.7797619047619047,0.6842261904761905,0.6779761904761904,0.7744047619047619,0.7097619047619047,0.08762571953117423,2,0.08333333333333333,0.1111111111111111,0.05263157894736842,0.4,0.125,0.12,0.5,0.15384615384615385,0.1111111111111111,0.18181818181818182,0.04,0.06451612903225806,0.03571428571428571,0.25,0.047619047619047616,0.15178006216885673,0.1309974507615463,20,0.16666666666666666,0.5,0.16666666666666666,0.3333333333333333,0.3333333333333333,0.5,0.16666666666666666,0.3333333333333333,0.3333333333333333,0.3333333333333333,0.16666666666666666,0.3333333333333333,0.16666666666666666,0.3333333333333333,0.3333333333333333,0.3,0.10886621079036349,1,0.1111111111111111,0.18181818181818182,0.08,0.36363636363636365,0.18181818181818182,0.1935483870967742,0.25,0.21052631578947367,0.16666666666666666,0.23529411764705882,0.06451612903225806,0.10810810810810811,0.058823529411764705,0.2857142857142857,0.08333333333333333,0.1716609807455708,0.08578687087555166,19,RF + SMOTE | 26 Features,,,,,,
3.2374838987986245,0.4502788067372036,0.6754305839538575,0.2697447655194714,500.0,5.0,2.0,log2,4,"{'model__n_estimators': 500, 'model__min_samples_split': 5, 'model__min_samples_leaf': 2, 'model__max_features': 'log2', 'model__max_depth': 4}",0.06356516412841305,0.30366763861387513,0.10902254007154602,0.28279649723967254,0.10505128413147281,0.21297402705169696,0.19023733847466068,0.24273947780248742,0.18806546290506237,0.05969605117737608,0.24691792731698833,0.2401239823153164,0.0493521400067458,0.2039712217386928,0.26869588744588746,0.18445844269465958,0.08288328692208653,20,0.5452380952380953,0.7821428571428571,0.6220238095238096,0.756547619047619,0.7642857142857143,0.7458333333333332,0.5818452380952381,0.9083333333333334,0.5351190476190476,0.6470238095238094,0.7148809523809524,0.7446428571428572,0.6535714285714286,0.6827380952380953,0.7946428571428572,0.69859126984127,0.0990491492619383,7,0.0625,0.15,0.1,0.25,0.041666666666666664,0.1111111111111111,0.3333333333333333,0.2727272727272727,0.043478260869565216,0.06666666666666667,0.1111111111111111,0.06060606060606061,0.06666666666666667,0.07692307692307693,0.058823529411764705,0.1203742504062197,0.08843276283458418,23,0.16666666666666666,0.5,0.16666666666666666,0.3333333333333333,0.16666666666666666,0.3333333333333333,0.16666666666666666,0.5,0.16666666666666666,0.16666666666666666,0.3333333333333333,0.3333333333333333,0.16666666666666666,0.16666666666666666,0.3333333333333333,0.26666666666666666,0.11863420280034791,3,0.09090909090909091,0.23076923076923078,0.125,0.2857142857142857,0.06666666666666667,0.16666666666666666,0.2222222222222222,0.35294117647058826,0.06896551724137931,0.09523809523809523,0.16666666666666666,0.10256410256410256,0.09523809523809523,0.10526315789473684,0.1,0.1516549982841218,0.0825569403311917,21,RF + SMOTE | 26 Features,,,,,,
5.115198548634847,0.5262784927000346,0.8817520459493001,0.42441035440959196,500.0,5.0,1.0,,,"{'model__n_estimators': 500, 'model__min_samples_split': 5, 'model__min_samples_leaf': 1, 'model__max_features': None, 'model__max_depth': None}",0.0715339020547354,0.3360528360528361,0.020260295260295262,0.3965956130590277,0.27832140852974185,0.31207681207681204,0.1084515009871349,0.3986140203882139,0.20214764616826472,0.22014559514559512,0.07300833266350508,0.3900817436531722,0.04110711262773118,0.36853490595426075,0.07895431816837231,0.21972573618597993,0.1384748068883077,5,0.6470238095238094,0.7505952380952381,0.39196428571428577,0.8035714285714286,0.7931547619047619,0.6681547619047619,0.5211309523809524,0.9005952380952381,0.6327380952380952,0.6232142857142857,0.6907738095238094,0.761904761904762,0.5410714285714285,0.7526785714285715,0.6306547619047619,0.6739484126984128,0.12380179056027811,24,0.2,0.4,0.0,1.0,0.2,0.3333333333333333,0.5,0.5,0.3333333333333333,0.2222222222222222,0.08333333333333333,1.0,0.125,0.2,0.16666666666666666,0.350925925925926,0.28921930297374693,6,0.16666666666666666,0.3333333333333333,0.0,0.16666666666666666,0.16666666666666666,0.3333333333333333,0.16666666666666666,0.3333333333333333,0.16666666666666666,0.3333333333333333,0.16666666666666666,0.3333333333333333,0.16666666666666666,0.3333333333333333,0.16666666666666666,0.2222222222222222,0.09938079899999065,12,0.18181818181818182,0.36363636363636365,0.0,0.2857142857142857,0.18181818181818182,0.3333333333333333,0.25,0.4,0.2222222222222222,0.26666666666666666,0.1111111111111111,0.5,0.14285714285714285,0.25,0.16666666666666666,0.2437229437229437,0.12002866862313011,2,RF + SMOTE | 26 Features,,,,,,
3.2615425268809,0.41365197541512816,0.6408554395039876,0.08903836665637715,500.0,5.0,6.0,log2,12,"{'model__n_estimators': 500, 'model__min_samples_split': 5, 'model__min_samples_leaf': 6, 'model__max_features': 'log2', 'model__max_depth': 12}",0.1892331802325232,0.3137404722884961,0.11015728211000037,0.36690290184039637,0.2165085606479191,0.17118514428020415,0.19067219960874518,0.38849321831637595,0.19277495523625554,0.06929563304031937,0.21697470621782047,0.24722142714593048,0.06244885190345924,0.20015776687238748,0.1409965309484812,0.20511752204595426,0.09214604187665273,11,0.5714285714285714,0.7523809523809524,0.6071428571428572,0.7559523809523809,0.7345238095238095,0.7386904761904762,0.5815476190476191,0.8488095238095238,0.5666666666666667,0.5678571428571428,0.7172619047619048,0.7434523809523811,0.6488095238095238,0.6452380952380952,0.8041666666666667,0.6855952380952381,0.08969382918126129,16,0.1,0.2857142857142857,0.5,1.0,0.1,0.125,1.0,0.5,0.1111111111111111,0.1111111111111111,0.09090909090909091,0.2,0.08333333333333333,0.25,0.16666666666666666,0.3082563732563733,0.3013420892518964,12,0.16666666666666666,0.3333333333333333,0.16666666666666666,0.3333333333333333,0.16666666666666666,0.16666666666666666,0.16666666666666666,0.3333333333333333,0.16666666666666666,0.16666666666666666,0.16666666666666666,0.16666666666666666,0.16666666666666666,0.16666666666666666,0.16666666666666666,0.19999999999999993,0.06666666666666667,17,0.125,0.3076923076923077,0.25,0.5,0.125,0.14285714285714285,0.2857142857142857,0.4,0.13333333333333333,0.13333333333333333,0.11764705882352941,0.18181818181818182,0.1111111111111111,0.2,0.16666666666666666,0.2120115614233261,0.11219314712208645,8,RF + SMOTE | 26 Features,,,,,,
2.7958516120910644,0.109274960508508,0.6341785271962483,0.06576866152160078,,,,,,"{'n_estimators': 500, 'min_samples_split': 5, 'min_samples_leaf': 4, 'max_features': 'log2', 'max_depth': 8, 'class_weight': {0: 1, 1: 20}}",0.19425758892540174,0.28523466371027345,0.11231667149963902,0.33153689218794546,0.2293547289236944,0.12726167179200448,0.19716613595157262,0.18234508027893828,0.18906021592891764,0.05281152315998863,0.19946782848396055,0.38484863834761257,0.11362737930475733,0.2091452382412154,0.22815884993143398,0.2024395404444904,0.08284985580840439,9,0.5553571428571429,0.7785714285714286,0.6398809523809524,0.8184523809523809,0.7577380952380952,0.7529761904761905,0.625,0.8869047619047619,0.5815476190476191,0.6285714285714286,0.6726190476190476,0.7422619047619047,0.6491071428571429,0.7261904761904762,0.763095238095238,0.7052182539682541,0.0894264015054737,17,0.14285714285714285,0.2222222222222222,0.3333333333333333,0.6666666666666666,0.1,0.2,0.5,0.125,0.16666666666666666,0.125,0.07142857142857142,0.2857142857142857,0.08333333333333333,0.3333333333333333,0.2,0.23703703703703707,0.16049218219208555,13,0.16666666666666666,0.3333333333333333,0.16666666666666666,0.3333333333333333,0.16666666666666666,0.16666666666666666,0.16666666666666666,0.16666666666666666,0.16666666666666666,0.16666666666666666,0.16666666666666666,0.3333333333333333,0.16666666666666666,0.16666666666666666,0.16666666666666666,0.19999999999999998,0.06666666666666667,8,0.15384615384615385,0.26666666666666666,0.2222222222222222,0.4444444444444444,0.125,0.18181818181818182,0.25,0.14285714285714285,0.16666666666666666,0.14285714285714285,0.1,0.3076923076923077,0.1111111111111111,0.2222222222222222,0.18181818181818182,0.20128149628149627,0.08687825861283674,7,RF Class Weight | 26 Features,500.0,5.0,4.0,log2,8,"{0: 1, 1: 20}"
4.379421329498291,0.4783426046322906,0.804206657409668,0.07235893916034583,,,,,,"{'n_estimators': 700, 'min_samples_split': 2, 'min_samples_leaf': 6, 'max_features': 0.5, 'max_depth': 12, 'class_weight': {0: 1, 1: 20}}",0.1068937096443009,0.3125212282500418,0.04505722163489154,0.1652679678995468,0.22283873677062532,0.14767431707988052,0.20252814570976327,0.22416657585993968,0.10864107032033854,0.061177088274455824,0.06877689112225704,0.19057413643060472,0.208930546001172,0.12784208825300267,0.11969896933132226,0.15417257950547616,0.07097064184572516,26,0.5785714285714285,0.825595238095238,0.5907738095238096,0.7964285714285715,0.7595238095238096,0.7779761904761905,0.6172619047619048,0.8321428571428572,0.6255952380952381,0.6928571428571428,0.6761904761904762,0.756547619047619,0.7169642857142857,0.7125,0.6958333333333333,0.7103174603174603,0.0791179933517532,13,0.1111111111111111,0.21428571428571427,0.1,0.125,0.08695652173913043,0.13333333333333333,0.09090909090909091,0.1,0.1,0.14285714285714285,0.045454545454545456,0.15,0.05263157894736842,0.1,0.058823529411764705,0.1074241712032801,0.04131021255654847,23,0.16666666666666666,0.5,0.16666666666666666,0.3333333333333333,0.3333333333333333,0.3333333333333333,0.16666666666666666,0.16666666666666666,0.16666666666666666,0.16666666666666666,0.16666666666666666,0.5,0.16666666666666666,0.16666666666666666,0.16666666666666666,0.24444444444444438,0.11967032904743344,4,0.13333333333333333,0.3,0.125,0.18181818181818182,0.13793103448275862,0.19047619047619047,0.11764705882352941,0.125,0.125,0.15384615384615385,0.07142857142857142,0.23076923076923078,0.08,0.125,0.08695652173913043,0.1456137517811387,0.057976255297472405,19,RF Class Weight | 26 Features,700.0,2.0,6.0,0.5,12,"{0: 1, 1: 20}"
1.2829741636912029,0.13096962459303152,0.3135123093922933,0.026175917821655233,,,,,,"{'n_estimators': 200, 'min_samples_split': 15, 'min_samples_leaf': 2, 'max_features': 'log2', 'max_depth': 8, 'class_weight': 'balanced'}",0.19512703881232232,0.27218760637485695,0.08382903099004876,0.2882687460428138,0.23059581320450886,0.14327022392811864,0.19237352878738387,0.17419913185202707,0.18765844264932274,0.05592416359308937,0.19812406266123492,0.30966811133307826,0.19675083606696317,0.11855947427671681,0.24445206345178855,0.19273255160161826,0.06936267996518215,13,0.5797619047619047,0.7886904761904763,0.6273809523809524,0.8202380952380952,0.7416666666666667,0.7642857142857142,0.6113095238095239,0.8684523809523809,0.5517857142857143,0.6440476190476191,0.680952380952381,0.719047619047619,0.6461309523809524,0.7071428571428572,0.7988095238095239,0.703313492063492,0.09038443464140944,19,0.1111111111111111,0.17647058823529413,0.08333333333333333,0.13333333333333333,0.06896551724137931,0.125,0.125,0.10526315789473684,0.05555555555555555,0.06666666666666667,0.047619047619047616,0.07407407407407407,0.05,0.07142857142857142,0.125,0.0945880637662069,0.03615269909643034,24,0.16666666666666666,0.5,0.16666666666666666,0.3333333333333333,0.3333333333333333,0.3333333333333333,0.16666666666666666,0.3333333333333333,0.16666666666666666,0.16666666666666666,0.16666666666666666,0.3333333333333333,0.16666666666666666,0.16666666666666666,0.3333333333333333,0.2555555555555555,0.10304020550550781,3,0.13333333333333333,0.2608695652173913,0.1111111111111111,0.19047619047619047,0.11428571428571428,0.18181818181818182,0.14285714285714285,0.16,0.08333333333333333,0.09523809523809523,0.07407407407407407,0.12121212121212122,0.07692307692307693,0.1,0.18181818181818182,0.13515667477986318,0.05016240353582449,20,RF Class Weight | 26 Features,200.0,15.0,2.0,log2,8,balanced
2.9635141372680662,0.11969641316682127,0.6409702777862549,0.05116731130943843,,,,,,"{'n_estimators': 500, 'min_samples_split': 15, 'min_samples_leaf': 1, 'max_features': 'sqrt', 'max_depth': 4, 'class_weight': {0: 1, 1: 10}}",0.19410038674707308,0.28235232726087484,0.1181096535095824,0.2987272305419873,0.2644377530553345,0.23196711404204293,0.19998907289231488,0.12298926033398083,0.18892325516452177,0.11264182194616976,0.20725566089881348,0.39273024908384024,0.2008166372025387,0.32460460460460455,0.37486086265156027,0.23430039266234934,0.08476707748465191,3,0.5845238095238096,0.7976190476190477,0.6827380952380953,0.8238095238095238,0.8,0.7684523809523809,0.6738095238095239,0.8898809523809523,0.5785714285714285,0.6779761904761905,0.7297619047619047,0.8119047619047618,0.6901785714285714,0.7702380952380953,0.8749999999999999,0.7436309523809523,0.09152624009870719,2,0.3333333333333333,1.0,0.0,1.0,0.16666666666666666,0.0,1.0,0.0,0.5,0.0,1.0,0.6666666666666666,0.2,1.0,0.0,0.4577777777777778,0.4266087923711782,2,0.16666666666666666,0.16666666666666666,0.0,0.16666666666666666,0.16666666666666666,0.0,0.16666666666666666,0.0,0.16666666666666666,0.0,0.16666666666666666,0.3333333333333333,0.16666666666666666,0.16666666666666666,0.0,0.12222222222222222,0.09558139185602918,21,0.2222222222222222,0.2857142857142857,0.0,0.2857142857142857,0.16666666666666666,0.0,0.2857142857142857,0.0,0.25,0.0,0.2857142857142857,0.4444444444444444,0.18181818181818182,0.2857142857142857,0.0,0.17958152958152956,0.14015933506022266,14,RF Class Weight | 26 Features,500.0,15.0,1.0,sqrt,4,"{0: 1, 1: 10}"
3.073926575978597,0.14966113243535883,0.6445714632670084,0.06678324919168324,,,,,,"{'n_estimators': 500, 'min_samples_split': 10, 'min_samples_leaf': 4, 'max_features': 'log2', 'max_depth': None, 'class_weight': {0: 1, 1: 10}}",0.19516689916154242,0.2651638433151038,0.08712459730955309,0.3317345325131754,0.22619899444926486,0.12530047006824344,0.19776772441085064,0.17661551807893272,0.18896030029723646,0.05667877055939782,0.19846932250183025,0.3785126613347834,0.11752195371998601,0.2141825701684857,0.25992640105543324,0.201288303929588,0.08338056013276854,10,0.5601190476190476,0.7785714285714286,0.6422619047619048,0.8220238095238095,0.7648809523809523,0.7476190476190477,0.6196428571428572,0.8672619047619048,0.5809523809523809,0.6428571428571429,0.6720238095238095,0.75,0.6723214285714286,0.7255952380952381,0.7708333333333334,0.7077976190476192,0.0860702896804934,16,0.25,0.5,0.0,0.5,0.3333333333333333,0.0,1.0,0.3333333333333333,0.5,0.0,0.5,0.6666666666666666,0.2,1.0,1.0,0.4522222222222222,0.3368078178618179,4,0.16666666666666666,0.16666666666666666,0.0,0.16666666666666666,0.16666666666666666,0.0,0.16666666666666666,0.16666666666666666,0.16666666666666666,0.0,0.16666666666666666,0.3333333333333333,0.16666666666666666,0.16666666666666666,0.16666666666666666,0.14444444444444443,0.08314794192830981,16,0.2,0.25,0.0,0.25,0.2222222222222222,0.0,0.2857142857142857,0.2222222222222222,0.25,0.0,0.25,0.4444444444444444,0.18181818181818182,0.2857142857142857,0.2857142857142857,0.20852332852332847,0.1188899851803953,3,RF Class Weight | 26 Features,500.0,10.0,4.0,log2,,"{0: 1, 1: 10}"
4.220975573857626,0.18649423512179192,0.8230509916941325,0.06874245163182963,,,,,,"{'n_estimators': 700, 'min_samples_split': 5, 'min_samples_leaf': 1, 'max_features': 'log2', 'max_depth': None, 'class_weight': {0: 1, 1: 10}}",0.19093489764778765,0.26259885683238515,0.08669850732156441,0.29078185241868104,0.2912875677961885,0.18283897844199354,0.2239017653387732,0.25858054915514594,0.19108933146910942,0.08436004388121084,0.20098498684164878,0.4569278760455231,0.19728938637279814,0.35562887548181665,0.2983307258438541,0.23814894672589873,0.09282300677938114,2,0.5107142857142857,0.7726190476190475,0.6255952380952381,0.7916666666666667,0.8306547619047618,0.75,0.5625,0.8232142857142857,0.6166666666666667,0.6059523809523809,0.6574404761904762,0.7764880952380953,0.643154761904762,0.7714285714285715,0.8107142857142857,0.7032539682539684,0.10085749758869625,20,1.0,0.25,0.0,1.0,0.25,0.0,1.0,0.3333333333333333,1.0,0.0,1.0,0.5,0.2,0.5,0.5,0.5022222222222222,0.38666985950150495,1,0.16666666666666666,0.16666666666666666,0.0,0.16666666666666666,0.16666666666666666,0.0,0.16666666666666666,0.16666666666666666,0.16666666666666666,0.0,0.16666666666666666,0.3333333333333333,0.16666666666666666,0.16666666666666666,0.16666666666666666,0.14444444444444443,0.08314794192830981,16,0.2857142857142857,0.2,0.0,0.2857142857142857,0.2,0.0,0.2857142857142857,0.2222222222222222,0.2857142857142857,0.0,0.2857142857142857,0.4,0.18181818181818182,0.25,0.25,0.2088407888407888,0.11586966998616169,2,RF Class Weight | 26 Features,700.0,5.0,1.0,log2,,"{0: 1, 1: 10}"
1.2942032178243001,0.11201177520917269,0.31272637049357094,0.037661239564502985,,,,,,"{'n_estimators': 200, 'min_samples_split': 15, 'min_samples_leaf': 6, 'max_features': 0.5, 'max_depth': 12, 'class_weight': {0: 1, 1: 2}}",0.19413936692652073,0.18232625601101157,0.09332322407630114,0.2983970920188256,0.2386215017793965,0.1172963602729489,0.2080199038914785,0.14382970632970632,0.08531572346866706,0.06477915216722609,0.1221116275051363,0.18051693535398675,0.10772609461757535,0.11343789741725235,0.26663389501674084,0.16109831579018494,0.06762166550097137,24,0.6035714285714285,0.8023809523809523,0.6232142857142857,0.805952380952381,0.7779761904761905,0.7857142857142857,0.6229166666666666,0.8559523809523809,0.6726190476190477,0.675,0.6952380952380952,0.7395833333333334,0.7327380952380953,0.7702380952380953,0.7464285714285714,0.7273015873015874,0.07327430649408746,4,0.0,0.0,0.0,0.0,0.0,0.0,0.0,0.0,0.0,0.0,0.0,0.0,0.0,0.0,0.0,0.0,0.0,27,0.0,0.0,0.0,0.0,0.0,0.0,0.0,0.0,0.0,0.0,0.0,0.0,0.0,0.0,0.0,0.0,0.0,27,0.0,0.0,0.0,0.0,0.0,0.0,0.0,0.0,0.0,0.0,0.0,0.0,0.0,0.0,0.0,0.0,0.0,27,RF Class Weight | 26 Features,200.0,15.0,6.0,0.5,12,"{0: 1, 1: 2}"
1.2632217725118002,0.11718934097931002,0.3016224384307861,0.026742610862460978,,,,,,"{'n_estimators': 200, 'min_samples_split': 5, 'min_samples_leaf': 2, 'max_features': 'sqrt', 'max_depth': 6, 'class_weight': {0: 1, 1: 2}}",0.19359260741011614,0.1731184969154017,0.07743615761880603,0.3355305558966573,0.22725453640667956,0.09962566522523114,0.20670473767046674,0.13074445500579904,0.18900171763638138,0.055880643720560105,0.12777655660256104,0.2833865756563125,0.2069157960493799,0.21653872331455978,0.27245958472793164,0.1863977873237896,0.07557360289033195,16,0.5589285714285714,0.7619047619047619,0.6660714285714286,0.8220238095238095,0.7845238095238094,0.743452380952381,0.6607142857142857,0.8660714285714286,0.5785714285714285,0.6029761904761906,0.7428571428571429,0.7273809523809524,0.6717261904761905,0.7434523809523809,0.8202380952380953,0.7167261904761904,0.08855242531674927,8,0.0,0.0,0.0,0.0,1.0,0.0,0.0,0.0,0.0,0.0,0.0,0.0,0.0,0.0,0.0,0.06666666666666667,0.24944382578492946,25,0.0,0.0,0.0,0.0,0.16666666666666666,0.0,0.0,0.0,0.0,0.0,0.0,0.0,0.0,0.0,0.0,0.01111111111111111,0.04157397096415491,26,0.0,0.0,0.0,0.0,0.2857142857142857,0.0,0.0,0.0,0.0,0.0,0.0,0.0,0.0,0.0,0.0,0.019047619047619046,0.0712696645099798,26,RF Class Weight | 26 Features,200.0,5.0,2.0,sqrt,6,"{0: 1, 1: 2}"
2.8885581811269123,0.204127886001821,0.6114915370941162,0.0485508024762936,,,,,,"{'n_estimators': 500, 'min_samples_split': 5, 'min_samples_leaf': 4, 'max_features': 'log2', 'max_depth': 6, 'class_weight': {0: 1, 1: 10}}",0.19217818851105847,0.18009828033422756,0.11544883174056096,0.32470006204311186,0.22741188752923697,0.1318446714191395,0.19767252516799338,0.1988045867516349,0.18897718405718006,0.05605282675469093,0.19691266188484607,0.375250286362822,0.116283223697762,0.21121985264842408,0.24351416999463213,0.1970912825931547,0.0770390005557603,12,0.5119047619047619,0.7636904761904761,0.656547619047619,0.8083333333333333,0.7648809523809524,0.7464285714285714,0.6404761904761904,0.8898809523809523,0.5785714285714285,0.6238095238095238,0.6434523809523809,0.7375,0.6568452380952381,0.7190476190476192,0.7815476190476189,0.7015277777777779,0.094169154108646,22,0.3333333333333333,0.5,0.0,1.0,0.3333333333333333,0.0,1.0,0.5,0.5,0.0,0.5,0.6666666666666666,0.25,1.0,0.0,0.4388888888888889,0.3502203891660997,5,0.16666666666666666,0.16666666666666666,0.0,0.16666666666666666,0.16666666666666666,0.0,0.16666666666666666,0.16666666666666666,0.16666666666666666,0.0,0.16666666666666666,0.3333333333333333,0.16666666666666666,0.16666666666666666,0.0,0.13333333333333333,0.090267093384844,20,0.2222222222222222,0.25,0.0,0.2857142857142857,0.2222222222222222,0.0,0.2857142857142857,0.25,0.25,0.0,0.25,0.4444444444444444,0.2,0.2857142857142857,0.0,0.1964021164021164,0.12976578531377536,8,RF Class Weight | 26 Features,500.0,5.0,4.0,log2,6,"{0: 1, 1: 10}"
1.858146317799886,0.18202332348202435,0.41310421625773114,0.029998395031498613,,,,,,"{'n_estimators': 300, 'min_samples_split': 10, 'min_samples_leaf': 6, 'max_features': 'log2', 'max_depth': 12, 'class_weight': {0: 1, 1: 10}}",0.19192090695742528,0.18662868925426004,0.11527306996440888,0.3294994572187059,0.22648763182672021,0.13380460201580893,0.19501081116647156,0.14618921642731167,0.18938406442998706,0.05376100200235227,0.20222238559850883,0.21440456752670595,0.11736142600720995,0.21218361143488768,0.17931205460767935,0.17956289976256287,0.060579510372948356,18,0.5428571428571428,0.7821428571428571,0.6523809523809524,0.8101190476190476,0.769047619047619,0.7589285714285715,0.6119047619047618,0.8761904761904763,0.5880952380952381,0.6476190476190476,0.6761904761904761,0.7404761904761905,0.6630952380952381,0.7327380952380952,0.7928571428571428,0.7096428571428572,0.08944726126182467,14,0.3333333333333333,0.0,0.0,0.0,0.25,0.0,1.0,0.0,0.5,0.0,1.0,0.0,0.25,0.0,0.0,0.2222222222222222,0.3411129207335278,14,0.16666666666666666,0.0,0.0,0.0,0.16666666666666666,0.0,0.16666666666666666,0.0,0.16666666666666666,0.0,0.16666666666666666,0.0,0.16666666666666666,0.0,0.0,0.06666666666666667,0.0816496580927726,22,0.2222222222222222,0.0,0.0,0.0,0.2,0.0,0.2857142857142857,0.0,0.25,0.0,0.2857142857142857,0.0,0.2,0.0,0.0,0.09624338624338624,0.12005725890533159,22,RF Class Weight | 26 Features,300.0,10.0,6.0,log2,12,"{0: 1, 1: 10}"
3.2664552529652915,0.4192207002009809,0.7571685791015625,0.1654198234424943,,,,,,"{'n_estimators': 500, 'min_samples_split': 2, 'min_samples_leaf': 2, 'max_features': None, 'max_depth': 4, 'class_weight': 'balanced'}",0.08510842836270678,0.33475529100529094,0.022918715310019655,0.06808044919850945,0.17943355808112635,0.263796256454389,0.07974050981242545,0.0807565411934344,0.19373763014727743,0.03669743853354314,0.04775361163203733,0.059765225403562196,0.113045717578013,0.20329460271252978,0.1927840824055239,0.1307778705220259,0.08891719776497665,30,0.6279761904761905,0.7744047619047619,0.5047619047619047,0.7482142857142857,0.7613095238095238,0.7360119047619048,0.6107142857142858,0.6842261904761905,0.6241071428571429,0.6505952380952381,0.6654761904761904,0.6988095238095238,0.612797619047619,0.738095238095238,0.605654761904762,0.6695436507936507,0.07205509508976489,30,0.07692307692307693,0.12,0.0,0.05555555555555555,0.04081632653061224,0.0967741935483871,0.01818181818181818,0.038834951456310676,0.041666666666666664,0.038461538461538464,0.027777777777777776,0.04225352112676056,0.03333333333333333,0.047619047619047616,0.034482758620689655,0.04751203772010497,0.02915788526193729,26,0.16666666666666666,0.5,0.0,0.5,0.3333333333333333,0.5,0.16666666666666666,0.6666666666666666,0.5,0.3333333333333333,0.16666666666666666,0.5,0.3333333333333333,0.16666666666666666,0.16666666666666666,0.3333333333333333,0.18257418583505539,1,0.10526315789473684,0.1935483870967742,0.0,0.1,0.07272727272727272,0.16216216216216217,0.03278688524590164,0.07339449541284404,0.07692307692307693,0.06896551724137931,0.047619047619047616,0.07792207792207792,0.06060606060606061,0.07407407407407407,0.05714285714285714,0.080209004804551,0.04584378840385839,24,RF Class Weight | 26 Features,500.0,2.0,2.0,,4,balanced
3.5327879428863525,0.34372093537369247,0.7180758953094483,0.14869380861368767,,,,,,"{'n_estimators': 500, 'min_samples_split': 5, 'min_samples_leaf': 2, 'max_features': None, 'max_depth': None, 'class_weight': {0: 1, 1: 10}}",0.0633023022728905,0.2066345840539389,0.046942712459953836,0.3926624214360063,0.2243790698518075,0.2327256077256077,0.044409294409294406,0.22060571758447278,0.18723487733388722,0.03490585630593608,0.11445022345623461,0.092771571247181,0.09441560618031207,0.239726251412936,0.08774783787506434,0.15219426224036822,0.09758950471296184,28,0.5413690476190476,0.7220238095238094,0.5523809523809523,0.7988095238095239,0.7857142857142857,0.7023809523809523,0.5386904761904763,0.7913690476190476,0.55625,0.6172619047619048,0.619047619047619,0.7508928571428573,0.7142857142857143,0.769047619047619,0.6595238095238096,0.6746031746031745,0.0939905057308902,28,0.09090909090909091,0.2727272727272727,0.1111111111111111,0.4,0.2,0.125,0.0,0.125,0.09090909090909091,0.0,0.14285714285714285,0.1,0.1,0.2,0.2,0.14390091390091392,0.09808188343215044,20,0.16666666666666666,0.5,0.16666666666666666,0.3333333333333333,0.16666666666666666,0.16666666666666666,0.0,0.16666666666666666,0.16666666666666666,0.0,0.16666666666666666,0.16666666666666666,0.16666666666666666,0.3333333333333333,0.16666666666666666,0.18888888888888886,0.11967032904743341,11,0.11764705882352941,0.35294117647058826,0.13333333333333333,0.36363636363636365,0.18181818181818182,0.14285714285714285,0.0,0.14285714285714285,0.11764705882352941,0.0,0.15384615384615385,0.125,0.125,0.25,0.18181818181818182,0.1592267862856098,0.09876282825878333,17,RF Class Weight | 26 Features,500.0,5.0,2.0,,,"{0: 1, 1: 10}"
3.0925353368123374,0.10489363143302119,0.6448729197184245,0.026428458519911817,,,,,,"{'n_estimators': 500, 'min_samples_split': 10, 'min_samples_leaf': 1, 'max_features': 'log2', 'max_depth': 6, 'class_weight': {0: 1, 1: 5}}",0.19106647670122312,0.27760278304870334,0.12439941472271962,0.33568021336341103,0.2987242186906957,0.28284013573666233,0.20874400711202737,0.14040959040959042,0.18859131033970872,0.12218587247400055,0.20481155389360547,0.48869134010643445,0.20461228624824437,0.3914453703119191,0.5087652813451794,0.2645713236336083,0.1181752383989621,1,0.5059523809523809,0.7666666666666667,0.6607142857142857,0.8273809523809523,0.7952380952380953,0.7583333333333334,0.6672619047619048,0.8636904761904762,0.5720238095238095,0.6190476190476191,0.7119047619047618,0.7910714285714285,0.6714285714285715,0.775,0.8791666666666667,0.7243253968253967,0.10367921472812895,5,1.0,0.0,0.0,0.0,1.0,0.0,1.0,0.0,0.0,0.0,1.0,1.0,0.5,0.0,0.0,0.36666666666666664,0.4642796092394707,7,0.16666666666666666,0.0,0.0,0.0,0.16666666666666666,0.0,0.16666666666666666,0.0,0.0,0.0,0.16666666666666666,0.16666666666666666,0.16666666666666666,0.0,0.0,0.06666666666666667,0.0816496580927726,22,0.2857142857142857,0.0,0.0,0.0,0.2857142857142857,0.0,0.2857142857142857,0.0,0.0,0.0,0.2857142857142857,0.2857142857142857,0.25,0.0,0.0,0.1119047619047619,0.13731305576472586,21,RF Class Weight | 26 Features,500.0,10.0,1.0,log2,6,"{0: 1, 1: 5}"
3.304901615778605,0.115817315981773,0.6350695292154948,0.05456853335683739,,,,,,"{'n_estimators': 500, 'min_samples_split': 10, 'min_samples_leaf': 1, 'max_features': None, 'max_depth': 4, 'class_weight': {0: 1, 1: 10}}",0.08824914495872116,0.1778928170594837,0.0667202578258012,0.32534147869674185,0.34957941102278395,0.21854689909671735,0.09843603603862844,0.08507295528592292,0.19678544678460222,0.2596116481424857,0.12448253080240097,0.19641476346450099,0.09738872758482858,0.35623996365787697,0.2291251221829257,0.19132581350696143,0.09543992271259215,15,0.6574404761904762,0.8273809523809524,0.6241071428571429,0.8598214285714286,0.8410714285714286,0.8002976190476191,0.6851190476190476,0.8449404761904762,0.6639880952380952,0.7110119047619048,0.7494047619047618,0.793154761904762,0.7330357142857142,0.7726190476190476,0.830952380952381,0.759623015873016,0.0745011809129225,1,0.125,0.2727272727272727,0.25,0.4,0.18181818181818182,0.3333333333333333,0.16666666666666666,0.0,0.1,0.2222222222222222,0.16666666666666666,0.2857142857142857,0.1111111111111111,0.2857142857142857,0.08333333333333333,0.19895382395382394,0.10341775084142195,15,0.16666666666666666,0.5,0.16666666666666666,0.3333333333333333,0.3333333333333333,0.5,0.16666666666666666,0.0,0.16666666666666666,0.3333333333333333,0.16666666666666666,0.3333333333333333,0.16666666666666666,0.3333333333333333,0.16666666666666666,0.25555555555555554,0.13425606637327303,2,0.14285714285714285,0.35294117647058826,0.2,0.36363636363636365,0.23529411764705882,0.4,0.16666666666666666,0.0,0.125,0.26666666666666666,0.16666666666666666,0.3076923076923077,0.13333333333333333,0.3076923076923077,0.1111111111111111,0.21863719069601423,0.10872021664893822,1,RF Class Weight | 26 Features,500.0,10.0,1.0,,4,"{0: 1, 1: 10}"
4.427296829223633,0.16289675326728248,0.8244034767150878,0.03807008924343245,,,,,,"{'n_estimators': 700, 'min_samples_split': 5, 'min_samples_leaf': 2, 'max_features': 'log2', 'max_depth': 12, 'class_weight': {0: 1, 1: 10}}",0.19163216026501273,0.27870159120159116,0.08917382979761526,0.3407485462279983,0.234433566836184,0.10833004983887462,0.22224189033508954,0.25943256090314915,0.18939954864162756,0.05021528034830765,0.20251190381317777,0.38377283937347684,0.19764127493180453,0.23068228810489422,0.2457241603369855,0.2149760993970526,0.08484202796026848,4,0.5327380952380951,0.7767857142857143,0.631547619047619,0.8190476190476191,0.7821428571428571,0.7267857142857143,0.6166666666666667,0.8410714285714285,0.5886904761904762,0.6041666666666666,0.6821428571428572,0.7505952380952381,0.6452380952380953,0.7404761904761905,0.7660714285714286,0.7002777777777779,0.08962708989549026,24,0.3333333333333333,0.3333333333333333,0.0,1.0,0.3333333333333333,0.0,1.0,0.3333333333333333,1.0,0.0,0.3333333333333333,0.5,0.2,1.0,0.5,0.45777777777777773,0.3607536692488979,3,0.16666666666666666,0.16666666666666666,0.0,0.16666666666666666,0.16666666666666666,0.0,0.16666666666666666,0.16666666666666666,0.16666666666666666,0.0,0.16666666666666666,0.3333333333333333,0.16666666666666666,0.16666666666666666,0.16666666666666666,0.14444444444444443,0.08314794192830981,16,0.2222222222222222,0.2222222222222222,0.0,0.2857142857142857,0.2222222222222222,0.0,0.2857142857142857,0.2222222222222222,0.2857142857142857,0.0,0.2222222222222222,0.4,0.18181818181818182,0.2857142857142857,0.25,0.2057190957190957,0.1137824967732278,6,RF Class Weight | 26 Features,700.0,5.0,2.0,log2,12,"{0: 1, 1: 10}"
1.3070064703623454,0.04891538857104159,0.3066044966379801,0.021304566051318835,,,,,,"{'n_estimators': 200, 'min_samples_split': 5, 'min_samples_leaf': 6, 'max_features': 'log2', 'max_depth': 8, 'class_weight': {0: 1, 1: 2}}",0.19612659014832928,0.16864446469709626,0.11223618994677406,0.3251828569586934,0.2280001582910457,0.11076843954418325,0.2001516281396605,0.12498384136315172,0.19003624521502283,0.060988893156161184,0.09155283654166206,0.20150366866384015,0.08784977733325124,0.12838299613845328,0.2975283237853744,0.1682624606615133,0.07395535469347742,22,0.6142857142857143,0.8017857142857143,0.6154761904761905,0.805952380952381,0.7595238095238095,0.7535714285714286,0.6630952380952382,0.8773809523809524,0.5988095238095238,0.6369047619047619,0.7017857142857142,0.7035714285714286,0.6601190476190476,0.7208333333333333,0.7648809523809523,0.7118650793650795,0.07902540406272145,12,0.0,0.0,0.0,0.0,0.0,0.0,0.0,0.0,0.0,0.0,0.0,0.0,0.0,0.0,0.0,0.0,0.0,27,0.0,0.0,0.0,0.0,0.0,0.0,0.0,0.0,0.0,0.0,0.0,0.0,0.0,0.0,0.0,0.0,0.0,27,0.0,0.0,0.0,0.0,0.0,0.0,0.0,0.0,0.0,0.0,0.0,0.0,0.0,0.0,0.0,0.0,0.0,27,RF Class Weight | 26 Features,200.0,5.0,6.0,log2,8,"{0: 1, 1: 2}"
4.201987902323405,0.35927688272028974,0.8035356998443604,0.03661732427343838,,,,,,"{'n_estimators': 700, 'min_samples_split': 2, 'min_samples_leaf': 4, 'max_features': 'log2', 'max_depth': 6, 'class_weight': {0: 1, 1: 2}}",0.1926919189214579,0.1754116424714367,0.1153440802634351,0.3271776145446358,0.21717849583891805,0.10854281329413656,0.19758949165816203,0.13410982292561238,0.1896112961894559,0.05874492480916387,0.12082233579239567,0.19866653199210257,0.20210639874041336,0.13353694417264622,0.2480274536545533,0.1746374510179017,0.06346491902088156,20,0.5505952380952381,0.7642857142857143,0.6410714285714286,0.8178571428571428,0.7511904761904763,0.7541666666666667,0.6351190476190476,0.8702380952380953,0.593452380952381,0.5767857142857142,0.6946428571428571,0.7208333333333333,0.6464285714285715,0.7357142857142858,0.7702380952380953,0.7015079365079366,0.0889209125988082,23,0.0,0.0,0.0,0.0,0.0,0.0,0.0,0.0,0.0,0.0,0.0,0.0,0.0,0.0,0.0,0.0,0.0,27,0.0,0.0,0.0,0.0,0.0,0.0,0.0,0.0,0.0,0.0,0.0,0.0,0.0,0.0,0.0,0.0,0.0,27,0.0,0.0,0.0,0.0,0.0,0.0,0.0,0.0,0.0,0.0,0.0,0.0,0.0,0.0,0.0,0.0,0.0,27,RF Class Weight | 26 Features,700.0,2.0,4.0,log2,6,"{0: 1, 1: 2}"
4.122897402445475,0.31298904675624634,0.8045412540435791,0.043717841506539505,,,,,,"{'n_estimators': 700, 'min_samples_split': 5, 'min_samples_leaf': 4, 'max_features': 'log2', 'max_depth': 4, 'class_weight': {0: 1, 1: 2}}",0.19462557395636826,0.2643243858889698,0.08207272984222531,0.32288170290087154,0.2169776068818476,0.0940849550530923,0.19797748931995526,0.11352022733601681,0.1893866229764939,0.06316974858475441,0.12092907907718431,0.19735218814510222,0.09388523012305237,0.1277513054261387,0.29240177490988606,0.17142270802813056,0.07747047070631186,21,0.5976190476190476,0.7839285714285714,0.7000000000000001,0.8148809523809524,0.7523809523809524,0.7410714285714286,0.6589285714285714,0.8565476190476191,0.588095238095238,0.6369047619047619,0.699404761904762,0.7261904761904762,0.6642857142857143,0.7357142857142858,0.7904761904761904,0.7164285714285714,0.07537754557172338,9,0.0,0.0,0.0,0.0,0.0,0.0,0.0,0.0,0.0,0.0,0.0,0.0,0.0,0.0,0.0,0.0,0.0,27,0.0,0.0,0.0,0.0,0.0,0.0,0.0,0.0,0.0,0.0,0.0,0.0,0.0,0.0,0.0,0.0,0.0,27,0.0,0.0,0.0,0.0,0.0,0.0,0.0,0.0,0.0,0.0,0.0,0.0,0.0,0.0,0.0,0.0,0.0,27,RF Class Weight | 26 Features,700.0,5.0,4.0,log2,4,"{0: 1, 1: 2}"
3.1913585980733234,0.3183212962927699,0.6399821281433106,0.05883538682336147,,,,,,"{'n_estimators': 500, 'min_samples_split': 2, 'min_samples_leaf': 1, 'max_features': 0.5, 'max_depth': None, 'class_weight': 'balanced'}",0.19044998788259915,0.3279093468036845,0.03268033815260202,0.24629098971204233,0.2218245896986161,0.2468263354292766,0.19121016569207103,0.21752168381062503,0.19086483015256647,0.11338981271892663,0.2023076923076923,0.3711056304806305,0.20378479818778325,0.21090007303242597,0.1266585875867313,0.20624832410988483,0.07807591670626071,7,0.5958333333333333,0.749702380952381,0.5107142857142857,0.799404761904762,0.7919642857142857,0.7163690476190476,0.5654761904761905,0.8172619047619047,0.6235119047619048,0.6836309523809524,0.5720238095238095,0.7267857142857143,0.6788690476190476,0.7229166666666667,0.7401785714285714,0.6863095238095238,0.09040358406663823,27,0.25,0.4,0.0,1.0,0.2,0.3333333333333333,0.5,0.5,0.5,0.0,0.1111111111111111,0.4,0.16666666666666666,0.5,0.2,0.33740740740740743,0.24577471924514008,8,0.16666666666666666,0.3333333333333333,0.0,0.16666666666666666,0.16666666666666666,0.16666666666666666,0.16666666666666666,0.16666666666666666,0.16666666666666666,0.0,0.16666666666666666,0.3333333333333333,0.16666666666666666,0.16666666666666666,0.16666666666666666,0.16666666666666663,0.08606629658238704,14,0.2,0.36363636363636365,0.0,0.2857142857142857,0.18181818181818182,0.2222222222222222,0.25,0.25,0.25,0.0,0.13333333333333333,0.36363636363636365,0.16666666666666666,0.25,0.18181818181818182,0.20658970658970657,0.10229364073767931,5,RF Class Weight | 26 Features,500.0,2.0,1.0,0.5,,balanced
2.613681189219157,0.2615015980329506,0.48126737276713055,0.12032427341496309,,,,,,"{'n_estimators': 300, 'min_samples_split': 5, 'min_samples_leaf': 2, 'max_features': 0.5, 'max_depth': 4, 'class_weight': 'balanced_subsample'}",0.09410705221056775,0.286885407265842,0.02706887702238954,0.22377131823458032,0.0953456465789395,0.11993180381338275,0.10999589467236023,0.22073221234789175,0.19178727182971572,0.03815593404811861,0.08102909221498678,0.28575364077492044,0.19821187584345476,0.20159723924936906,0.1294140970135807,0.1535858242080067,0.07982036061284781,27,0.7160714285714286,0.7767857142857143,0.5630952380952381,0.7714285714285715,0.7544642857142857,0.7214285714285714,0.6300595238095238,0.7946428571428571,0.6136904761904762,0.6529761904761905,0.6261904761904762,0.7327380952380952,0.6354166666666667,0.7041666666666667,0.7833333333333333,0.6984325396825397,0.070498195656548,25,0.16666666666666666,0.2857142857142857,0.0,0.09090909090909091,0.09090909090909091,0.2,0.25,0.1111111111111111,0.16666666666666666,0.0,0.07692307692307693,0.2222222222222222,0.041666666666666664,1.0,0.07692307692307693,0.18531413031413033,0.23329467153864222,17,0.16666666666666666,0.3333333333333333,0.0,0.16666666666666666,0.16666666666666666,0.16666666666666666,0.16666666666666666,0.16666666666666666,0.16666666666666666,0.0,0.16666666666666666,0.3333333333333333,0.16666666666666666,0.16666666666666666,0.16666666666666666,0.16666666666666663,0.08606629658238704,14,0.16666666666666666,0.3076923076923077,0.0,0.11764705882352941,0.11764705882352941,0.18181818181818182,0.2,0.13333333333333333,0.16666666666666666,0.0,0.10526315789473684,0.26666666666666666,0.06666666666666667,0.2857142857142857,0.10526315789473684,0.14806968057742054,0.08915410647783197,18,RF Class Weight | 26 Features,300.0,5.0,2.0,0.5,4,balanced_subsample
1.2191439628601075,0.08367531470819829,0.30638510386149087,0.032148299469595104,,,,,,"{'n_estimators': 200, 'min_samples_split': 5, 'min_samples_leaf': 6, 'max_features': 'sqrt', 'max_depth': 12, 'class_weight': {0: 1, 1: 20}}",0.19415875481264477,0.16562428799270904,0.08456382535839088,0.34074617295040294,0.22740528601377658,0.14734352135420764,0.19653809850727658,0.17874810374810376,0.1888546228063115,0.059954780132102044,0.20114526169582705,0.24315070206711073,0.19912502418285205,0.2073588607782448,0.12105582909154339,0.1837182087661003,0.06441998398049346,17,0.5982142857142857,0.7904761904761904,0.6619047619047619,0.8223214285714285,0.7559523809523809,0.7541666666666667,0.6333333333333333,0.8886904761904761,0.5779761904761904,0.674404761904762,0.6791666666666667,0.75,0.6544642857142857,0.7148809523809524,0.7684523809523809,0.7149603174603174,0.08293601902339373,10,0.14285714285714285,0.2,0.16666666666666666,0.3333333333333333,0.14285714285714285,0.16666666666666666,0.2,0.1,0.1111111111111111,0.14285714285714285,0.047619047619047616,0.3333333333333333,0.06666666666666667,0.25,0.14285714285714285,0.1697883597883598,0.08105422925326591,19,0.16666666666666666,0.3333333333333333,0.16666666666666666,0.3333333333333333,0.3333333333333333,0.16666666666666666,0.16666666666666666,0.16666666666666666,0.16666666666666666,0.16666666666666666,0.16666666666666666,0.3333333333333333,0.16666666666666666,0.16666666666666666,0.16666666666666666,0.21111111111111108,0.07370277311900887,6,0.15384615384615385,0.25,0.16666666666666666,0.3333333333333333,0.2,0.16666666666666666,0.18181818181818182,0.125,0.13333333333333333,0.15384615384615385,0.07407407407407407,0.3333333333333333,0.09523809523809523,0.2,0.15384615384615385,0.18140014306680977,0.07243912783370353,13,RF Class Weight | 26 Features,200.0,5.0,6.0,sqrt,12,"{0: 1, 1: 20}"
1.872485589981079,0.1891608602495518,0.4149945735931396,0.03567982876268443,,,,,,"{'n_estimators': 300, 'min_samples_split': 2, 'min_samples_leaf': 1, 'max_features': 'sqrt', 'max_depth': 8, 'class_weight': 'balanced'}",0.1898856144953574,0.326740082442071,0.051982276997382976,0.24872591594289709,0.26164087969643524,0.19321315132162045,0.19820912286691453,0.22745095122409256,0.18791702544043162,0.09908588790762429,0.19940236178819087,0.381501362487278,0.20235169333652459,0.218904911945908,0.12079900491049331,0.2071873495202148,0.07924007561873561,6,0.5601190476190475,0.7529761904761905,0.6050595238095239,0.8107142857142857,0.7961309523809524,0.744047619047619,0.6369047619047619,0.819047619047619,0.5547619047619048,0.6526785714285714,0.6714285714285715,0.7794642857142857,0.6449404761904762,0.7553571428571428,0.8499999999999999,0.7089087301587301,0.09339843166936368,15,0.3333333333333333,0.2857142857142857,0.0,0.3333333333333333,0.2,0.4,1.0,0.16666666666666666,0.3333333333333333,0.0,0.16666666666666666,0.18181818181818182,0.125,0.3333333333333333,0.1111111111111111,0.2646873496873497,0.2297491802010096,12,0.16666666666666666,0.3333333333333333,0.0,0.16666666666666666,0.16666666666666666,0.3333333333333333,0.16666666666666666,0.16666666666666666,0.16666666666666666,0.0,0.16666666666666666,0.3333333333333333,0.16666666666666666,0.16666666666666666,0.16666666666666666,0.17777777777777776,0.0955813918560292,12,0.2222222222222222,0.3076923076923077,0.0,0.2222222222222222,0.18181818181818182,0.36363636363636365,0.2857142857142857,0.16666666666666666,0.2222222222222222,0.0,0.16666666666666666,0.23529411764705882,0.14285714285714285,0.2222222222222222,0.13333333333333333,0.19150453032805972,0.09595914791392787,9,RF Class Weight | 26 Features,300.0,2.0,1.0,sqrt,8,balanced
5.645448668797811,0.39327145678325126,0.8428056716918946,0.04638667535428542,,,,,,"{'n_estimators': 700, 'min_samples_split': 5, 'min_samples_leaf': 2, 'max_features': 'log2', 'max_depth': 12, 'class_weight': 'balanced_subsample'}",0.19327236294367856,0.2507367368137575,0.08049788603859336,0.29201475591908016,0.2296638416356726,0.09783580165045683,0.1954436374447842,0.16314639658186883,0.18899262193528168,0.04974743583028467,0.19620249635797915,0.2931635418569158,0.19618640046049834,0.21641912739473715,0.2273597404594406,0.19137885222153533,0.06800590630518714,14,0.5839285714285715,0.7523809523809524,0.6005952380952382,0.8238095238095239,0.7553571428571428,0.7380952380952381,0.6196428571428572,0.8416666666666667,0.5785714285714286,0.6333333333333334,0.6494047619047619,0.7119047619047619,0.6351190476190476,0.7357142857142858,0.7928571428571428,0.6968253968253968,0.08497689502643994,26,1.0,0.0,0.0,0.0,1.0,0.0,1.0,0.0,0.0,0.0,1.0,0.0,0.5,0.0,0.0,0.3,0.4396968652757639,9,0.16666666666666666,0.0,0.0,0.0,0.16666666666666666,0.0,0.16666666666666666,0.0,0.0,0.0,0.16666666666666666,0.0,0.16666666666666666,0.0,0.0,0.05555555555555555,0.07856742013183861,24,0.2857142857142857,0.0,0.0,0.0,0.2857142857142857,0.0,0.2857142857142857,0.0,0.0,0.0,0.2857142857142857,0.0,0.25,0.0,0.0,0.09285714285714285,0.1315785893299819,23,RF Class Weight | 26 Features,700.0,5.0,2.0,log2,12,balanced_subsample
4.57659813563029,0.39472854135754015,0.8484952449798584,0.10245176995406204,,,,,,"{'n_estimators': 700, 'min_samples_split': 10, 'min_samples_leaf': 4, 'max_features': None, 'max_depth': 4, 'class_weight': {0: 1, 1: 10}}",0.0886872075788045,0.2561072492552135,0.06200966027533239,0.24880538805339905,0.23146988732515048,0.15712447283528116,0.10202966574082512,0.11856370016237187,0.10818511683850505,0.06042468459759394,0.08363410285370569,0.1511084671022559,0.12554989674426567,0.2285844336175889,0.20562991882010287,0.1485275901200264,0.06659012808243857,29,0.6705357142857143,0.8035714285714286,0.6717261904761904,0.80625,0.8056547619047619,0.7648809523809524,0.6648809523809525,0.8101190476190475,0.6288690476190476,0.7339285714285715,0.7113095238095238,0.7357142857142857,0.738095238095238,0.7166666666666667,0.7342261904761904,0.7330952380952381,0.05567817392298652,3,0.125,0.25,0.16666666666666666,0.16666666666666666,0.07142857142857142,0.2222222222222222,0.14285714285714285,0.14285714285714285,0.1,0.1111111111111111,0.06666666666666667,0.2,0.09090909090909091,0.09090909090909091,0.07142857142857142,0.13458152958152958,0.05520863898417021,21,0.16666666666666666,0.5,0.16666666666666666,0.16666666666666666,0.16666666666666666,0.3333333333333333,0.16666666666666666,0.16666666666666666,0.16666666666666666,0.16666666666666666,0.16666666666666666,0.3333333333333333,0.16666666666666666,0.16666666666666666,0.16666666666666666,0.21111111111111108,0.0955813918560292,6,0.14285714285714285,0.3333333333333333,0.16666666666666666,0.16666666666666666,0.1,0.26666666666666666,0.15384615384615385,0.15384615384615385,0.125,0.13333333333333333,0.09523809523809523,0.25,0.11764705882352941,0.11764705882352941,0.1,0.16151655534008477,0.06676525437566315,15,RF Class Weight | 26 Features,700.0,10.0,4.0,,4,"{0: 1, 1: 10}"
1.9716148217519125,0.15290427540880955,0.3977184454600016,0.023111582360673937,,,,,,"{'n_estimators': 300, 'min_samples_split': 15, 'min_samples_leaf': 2, 'max_features': 0.5, 'max_depth': 12, 'class_weight': {0: 1, 1: 20}}",0.11109883912811583,0.30088580509141255,0.043817390771749044,0.28638794156035535,0.23648376564384074,0.14329050843105864,0.13336706704897,0.22578304048892284,0.19404118858266609,0.05689797512653734,0.20473599148164556,0.27311097326341227,0.2055393574887168,0.14665848628830153,0.11979911343988714,0.17879316292237277,0.07660833990191467,19,0.5857142857142856,0.8136904761904762,0.5657738095238096,0.8130952380952381,0.7901785714285714,0.763095238095238,0.6080357142857143,0.8428571428571429,0.6514880952380953,0.6821428571428572,0.6845238095238095,0.7473214285714286,0.7092261904761905,0.7601190476190476,0.6827380952380953,0.7133333333333333,0.08336848748307371,11,0.1111111111111111,0.25,0.1111111111111111,0.3333333333333333,0.09090909090909091,0.13333333333333333,0.125,0.08333333333333333,0.07142857142857142,0.09090909090909091,0.045454545454545456,0.17647058823529413,0.07142857142857142,0.1111111111111111,0.07692307692307693,0.12545712457477162,0.07337627682124302,22,0.16666666666666666,0.5,0.16666666666666666,0.3333333333333333,0.3333333333333333,0.3333333333333333,0.16666666666666666,0.16666666666666666,0.16666666666666666,0.16666666666666666,0.16666666666666666,0.5,0.16666666666666666,0.16666666666666666,0.16666666666666666,0.24444444444444438,0.11967032904743344,4,0.13333333333333333,0.3333333333333333,0.13333333333333333,0.3333333333333333,0.14285714285714285,0.19047619047619047,0.14285714285714285,0.1111111111111111,0.1,0.11764705882352941,0.07142857142857142,0.2608695652173913,0.1,0.13333333333333333,0.10526315789473684,0.16061177382216554,0.08005529156574025,16,RF Class Weight | 26 Features,300.0,15.0,2.0,0.5,12,"{0: 1, 1: 20}"
1.8982959906260173,0.13176652963602592,0.4047286033630371,0.02993217424022508,,,,,,"{'n_estimators': 300, 'min_samples_split': 5, 'min_samples_leaf': 4, 'max_features': 'sqrt', 'max_depth': 6, 'class_weight': {0: 1, 1: 20}}",0.1943405647193383,0.2827615840611737,0.08327235786352327,0.33385191197691194,0.23180736900494966,0.12652334875995547,0.19833391742350162,0.18019419306184012,0.1892682269220999,0.05162024230193908,0.1969825351233267,0.3763160210811874,0.20320284951592926,0.20883737283021703,0.133354888451052,0.19937782553979636,0.08285772875472866,11,0.555952380952381,0.780952380952381,0.6339285714285714,0.8154761904761905,0.7648809523809523,0.7470238095238095,0.6339285714285714,0.875595238095238,0.5851190476190476,0.6410714285714285,0.6583333333333332,0.7351190476190477,0.6627976190476191,0.7315476190476191,0.7434523809523809,0.7043452380952381,0.08573094249530787,18,0.14285714285714285,0.25,0.3333333333333333,0.5,0.09090909090909091,0.25,0.2,0.125,0.2,0.125,0.05263157894736842,0.2222222222222222,0.09090909090909091,0.2,0.14285714285714285,0.1950479734690261,0.10838311156812368,16,0.16666666666666666,0.3333333333333333,0.16666666666666666,0.3333333333333333,0.16666666666666666,0.16666666666666666,0.16666666666666666,0.16666666666666666,0.16666666666666666,0.16666666666666666,0.16666666666666666,0.3333333333333333,0.16666666666666666,0.16666666666666666,0.16666666666666666,0.19999999999999998,0.06666666666666667,8,0.15384615384615385,0.2857142857142857,0.2222222222222222,0.4,0.11764705882352941,0.2,0.18181818181818182,0.14285714285714285,0.18181818181818182,0.14285714285714285,0.08,0.26666666666666666,0.11764705882352941,0.18181818181818182,0.15384615384615385,0.1885838954074248,0.0774928019762367,10,RF Class Weight | 26 Features,300.0,5.0,4.0,sqrt,6,"{0: 1, 1: 20}"
2.686215813954671,0.16867783402076283,0.4518349488576253,0.09048603767548474,,,,,,"{'n_estimators': 300, 'min_samples_split': 2, 'min_samples_leaf': 1, 'max_features': 0.5, 'max_depth': 12, 'class_weight': 'balanced_subsample'}",0.18819601451180398,0.3865497247850189,0.023797630940488083,0.22248795022296947,0.21961924689729112,0.2437411801380807,0.18806008806008806,0.23540226233258776,0.1918635037279105,0.08435314685314685,0.19408524879552252,0.3305665805665806,0.1965869379662483,0.24776506900851686,0.1549775160837749,0.2072034733926686,0.08336747643748851,5,0.5770833333333333,0.7520833333333334,0.45148809523809524,0.7363095238095239,0.7422619047619048,0.7592261904761904,0.4827380952380952,0.868452380952381,0.625595238095238,0.6074404761904761,0.6267857142857143,0.7119047619047618,0.5785714285714285,0.7461309523809525,0.8193452380952381,0.6723611111111111,0.11576801341566298,29,1.0,0.0,0.0,0.0,1.0,0.0,0.0,0.0,0.0,0.0,1.0,0.0,1.0,0.0,0.0,0.26666666666666666,0.44221663871405337,11,0.16666666666666666,0.0,0.0,0.0,0.16666666666666666,0.0,0.0,0.0,0.0,0.0,0.16666666666666666,0.0,0.16666666666666666,0.0,0.0,0.04444444444444444,0.07370277311900889,25,0.2857142857142857,0.0,0.0,0.0,0.2857142857142857,0.0,0.0,0.0,0.0,0.0,0.2857142857142857,0.0,0.2857142857142857,0.0,0.0,0.07619047619047618,0.1263476110611581,25,RF Class Weight | 26 Features,300.0,2.0,1.0,0.5,12,balanced_subsample
4.586235268910726,0.41039873524133974,0.891855255762736,0.1045969680333243,,,,,,"{'n_estimators': 700, 'min_samples_split': 15, 'min_samples_leaf': 6, 'max_features': 0.5, 'max_depth': None, 'class_weight': {0: 1, 1: 10}}",0.10678373480133568,0.2895299145299145,0.08314073447793016,0.2797272887479073,0.22618752675434328,0.1313908831755347,0.21204002963977056,0.1599300358788025,0.10937101175965108,0.06638972058329501,0.06437187525373357,0.20920641603585585,0.21270513728835613,0.13615742272589407,0.1255747584323516,0.16083376600564506,0.0707919666314469,25,0.5773809523809523,0.819047619047619,0.6255952380952381,0.8074404761904761,0.7791666666666667,0.7910714285714285,0.6261904761904762,0.8708333333333332,0.638095238095238,0.6904761904761905,0.6738095238095237,0.7642857142857142,0.7494047619047619,0.7244047619047619,0.6958333333333334,0.7222023809523808,0.08160131762289684,6,0.125,0.3333333333333333,0.2,0.2857142857142857,0.06666666666666667,0.16666666666666666,0.14285714285714285,0.1111111111111111,0.2,0.14285714285714285,0.05555555555555555,0.3333333333333333,0.1,0.25,0.2,0.18087301587301588,0.08552769716558081,18,0.16666666666666666,0.3333333333333333,0.16666666666666666,0.3333333333333333,0.16666666666666666,0.16666666666666666,0.16666666666666666,0.16666666666666666,0.16666666666666666,0.16666666666666666,0.16666666666666666,0.3333333333333333,0.16666666666666666,0.16666666666666666,0.16666666666666666,0.19999999999999998,0.06666666666666667,8,0.14285714285714285,0.3333333333333333,0.18181818181818182,0.3076923076923077,0.09523809523809523,0.16666666666666666,0.15384615384615385,0.13333333333333333,0.18181818181818182,0.15384615384615385,0.08333333333333333,0.3333333333333333,0.125,0.2,0.18181818181818182,0.18492895992895994,0.07660733864086422,11,RF Class Weight | 26 Features,700.0,15.0,6.0,0.5,,"{0: 1, 1: 10}"
4.477805916468302,0.39494558377063455,0.8531442483266195,0.0979216321517188,,,,,,"{'n_estimators': 700, 'min_samples_split': 10, 'min_samples_leaf': 6, 'max_features': 0.5, 'max_depth': 12, 'class_weight': {0: 1, 1: 5}}",0.10725159080032426,0.29023423281267186,0.08391978391978393,0.26891806189751394,0.22688516415342336,0.10921612177209192,0.21068118813299352,0.1648945190611857,0.11096576787183077,0.06650048406741363,0.09111323364121872,0.21536250986715383,0.13045686010337929,0.13767425285690127,0.2256583796962571,0.16264881004360954,0.06907666545614437,23,0.5880952380952381,0.8178571428571428,0.6148809523809524,0.7886904761904762,0.7821428571428571,0.7803571428571429,0.6101190476190476,0.8660714285714285,0.6556547619047619,0.6875,0.6654761904761904,0.7449404761904761,0.7357142857142857,0.7464285714285714,0.7315476190476191,0.7210317460317461,0.07895691172433923,7,0.2,1.0,0.3333333333333333,1.0,0.3333333333333333,0.0,0.3333333333333333,0.0,0.3333333333333333,0.0,0.16666666666666666,0.5,0.14285714285714285,0.5,1.0,0.3895238095238095,0.3422180993361215,6,0.16666666666666666,0.16666666666666666,0.16666666666666666,0.16666666666666666,0.16666666666666666,0.0,0.16666666666666666,0.0,0.16666666666666666,0.0,0.16666666666666666,0.16666666666666666,0.16666666666666666,0.16666666666666666,0.16666666666666666,0.13333333333333336,0.06666666666666667,19,0.18181818181818182,0.2857142857142857,0.2222222222222222,0.2857142857142857,0.2222222222222222,0.0,0.2222222222222222,0.0,0.2222222222222222,0.0,0.16666666666666666,0.25,0.15384615384615385,0.25,0.2857142857142857,0.18322418322418324,0.09945403349600593,12,RF Class Weight | 26 Features,700.0,10.0,6.0,0.5,12,"{0: 1, 1: 5}"
1.2676706631978354,0.0921964071883294,0.3209555625915527,0.04045190307707986,,,,,,"{'n_estimators': 200, 'min_samples_split': 5, 'min_samples_leaf': 2, 'max_features': 'sqrt', 'max_depth': None, 'class_weight': {0: 1, 1: 20}}",0.196934109467492,0.3135179312504894,0.11356780299639692,0.30824389507026945,0.2492779408414083,0.14284249670297336,0.2041977610716893,0.2556262869465117,0.18982569792605344,0.049829998645881945,0.19761954779304636,0.29706978319783195,0.20128772225791688,0.21108476731032963,0.13758602820635005,0.20456745131230936,0.07149827579413079,8,0.5928571428571429,0.7875000000000001,0.6163690476190476,0.7958333333333334,0.7702380952380953,0.7107142857142856,0.6196428571428572,0.8672619047619047,0.5970238095238095,0.674404761904762,0.6101190476190477,0.76875,0.6422619047619048,0.7208333333333333,0.7505952380952382,0.7016269841269841,0.08372504780158489,21,0.25,0.2857142857142857,0.5,0.5,0.14285714285714285,0.25,0.5,0.16666666666666666,0.3333333333333333,0.0,0.16666666666666666,0.4,0.125,0.5,0.2,0.288015873015873,0.15599900349185247,10,0.16666666666666666,0.3333333333333333,0.16666666666666666,0.16666666666666666,0.16666666666666666,0.16666666666666666,0.16666666666666666,0.16666666666666666,0.16666666666666666,0.0,0.16666666666666666,0.3333333333333333,0.16666666666666666,0.16666666666666666,0.16666666666666666,0.17777777777777776,0.07370277311900889,12,0.2,0.3076923076923077,0.25,0.25,0.15384615384615385,0.2,0.25,0.16666666666666666,0.2222222222222222,0.0,0.16666666666666666,0.36363636363636365,0.14285714285714285,0.25,0.18181818181818182,0.20702704702704702,0.080031624300971,4,RF Class Weight | 26 Features,200.0,5.0,2.0,sqrt,,"{0: 1, 1: 20}"
